timestamp,t_rel_heat_on_s,heat,voltage_v,current_a,power_w,ir_a_c,ir_b_c,ir_max_c,ds_near_c,ds_far_c,surf_minus_far_c,surf_minus_near_c
2026-10-03 01:54:58,-2223.0,idle,,,,24.525,24.58,24.605,,,,
2026-10-03 01:54:59,-2222.0,idle,,,,24.524,24.55,24.566,,,,
2026-10-03 01:55:00,-2221.0,idle,,,,24.564,24.618,24.64,,,,
2026-10-03 01:55:01,-2220.0,idle,,,,24.534,24.56,24.584,,,,
2026-10-03 01:55:02,-2219.0,idle,,,,24.594,24.624,24.68,,24.812,-0.132,
2026-10-03 01:55:03,-2218.0,idle,,,,24.564,24.526,24.574,,24.812,-0.238,
2026-10-03 01:55:04,-2217.0,idle,,,,24.568,24.56,24.616,,24.875,-0.259,
2026-10-03 01:55:05,-2216.0,idle,,,,24.498,24.63,24.64,,24.875,-0.235,
2026-10-03 01:55:06,-2215.0,idle,,,,24.578,24.572,24.65,,24.812,-0.162,
2026-10-03 01:55:07,-2214.0,idle,,,,24.532,24.572,24.6,,24.812,-0.212,
2026-10-03 01:55:08,-2213.0,idle,,,,24.51,24.642,24.654,,24.812,-0.158,
2026-10-03 01:55:09,-2212.0,idle,,,,24.61,24.594,24.65,,24.875,-0.225,
2026-10-03 01:55:10,-2211.0,idle,,,,24.566,24.656,24.672,,24.875,-0.203,
2026-10-03 01:55:11,-2210.0,idle,,,,24.614,24.538,24.632,,24.812,-0.18,
2026-10-03 01:55:12,-2209.0,idle,,,,24.624,24.504,24.64,,24.812,-0.172,
2026-10-03 01:55:13,-2208.0,idle,,,,24.546,24.626,24.668,,24.875,-0.207,
2026-10-03 01:55:14,-2207.0,idle,,,,24.672,24.648,24.74,,24.875,-0.135,
2026-10-03 01:55:15,-2206.0,idle,,,,24.646,24.648,24.692,,24.875,-0.183,
2026-10-03 01:55:16,-2205.0,idle,,,,24.652,24.6,24.664,,24.875,-0.211,
2026-10-03 01:55:17,-2204.0,idle,,,,24.56,24.642,24.656,,24.875,-0.219,
2026-10-03 01:55:18,-2203.0,idle,,,,24.624,24.594,24.664,,24.875,-0.211,
2026-10-03 01:55:19,-2202.0,idle,,,,24.608,24.662,24.678,,24.875,-0.197,
2026-10-03 01:55:20,-2201.0,idle,,,,24.592,24.708,24.716,,24.875,-0.159,
2026-10-03 01:55:21,-2200.0,idle,,,,24.656,24.616,24.692,,24.875,-0.183,
2026-10-03 01:55:22,-2199.0,idle,,,,24.636,24.594,24.674,,24.875,-0.201,
2026-10-03 01:55:23,-2198.0,idle,,,,24.612,24.674,24.714,,24.875,-0.161,
2026-10-03 01:55:24,-2197.0,idle,,,,24.69,24.59,24.714,,24.875,-0.161,
2026-10-03 01:55:25,-2196.0,idle,,,,24.606,24.674,24.7,,24.875,-0.175,
2026-10-03 01:55:26,-2195.0,idle,,,,24.64,24.636,24.702,,24.875,-0.173,
2026-10-03 01:55:27,-2194.0,idle,,,,24.658,24.68,24.7,,24.875,-0.175,
2026-10-03 01:55:28,-2193.0,idle,,,,24.592,24.662,24.688,,24.875,-0.187,
2026-10-03 01:55:29,-2192.0,idle,,,,24.598,24.69,24.7,,24.875,-0.175,
2026-10-03 01:55:30,-2191.0,idle,,,,24.552,24.658,24.688,,24.875,-0.187,
2026-10-03 01:55:31,-2190.0,idle,,,,24.586,24.64,24.668,,24.875,-0.207,
2026-10-03 01:55:32,-2189.0,idle,,,,24.624,24.588,24.662,,24.875,-0.213,
2026-10-03 01:55:33,-2188.0,idle,,,,24.652,24.674,24.686,,24.875,-0.189,
2026-10-03 01:55:34,-2187.0,idle,,,,24.63,24.676,24.684,,24.875,-0.191,
2026-10-03 01:55:35,-2186.0,idle,,,,24.588,24.678,24.686,,24.875,-0.189,
2026-10-03 01:55:36,-2185.0,idle,,,,24.608,24.67,24.682,,24.875,-0.193,
2026-10-03 01:55:37,-2184.0,idle,,,,24.634,24.606,24.684,,24.875,-0.191,
2026-10-03 01:55:38,-2183.0,idle,,,,24.594,24.668,24.69,,24.875,-0.185,
2026-10-03 01:55:39,-2182.0,idle,,,,24.658,24.716,24.73,,24.875,-0.145,
2026-10-03 01:55:40,-2181.0,idle,,,,24.584,24.63,24.67,,24.875,-0.205,
2026-10-03 01:55:41,-2180.0,idle,,,,24.572,24.592,24.604,,24.875,-0.271,
2026-10-03 01:55:42,-2179.0,idle,,,,24.608,24.658,24.692,,24.875,-0.183,
2026-10-03 01:55:43,-2178.0,idle,,,,24.654,24.632,24.682,,24.875,-0.193,
2026-10-03 01:55:44,-2177.0,idle,,,,24.628,24.546,24.648,,24.875,-0.227,
2026-10-03 01:55:45,-2176.0,idle,,,,24.616,24.61,24.632,,24.875,-0.243,
2026-10-03 01:55:46,-2175.0,idle,,,,24.594,24.624,24.678,,24.875,-0.197,
2026-10-03 01:55:47,-2174.0,idle,,,,24.57,24.604,24.618,,24.875,-0.257,
2026-10-03 01:55:48,-2173.0,idle,,,,24.656,24.586,24.678,,24.875,-0.197,
2026-10-03 01:55:49,-2172.0,idle,,,,24.61,24.65,24.658,,24.875,-0.217,
2026-10-03 01:55:50,-2171.0,idle,,,,24.64,24.616,24.658,,24.875,-0.217,
2026-10-03 01:55:51,-2170.0,idle,,,,24.59,24.608,24.658,,24.875,-0.217,
2026-10-03 01:55:52,-2169.0,idle,,,,24.612,24.642,24.66,,24.875,-0.215,
2026-10-03 01:55:53,-2168.0,idle,,,,24.606,24.684,24.704,,24.875,-0.171,
2026-10-03 01:55:54,-2167.0,idle,,,,24.598,24.612,24.646,,24.875,-0.229,
2026-10-03 01:55:55,-2166.0,idle,,,,24.64,24.542,24.666,,24.875,-0.209,
2026-10-03 01:55:56,-2165.0,idle,,,,24.568,24.698,24.71,,24.875,-0.165,
2026-10-03 01:55:57,-2164.0,idle,,,,24.596,24.618,24.674,,24.875,-0.201,
2026-10-03 01:55:58,-2163.0,idle,,,,24.554,24.65,24.684,,24.875,-0.191,
2026-10-03 01:55:59,-2162.0,idle,,,,24.644,24.626,24.668,,24.875,-0.207,
2026-10-03 01:56:00,-2161.0,idle,,,,24.672,24.738,24.748,,24.875,-0.127,
2026-10-03 01:56:01,-2160.0,idle,,,,24.712,24.704,24.746,,24.875,-0.129,
2026-10-03 01:56:02,-2159.0,idle,,,,24.618,24.758,24.758,,24.875,-0.117,
2026-10-03 01:56:03,-2158.0,idle,,,,24.656,24.614,24.662,,24.875,-0.213,
2026-10-03 01:56:04,-2157.0,idle,,,,24.612,24.686,24.728,,24.875,-0.147,
2026-10-03 01:56:05,-2156.0,idle,,,,24.602,24.648,24.682,,24.875,-0.193,
2026-10-03 01:56:06,-2155.0,idle,,,,24.672,24.648,24.694,,24.875,-0.181,
2026-10-03 01:56:07,-2154.0,idle,,,,24.684,24.638,24.71,,24.875,-0.165,
2026-10-03 01:56:08,-2153.0,idle,,,,24.692,24.63,24.73,,24.875,-0.145,
2026-10-03 01:56:09,-2152.0,idle,,,,24.614,24.616,24.658,,24.875,-0.217,
2026-10-03 01:56:10,-2151.0,idle,,,,24.646,24.57,24.658,,24.875,-0.217,
2026-10-03 01:56:11,-2150.0,idle,,,,24.594,24.574,24.628,,24.875,-0.247,
2026-10-03 01:56:12,-2149.0,idle,,,,24.616,24.62,24.648,,24.875,-0.227,
2026-10-03 01:56:13,-2148.0,idle,,,,24.592,24.632,24.664,,24.875,-0.211,
2026-10-03 01:56:14,-2147.0,idle,,,,24.606,24.666,24.69,,24.875,-0.185,
2026-10-03 01:56:15,-2146.0,idle,,,,24.608,24.712,24.726,,24.875,-0.149,
2026-10-03 01:56:16,-2145.0,idle,,,,24.636,24.682,24.728,,24.875,-0.147,
2026-10-03 01:56:17,-2144.0,idle,,,,24.578,24.554,24.614,,24.875,-0.261,
2026-10-03 01:56:18,-2143.0,idle,,,,24.67,24.664,24.726,,24.875,-0.149,
2026-10-03 01:56:19,-2142.0,idle,,,,24.582,24.678,24.702,,24.875,-0.173,
2026-10-03 01:56:20,-2141.0,idle,,,,24.668,24.692,24.722,,24.875,-0.153,
2026-10-03 01:56:21,-2140.0,idle,,,,24.702,24.66,24.732,,24.875,-0.143,
2026-10-03 01:56:22,-2139.0,idle,,,,24.632,24.672,24.714,,24.875,-0.161,
2026-10-03 01:56:23,-2138.0,idle,,,,24.67,24.662,24.698,,24.875,-0.177,
2026-10-03 01:56:24,-2137.0,idle,,,,24.616,24.686,24.71,,24.875,-0.165,
2026-10-03 01:56:25,-2136.0,idle,,,,24.65,24.69,24.718,,24.875,-0.157,
2026-10-03 01:56:26,-2135.0,idle,,,,24.78,24.722,24.798,,24.875,-0.077,
2026-10-03 01:56:27,-2134.0,idle,,,,24.79,24.766,24.844,,24.875,-0.031,
2026-10-03 01:56:28,-2133.0,idle,,,,24.76,24.752,24.81,,24.875,-0.065,
2026-10-03 01:56:29,-2132.0,idle,,,,24.768,24.866,24.916,,24.875,0.041,
2026-10-03 01:56:30,-2131.0,idle,,,,24.762,24.944,24.954,,24.875,0.079,
2026-10-03 01:56:31,-2130.0,idle,,,,24.778,24.84,24.858,,24.875,-0.017,
2026-10-03 01:56:32,-2129.0,idle,,,,24.878,24.938,24.958,,24.875,0.083,
2026-10-03 01:56:33,-2128.0,idle,,,,24.874,24.954,24.976,,24.875,0.101,
2026-10-03 01:56:34,-2127.0,idle,,,,24.848,25.0,25.026,,24.875,0.151,
2026-10-03 01:56:35,-2126.0,idle,,,,24.902,25.076,25.09,,24.875,0.215,
2026-10-03 01:56:36,-2125.0,idle,,,,24.936,25.096,25.13,,24.875,0.255,
2026-10-03 01:56:37,-2124.0,idle,,,,24.902,25.028,25.048,,24.937,0.111,
2026-10-03 01:56:38,-2123.0,idle,,,,24.986,25.122,25.134,,24.937,0.197,
2026-10-03 01:56:39,-2122.0,idle,,,,25.056,25.174,25.208,,24.937,0.271,
2026-10-03 01:56:40,-2121.0,idle,,,,24.984,25.13,25.174,,24.937,0.237,
2026-10-03 01:56:41,-2120.0,idle,,,,24.984,25.062,25.068,,24.937,0.131,
2026-10-03 01:56:42,-2119.0,idle,,,,25.066,25.124,25.138,,24.937,0.201,
2026-10-03 01:56:43,-2118.0,idle,,,,25.052,25.13,25.15,,24.937,0.213,
2026-10-03 01:56:44,-2117.0,idle,,,,25.008,25.18,25.18,,24.937,0.243,
2026-10-03 01:56:45,-2116.0,idle,,,,25.064,25.24,25.242,,24.937,0.305,
2026-10-03 01:56:46,-2115.0,idle,,,,25.074,25.134,25.184,,24.937,0.247,
2026-10-03 01:56:47,-2114.0,idle,,,,25.11,25.242,25.256,,24.937,0.319,
2026-10-03 01:56:48,-2113.0,idle,,,,25.038,25.224,25.224,,24.937,0.287,
2026-10-03 01:56:49,-2112.0,idle,,,,25.118,25.156,25.178,,24.937,0.241,
2026-10-03 01:56:50,-2111.0,idle,,,,25.126,25.244,25.254,,24.937,0.317,
2026-10-03 01:56:51,-2110.0,idle,,,,25.132,25.248,25.254,,24.937,0.317,
2026-10-03 01:56:52,-2109.0,idle,,,,25.106,25.202,25.232,,24.937,0.295,
2026-10-03 01:56:53,-2108.0,idle,,,,25.198,25.28,25.31,,24.937,0.373,
2026-10-03 01:56:54,-2107.0,idle,,,,25.148,25.304,25.308,,24.937,0.371,
2026-10-03 01:56:55,-2106.0,idle,,,,25.16,25.316,25.324,,24.937,0.387,
2026-10-03 01:56:56,-2105.0,idle,,,,24.996,25.3,25.3,,24.937,0.363,
2026-10-03 01:56:57,-2104.0,idle,,,,25.036,25.328,25.328,,24.937,0.391,
2026-10-03 01:56:58,-2103.0,idle,,,,25.046,25.32,25.32,,24.937,0.383,
2026-10-03 01:56:59,-2102.0,idle,,,,24.954,25.198,25.198,,24.937,0.261,
2026-10-03 01:57:00,-2101.0,idle,,,,24.964,25.17,25.17,,24.937,0.233,
2026-10-03 01:57:01,-2100.0,idle,,,,24.902,25.146,25.152,,24.937,0.215,
2026-10-03 01:57:02,-2099.0,idle,,,,25.006,25.168,25.184,,24.937,0.247,
2026-10-03 01:57:03,-2098.0,idle,,,,24.972,25.168,25.176,,24.937,0.239,
2026-10-03 01:57:04,-2097.0,idle,,,,24.962,25.176,25.176,,24.937,0.239,
2026-10-03 01:57:05,-2096.0,idle,,,,24.944,25.124,25.156,,24.937,0.219,
2026-10-03 01:57:06,-2095.0,idle,,,,24.94,25.018,25.042,,24.937,0.105,
2026-10-03 01:57:07,-2094.0,idle,,,,24.94,25.038,25.038,,24.937,0.101,
2026-10-03 01:57:08,-2093.0,idle,,,,24.88,25.034,25.034,,24.937,0.097,
2026-10-03 01:57:09,-2092.0,idle,,,,24.872,25.028,25.038,,24.937,0.101,
2026-10-03 01:57:10,-2091.0,idle,,,,24.862,25.014,25.032,,24.937,0.095,
2026-10-03 01:57:11,-2090.0,idle,,,,24.864,24.976,24.982,,24.937,0.045,
2026-10-03 01:57:12,-2089.0,idle,,,,24.882,24.91,24.946,,24.937,0.009,
2026-10-03 01:57:13,-2088.0,idle,,,,24.774,24.972,24.972,,25.0,-0.028,
2026-10-03 01:57:14,-2087.0,idle,,,,24.862,24.942,24.942,,25.0,-0.058,
2026-10-03 01:57:15,-2086.0,idle,,,,24.832,24.896,24.92,,24.937,-0.017,
2026-10-03 01:57:16,-2085.0,idle,,,,24.742,24.944,24.956,,24.937,0.019,
2026-10-03 01:57:17,-2084.0,idle,,,,24.868,24.89,24.912,,24.937,-0.025,
2026-10-03 01:57:18,-2083.0,idle,,,,24.768,24.812,24.862,,24.937,-0.075,
2026-10-03 01:57:19,-2082.0,idle,,,,24.836,24.93,24.964,,24.937,0.027,
2026-10-03 01:57:20,-2081.0,idle,,,,24.784,24.854,24.886,,24.937,-0.051,
2026-10-03 01:57:21,-2080.0,idle,,,,24.8,24.842,24.872,,24.937,-0.065,
2026-10-03 01:57:22,-2079.0,idle,,,,24.798,24.856,24.888,,24.937,-0.049,
2026-10-03 01:57:23,-2078.0,idle,,,,24.808,24.846,24.922,,24.937,-0.015,
2026-10-03 01:57:24,-2077.0,idle,,,,24.772,24.814,24.844,,24.937,-0.093,
2026-10-03 01:57:25,-2076.0,idle,,,,24.736,24.808,24.83,,24.937,-0.107,
2026-10-03 01:57:26,-2075.0,idle,,,,24.814,24.842,24.896,,24.937,-0.041,
2026-10-03 01:57:27,-2074.0,idle,,,,24.746,24.922,24.922,,24.937,-0.015,
2026-10-03 01:57:28,-2073.0,idle,,,,24.798,24.81,24.836,,24.937,-0.101,
2026-10-03 01:57:29,-2072.0,idle,,,,24.72,24.806,24.846,,24.937,-0.091,
2026-10-03 01:57:30,-2071.0,idle,,,,24.818,24.88,24.896,,24.937,-0.041,
2026-10-03 01:57:31,-2070.0,idle,,,,24.698,24.874,24.88,,24.937,-0.057,
2026-10-03 01:57:32,-2069.0,idle,,,,24.756,24.816,24.836,,24.937,-0.101,
2026-10-03 01:57:33,-2068.0,idle,,,,24.84,24.794,24.874,,24.937,-0.063,
2026-10-03 01:57:34,-2067.0,idle,,,,24.806,24.758,24.852,,24.937,-0.085,
2026-10-03 01:57:35,-2066.0,idle,,,,24.76,24.892,24.902,,24.937,-0.035,
2026-10-03 01:57:36,-2065.0,idle,,,,24.708,24.744,24.766,,24.937,-0.171,
2026-10-03 01:57:37,-2064.0,idle,,,,24.732,24.734,24.77,,24.937,-0.167,
2026-10-03 01:57:38,-2063.0,idle,,,,24.718,24.84,24.844,,24.937,-0.093,
2026-10-03 01:57:39,-2062.0,idle,,,,24.744,24.824,24.852,,24.937,-0.085,
2026-10-03 01:57:40,-2061.0,idle,,,,24.802,24.784,24.866,,25.0,-0.134,
2026-10-03 01:57:41,-2060.0,idle,,,,24.814,24.84,24.862,,25.0,-0.138,
2026-10-03 01:57:42,-2059.0,idle,,,,24.834,24.946,24.966,,24.937,0.029,
2026-10-03 01:57:43,-2058.0,idle,,,,24.938,24.972,24.994,,24.937,0.057,
2026-10-03 01:57:44,-2057.0,idle,,,,24.87,25.024,25.024,,25.0,0.024,
2026-10-03 01:57:45,-2056.0,idle,,,,25.024,25.3,25.304,,25.0,0.304,
2026-10-03 01:57:46,-2055.0,idle,,,,25.102,25.624,25.624,,25.0,0.624,
2026-10-03 01:57:47,-2054.0,idle,,,,25.336,26.074,26.074,,25.0,1.074,
2026-10-03 01:57:48,-2053.0,idle,,,,25.984,26.57,26.57,,25.0,1.57,
2026-10-03 01:57:49,-2052.0,idle,,,,25.462,26.296,26.296,,25.0,1.296,
2026-10-03 01:57:50,-2051.0,idle,,,,25.708,26.354,26.432,,25.0,1.432,
2026-10-03 01:57:51,-2050.0,idle,,,,26.464,26.084,26.464,,25.0,1.464,
2026-10-03 01:57:52,-2049.0,idle,,,,27.948,26.244,27.948,,25.0,2.948,
2026-10-03 01:57:53,-2048.0,idle,,,,28.69,26.252,28.69,,25.0,3.69,
2026-10-03 01:57:54,-2047.0,idle,,,,29.292,26.626,29.292,,25.0,4.292,
2026-10-03 01:57:55,-2046.0,idle,,,,29.272,27.214,29.272,,25.0,4.272,
2026-10-03 01:57:56,-2045.0,idle,,,,29.196,27.328,29.196,,25.0,4.196,
2026-10-03 01:57:57,-2044.0,idle,,,,29.084,27.568,29.084,,25.0,4.084,
2026-10-03 01:57:58,-2043.0,idle,,,,28.744,27.646,28.744,,25.0,3.744,
2026-10-03 01:57:59,-2042.0,idle,,,,28.67,27.688,28.67,,25.0,3.67,
2026-10-03 01:58:00,-2041.0,idle,,,,28.684,28.028,28.684,,25.0,3.684,
2026-10-03 01:58:01,-2040.0,idle,,,,29.466,28.776,29.466,,25.0,4.466,
2026-10-03 01:58:02,-2039.0,idle,,,,28.956,28.15,28.956,,25.0,3.956,
2026-10-03 01:58:03,-2038.0,idle,,,,28.566,28.342,28.566,,25.0,3.566,
2026-10-03 01:58:04,-2037.0,idle,,,,29.286,28.686,29.286,,25.0,4.286,
2026-10-03 01:58:05,-2036.0,idle,,,,30.122,29.188,30.122,,25.062,5.06,
2026-10-03 01:58:06,-2035.0,idle,,,,30.71,29.716,30.71,,25.062,5.648,
2026-10-03 01:58:07,-2034.0,idle,,,,30.95,29.994,30.95,,25.0,5.95,
2026-10-03 01:58:08,-2033.0,idle,,,,31.048,30.03,31.048,,25.0,6.048,
2026-10-03 01:58:09,-2032.0,idle,,,,31.042,29.958,31.042,,25.062,5.98,
2026-10-03 01:58:10,-2031.0,idle,,,,31.044,29.94,31.044,,25.062,5.982,
2026-10-03 01:58:11,-2030.0,idle,,,,30.896,29.692,30.896,,25.062,5.834,
2026-10-03 01:58:12,-2029.0,idle,,,,31.004,29.85,31.004,,25.062,5.942,
2026-10-03 01:58:13,-2028.0,idle,,,,30.894,29.72,30.894,,25.062,5.832,
2026-10-03 01:58:14,-2027.0,idle,,,,30.796,29.642,30.796,,25.062,5.734,
2026-10-03 01:58:15,-2026.0,idle,,,,30.772,29.822,30.772,,25.062,5.71,
2026-10-03 01:58:16,-2025.0,idle,,,,30.854,29.968,30.854,,25.062,5.792,
2026-10-03 01:58:17,-2024.0,idle,,,,30.812,29.788,30.812,,25.062,5.75,
2026-10-03 01:58:18,-2023.0,idle,,,,30.792,29.758,30.792,,25.062,5.73,
2026-10-03 01:58:19,-2022.0,idle,,,,30.962,29.948,30.962,,25.062,5.9,
2026-10-03 01:58:20,-2021.0,idle,,,,31.154,29.954,31.154,,25.062,6.092,
2026-10-03 01:58:21,-2020.0,idle,,,,31.136,30.09,31.136,,25.062,6.074,
2026-10-03 01:58:22,-2019.0,idle,,,,31.102,29.978,31.102,,25.062,6.04,
2026-10-03 01:58:23,-2018.0,idle,,,,31.18,29.834,31.18,,25.062,6.118,
2026-10-03 01:58:24,-2017.0,idle,,,,30.984,29.494,30.984,,25.062,5.922,
2026-10-03 01:58:25,-2016.0,idle,,,,30.684,28.518,30.684,,25.062,5.622,
2026-10-03 01:58:26,-2015.0,idle,,,,29.636,27.64,29.636,,25.062,4.574,
2026-10-03 01:58:27,-2014.0,idle,,,,29.728,27.838,29.728,,25.062,4.666,
2026-10-03 01:58:28,-2013.0,idle,,,,29.936,28.192,29.936,,25.062,4.874,
2026-10-03 01:58:29,-2012.0,idle,,,,29.714,28.24,29.714,,25.062,4.652,
2026-10-03 01:58:30,-2011.0,idle,,,,28.28,27.974,28.382,,25.062,3.32,
2026-10-03 01:58:31,-2010.0,idle,,,,26.636,27.32,27.32,,25.062,2.258,
2026-10-03 01:58:32,-2009.0,idle,,,,26.524,26.988,26.988,,25.062,1.926,
2026-10-03 01:58:33,-2008.0,idle,,,,26.896,27.06,27.152,,25.062,2.09,
2026-10-03 01:58:34,-2007.0,idle,,,,28.228,27.148,28.228,,25.062,3.166,
2026-10-03 01:58:35,-2006.0,idle,,,,28.054,27.036,28.054,,25.062,2.992,
2026-10-03 01:58:36,-2005.0,idle,,,,28.052,27.186,28.052,,25.062,2.99,
2026-10-03 01:58:37,-2004.0,idle,,,,27.814,26.866,27.814,,25.062,2.752,
2026-10-03 01:58:38,-2003.0,idle,,,,27.49,26.56,27.49,,25.062,2.428,
2026-10-03 01:58:39,-2002.0,idle,,,,27.856,26.888,27.856,,25.062,2.794,
2026-10-03 01:58:40,-2001.0,idle,,,,28.404,27.59,28.404,,25.062,3.342,
2026-10-03 01:58:41,-2000.0,idle,,,,28.314,27.466,28.314,,25.062,3.252,
2026-10-03 01:58:42,-1999.0,idle,,,,27.676,27.06,27.676,,25.062,2.614,
2026-10-03 01:58:43,-1998.0,idle,,,,27.992,27.49,28.084,,25.062,3.022,
2026-10-03 01:58:44,-1997.0,idle,,,,28.122,27.046,28.122,,25.062,3.06,
2026-10-03 01:58:45,-1996.0,idle,,,,26.004,26.312,26.312,,25.062,1.25,
2026-10-03 01:58:46,-1995.0,idle,,,,25.884,26.26,26.26,,25.062,1.198,
2026-10-03 01:58:47,-1994.0,idle,,,,25.934,26.08,26.082,,25.062,1.02,
2026-10-03 01:58:48,-1993.0,idle,,,,25.842,25.986,25.996,,25.062,0.934,
2026-10-03 01:58:49,-1992.0,idle,,,,26.182,25.922,26.192,,25.062,1.13,
2026-10-03 01:58:50,-1991.0,idle,,,,26.458,25.85,26.458,,25.062,1.396,
2026-10-03 01:58:51,-1990.0,idle,,,,26.31,25.806,26.31,,25.062,1.248,
2026-10-03 01:58:52,-1989.0,idle,,,,26.258,25.874,26.258,,25.062,1.196,
2026-10-03 01:58:53,-1988.0,idle,,,,26.31,25.868,26.31,,25.062,1.248,
2026-10-03 01:58:54,-1987.0,idle,,,,26.188,25.728,26.188,,25.062,1.126,
2026-10-03 01:58:55,-1986.0,idle,,,,26.124,25.664,26.124,,25.062,1.062,
2026-10-03 01:58:56,-1985.0,idle,,,,26.19,25.832,26.19,,25.062,1.128,
2026-10-03 01:58:57,-1984.0,idle,,,,26.122,26.03,26.138,,25.062,1.076,
2026-10-03 01:58:58,-1983.0,idle,,,,26.14,25.996,26.158,,25.062,1.096,
2026-10-03 01:58:59,-1982.0,idle,,,,26.108,26.118,26.154,,25.062,1.092,
2026-10-03 01:59:00,-1981.0,idle,,,,26.182,26.054,26.182,,25.062,1.12,
2026-10-03 01:59:01,-1980.0,idle,,,,26.182,25.984,26.182,,25.062,1.12,
2026-10-03 01:59:02,-1979.0,idle,,,,26.104,25.91,26.118,,25.062,1.056,
2026-10-03 01:59:03,-1978.0,idle,,,,26.182,25.952,26.182,,25.125,1.057,
2026-10-03 01:59:04,-1977.0,idle,,,,26.056,25.808,26.058,,25.125,0.933,
2026-10-03 01:59:05,-1976.0,idle,,,,25.986,25.786,25.986,,25.125,0.861,
2026-10-03 01:59:06,-1975.0,idle,,,,25.894,25.772,25.894,,25.125,0.769,
2026-10-03 01:59:07,-1974.0,idle,,,,25.908,25.674,25.908,,25.125,0.783,
2026-10-03 01:59:08,-1973.0,idle,,,,25.892,25.646,25.892,,25.125,0.767,
2026-10-03 01:59:09,-1972.0,idle,,,,25.788,25.736,25.848,,25.125,0.723,
2026-10-03 01:59:10,-1971.0,idle,,,,25.822,25.63,25.824,,25.125,0.699,
2026-10-03 01:59:11,-1970.0,idle,,,,25.786,25.666,25.804,,25.125,0.679,
2026-10-03 01:59:12,-1969.0,idle,,,,25.708,25.622,25.726,,25.125,0.601,
2026-10-03 01:59:13,-1968.0,idle,,,,25.668,25.742,25.752,,25.125,0.627,
2026-10-03 01:59:14,-1967.0,idle,,,,25.648,25.728,25.758,,25.125,0.633,
2026-10-03 01:59:15,-1966.0,idle,,,,25.688,25.814,25.834,,25.125,0.709,
2026-10-03 01:59:16,-1965.0,idle,,,,25.576,25.792,25.792,,25.125,0.667,
2026-10-03 01:59:17,-1964.0,idle,,,,25.63,25.768,25.788,,25.125,0.663,
2026-10-03 01:59:18,-1963.0,idle,,,,25.718,25.744,25.762,,25.125,0.637,
2026-10-03 01:59:19,-1962.0,idle,,,,25.506,25.76,25.76,,25.125,0.635,
2026-10-03 01:59:20,-1961.0,idle,,,,25.582,25.61,25.646,,25.125,0.521,
2026-10-03 01:59:21,-1960.0,idle,,,,25.744,25.614,25.792,,25.125,0.667,
2026-10-03 01:59:22,-1959.0,idle,,,,25.584,25.558,25.61,,25.125,0.485,
2026-10-03 01:59:23,-1958.0,idle,,,,25.45,25.53,25.55,,25.125,0.425,
2026-10-03 01:59:24,-1957.0,idle,,,,25.528,25.568,25.612,,25.125,0.487,
2026-10-03 01:59:25,-1956.0,idle,,,,25.54,25.458,25.556,,25.125,0.431,
2026-10-03 01:59:26,-1955.0,idle,,,,25.462,25.492,25.54,,25.125,0.415,
2026-10-03 01:59:27,-1954.0,idle,,,,25.496,25.468,25.528,,25.125,0.403,
2026-10-03 01:59:28,-1953.0,idle,,,,25.494,25.616,25.628,,25.187,0.441,
2026-10-03 01:59:29,-1952.0,idle,,,,26.462,26.556,26.616,,25.187,1.429,
2026-10-03 01:59:30,-1951.0,idle,,,,27.462,27.346,27.468,,25.187,2.281,
2026-10-03 01:59:31,-1950.0,idle,,,,27.888,27.3,27.888,,25.187,2.701,
2026-10-03 01:59:32,-1949.0,idle,,,,28.008,27.054,28.008,,25.187,2.821,
2026-10-03 01:59:33,-1948.0,idle,,,,27.708,26.904,27.708,,25.187,2.521,
2026-10-03 01:59:34,-1947.0,idle,,,,27.108,26.682,27.158,,25.187,1.971,
2026-10-03 01:59:35,-1946.0,idle,,,,26.48,26.182,26.518,,25.187,1.331,
2026-10-03 01:59:36,-1945.0,idle,,,,25.772,25.852,25.91,,25.187,0.723,
2026-10-03 01:59:37,-1944.0,idle,,,,26.072,25.808,26.122,,25.187,0.935,
2026-10-03 01:59:38,-1943.0,idle,,,,27.652,26.014,27.652,,25.187,2.465,
2026-10-03 01:59:39,-1942.0,idle,,,,27.098,25.832,27.098,,25.187,1.911,
2026-10-03 01:59:40,-1941.0,idle,,,,25.882,25.592,25.882,,25.187,0.695,
2026-10-03 01:59:41,-1940.0,idle,,,,25.534,25.506,25.554,,25.187,0.367,
2026-10-03 01:59:42,-1939.0,idle,,,,25.496,25.49,25.526,,25.187,0.339,
2026-10-03 01:59:43,-1938.0,idle,,,,25.462,25.45,25.514,,25.187,0.327,
2026-10-03 01:59:44,-1937.0,idle,,,,25.5,25.314,25.5,,25.187,0.313,
2026-10-03 01:59:45,-1936.0,idle,,,,25.462,25.376,25.486,,25.187,0.299,
2026-10-03 01:59:46,-1935.0,idle,,,,25.416,25.386,25.478,,25.187,0.291,
2026-10-03 01:59:47,-1934.0,idle,,,,25.358,25.358,25.402,,25.187,0.215,
2026-10-03 01:59:48,-1933.0,idle,,,,26.15,25.61,26.15,,25.187,0.963,
2026-10-03 01:59:49,-1932.0,idle,,,,26.742,26.678,26.91,,25.187,1.723,
2026-10-03 01:59:50,-1931.0,idle,,,,25.35,25.312,25.39,,25.187,0.203,
2026-10-03 01:59:51,-1930.0,idle,,,,25.288,25.306,25.346,,25.187,0.159,
2026-10-03 01:59:52,-1929.0,idle,,,,25.216,25.236,25.264,,25.187,0.077,
2026-10-03 01:59:53,-1928.0,idle,,,,25.268,25.26,25.362,,25.187,0.175,
2026-10-03 01:59:54,-1927.0,idle,,,,25.17,25.128,25.184,,25.187,-0.003,
2026-10-03 01:59:55,-1926.0,idle,,,,25.154,25.114,25.188,,25.187,0.001,
2026-10-03 01:59:56,-1925.0,idle,,,,25.18,25.028,25.202,,25.187,0.015,
2026-10-03 01:59:57,-1924.0,idle,,,,25.104,25.12,25.142,,25.187,-0.045,
2026-10-03 01:59:58,-1923.0,idle,,,,25.008,25.01,25.058,,25.187,-0.129,
2026-10-03 01:59:59,-1922.0,idle,,,,25.088,25.092,25.162,,25.187,-0.025,
2026-10-03 02:00:00,-1921.0,idle,,,,25.006,25.07,25.076,,25.187,-0.111,
2026-10-03 02:00:01,-1920.0,idle,,,,25.128,24.994,25.128,,25.187,-0.059,
2026-10-03 02:00:02,-1919.0,idle,,,,24.932,24.942,24.984,,25.187,-0.203,
2026-10-03 02:00:03,-1918.0,idle,,,,25.012,24.966,25.048,,25.187,-0.139,
2026-10-03 02:00:04,-1917.0,idle,,,,25.006,24.924,25.044,,25.187,-0.143,
2026-10-03 02:00:05,-1916.0,idle,,,,24.982,24.92,25.05,,25.187,-0.137,
2026-10-03 02:00:06,-1915.0,idle,,,,24.976,24.846,24.976,,25.187,-0.211,
2026-10-03 02:00:07,-1914.0,idle,,,,24.928,24.854,24.936,,25.187,-0.251,
2026-10-03 02:00:08,-1913.0,idle,,,,24.974,24.856,24.992,,25.187,-0.195,
2026-10-03 02:00:09,-1912.0,idle,,,,25.084,24.894,25.088,,25.187,-0.099,
2026-10-03 02:00:10,-1911.0,idle,,,,24.94,24.842,24.966,,25.187,-0.221,
2026-10-03 02:00:11,-1910.0,idle,,,,24.97,24.858,24.976,,25.187,-0.211,
2026-10-03 02:00:12,-1909.0,idle,,,,24.986,24.834,25.012,,25.187,-0.175,
2026-10-03 02:00:13,-1908.0,idle,,,,24.898,24.86,24.938,,25.187,-0.249,
2026-10-03 02:00:14,-1907.0,idle,,,,25.064,24.896,25.07,,25.187,-0.117,
2026-10-03 02:00:15,-1906.0,idle,,,,24.904,24.912,24.972,,25.187,-0.215,
2026-10-03 02:00:16,-1905.0,idle,,,,24.89,24.872,24.938,,25.187,-0.249,
2026-10-03 02:00:17,-1904.0,idle,,,,24.92,24.846,24.926,,25.187,-0.261,
2026-10-03 02:00:18,-1903.0,idle,,,,24.89,24.834,24.914,,25.187,-0.273,
2026-10-03 02:00:19,-1902.0,idle,,,,24.916,24.818,24.916,,25.187,-0.271,
2026-10-03 02:00:20,-1901.0,idle,,,,24.962,24.872,25.028,,25.187,-0.159,
2026-10-03 02:00:21,-1900.0,idle,,,,24.838,24.756,24.866,,25.187,-0.321,
2026-10-03 02:00:22,-1899.0,idle,,,,24.936,24.82,24.982,,25.187,-0.205,
2026-10-03 02:00:23,-1898.0,idle,,,,24.902,24.794,24.928,,25.187,-0.259,
2026-10-03 02:00:24,-1897.0,idle,,,,24.864,24.826,24.888,,25.187,-0.299,
2026-10-03 02:00:25,-1896.0,idle,,,,24.892,24.772,24.894,,25.187,-0.293,
2026-10-03 02:00:26,-1895.0,idle,,,,24.88,24.792,24.886,,25.187,-0.301,
2026-10-03 02:00:27,-1894.0,idle,,,,24.834,24.738,24.866,,25.187,-0.321,
2026-10-03 02:00:28,-1893.0,idle,,,,24.894,24.802,24.894,,25.187,-0.293,
2026-10-03 02:00:29,-1892.0,idle,,,,24.856,24.81,24.898,,25.187,-0.289,
2026-10-03 02:00:30,-1891.0,idle,,,,24.874,24.768,24.874,,25.187,-0.313,
2026-10-03 02:00:31,-1890.0,idle,,,,24.85,24.836,24.882,,25.187,-0.305,
2026-10-03 02:00:32,-1889.0,idle,,,,24.856,24.738,24.91,,25.187,-0.277,
2026-10-03 02:00:33,-1888.0,idle,,,,24.802,24.81,24.892,,25.187,-0.295,
2026-10-03 02:00:34,-1887.0,idle,,,,24.752,24.774,24.858,,25.187,-0.329,
2026-10-03 02:00:35,-1886.0,idle,,,,24.77,24.774,24.82,,25.187,-0.367,
2026-10-03 02:00:36,-1885.0,idle,,,,24.82,24.774,24.85,,25.187,-0.337,
2026-10-03 02:00:37,-1884.0,idle,,,,24.884,24.81,24.888,,25.187,-0.299,
2026-10-03 02:00:38,-1883.0,idle,,,,24.786,24.758,24.814,,25.187,-0.373,
2026-10-03 02:00:39,-1882.0,idle,,,,24.83,24.802,24.918,,25.187,-0.269,
2026-10-03 02:00:40,-1881.0,idle,,,,24.786,24.862,24.888,,25.187,-0.299,
2026-10-03 02:00:41,-1880.0,idle,,,,24.872,24.752,24.898,,25.125,-0.227,
2026-10-03 02:00:42,-1879.0,idle,,,,24.886,24.756,24.908,,25.125,-0.217,
2026-10-03 02:00:43,-1878.0,idle,,,,24.848,24.77,24.878,,25.187,-0.309,
2026-10-03 02:00:44,-1877.0,idle,,,,24.756,24.836,24.87,,25.187,-0.317,
2026-10-03 02:00:45,-1876.0,idle,,,,24.842,24.792,24.908,,25.187,-0.279,
2026-10-03 02:00:46,-1875.0,idle,,,,24.872,24.866,24.918,,25.187,-0.269,
2026-10-03 02:00:47,-1874.0,idle,,,,24.812,24.76,24.844,,25.187,-0.343,
2026-10-03 02:00:48,-1873.0,idle,,,,24.828,24.8,24.858,,25.187,-0.329,
2026-10-03 02:00:49,-1872.0,idle,,,,24.836,24.808,24.896,,25.187,-0.291,
2026-10-03 02:00:50,-1871.0,idle,,,,24.818,24.762,24.854,,25.125,-0.271,
2026-10-03 02:00:51,-1870.0,idle,,,,24.846,24.828,24.868,,25.125,-0.257,
2026-10-03 02:00:52,-1869.0,idle,,,,24.842,24.784,24.856,,25.125,-0.269,
2026-10-03 02:00:53,-1868.0,idle,,,,24.886,24.77,24.904,,25.125,-0.221,
2026-10-03 02:00:54,-1867.0,idle,,,,24.826,24.8,24.88,,25.125,-0.245,
2026-10-03 02:00:55,-1866.0,idle,,,,24.828,24.788,24.886,,25.125,-0.239,
2026-10-03 02:00:56,-1865.0,idle,,,,24.792,24.78,24.844,,25.125,-0.281,
2026-10-03 02:00:57,-1864.0,idle,,,,24.904,24.81,24.926,,25.187,-0.261,
2026-10-03 02:00:58,-1863.0,idle,,,,24.976,24.714,24.976,,25.187,-0.211,
2026-10-03 02:00:59,-1862.0,idle,,,,24.842,24.75,24.852,,25.187,-0.335,
2026-10-03 02:01:00,-1861.0,idle,,,,24.964,24.774,24.964,,25.187,-0.223,
2026-10-03 02:01:01,-1860.0,idle,,,,24.878,24.768,24.898,,25.187,-0.289,
2026-10-03 02:01:02,-1859.0,idle,,,,24.86,24.776,24.91,,25.187,-0.277,
2026-10-03 02:01:03,-1858.0,idle,,,,24.808,24.81,24.854,,25.125,-0.271,
2026-10-03 02:01:04,-1857.0,idle,,,,24.786,24.812,24.876,,25.125,-0.249,
2026-10-03 02:01:05,-1856.0,idle,,,,24.868,24.776,24.868,,25.125,-0.257,
2026-10-03 02:01:06,-1855.0,idle,,,,24.834,24.788,24.866,,25.125,-0.259,
2026-10-03 02:01:07,-1854.0,idle,,,,24.838,24.766,24.87,,25.125,-0.255,
2026-10-03 02:01:08,-1853.0,idle,,,,24.772,24.802,24.838,,25.125,-0.287,
2026-10-03 02:01:09,-1852.0,idle,,,,24.782,24.806,24.85,,25.125,-0.275,
2026-10-03 02:01:10,-1851.0,idle,,,,24.796,24.782,24.862,,25.125,-0.263,
2026-10-03 02:01:11,-1850.0,idle,,,,24.832,24.718,24.842,,25.125,-0.283,
2026-10-03 02:01:12,-1849.0,idle,,,,24.85,24.824,24.884,,25.125,-0.241,
2026-10-03 02:01:13,-1848.0,idle,,,,24.832,24.764,24.88,,25.125,-0.245,
2026-10-03 02:01:14,-1847.0,idle,,,,24.924,24.78,24.928,,25.125,-0.197,
2026-10-03 02:01:15,-1846.0,idle,,,,24.886,24.79,24.902,,25.125,-0.223,
2026-10-03 02:01:16,-1845.0,idle,,,,24.81,24.81,24.862,,25.125,-0.263,
2026-10-03 02:01:17,-1844.0,idle,,,,24.806,24.786,24.88,,25.125,-0.245,
2026-10-03 02:01:18,-1843.0,idle,,,,24.82,24.834,24.878,,25.125,-0.247,
2026-10-03 02:01:19,-1842.0,idle,,,,24.768,24.806,24.826,,25.125,-0.299,
2026-10-03 02:01:20,-1841.0,idle,,,,24.894,24.804,24.906,,25.125,-0.219,
2026-10-03 02:01:21,-1840.0,idle,,,,24.844,24.802,24.902,,25.125,-0.223,
2026-10-03 02:01:22,-1839.0,idle,,,,24.88,24.782,24.918,,25.125,-0.207,
2026-10-03 02:01:23,-1838.0,idle,,,,24.822,24.76,24.864,,25.125,-0.261,
2026-10-03 02:01:24,-1837.0,idle,,,,24.906,24.768,24.91,,25.125,-0.215,
2026-10-03 02:01:25,-1836.0,idle,,,,24.888,24.78,24.898,,25.125,-0.227,
2026-10-03 02:01:26,-1835.0,idle,,,,24.84,24.778,24.86,,25.125,-0.265,
2026-10-03 02:01:27,-1834.0,idle,,,,24.782,24.706,24.808,,25.125,-0.317,
2026-10-03 02:01:28,-1833.0,idle,,,,24.822,24.764,24.844,,25.125,-0.281,
2026-10-03 02:01:29,-1832.0,idle,,,,24.89,24.758,24.916,,25.125,-0.209,
2026-10-03 02:01:30,-1831.0,idle,,,,24.89,24.766,24.914,,25.125,-0.211,
2026-10-03 02:01:31,-1830.0,idle,,,,24.902,24.716,24.902,,25.125,-0.223,
2026-10-03 02:01:32,-1829.0,idle,,,,24.826,24.758,24.838,,25.125,-0.287,
2026-10-03 02:01:33,-1828.0,idle,,,,24.806,24.73,24.812,,25.125,-0.313,
2026-10-03 02:01:34,-1827.0,idle,,,,24.82,24.736,24.836,,25.125,-0.289,
2026-10-03 02:01:35,-1826.0,idle,,,,24.904,24.718,24.908,,25.125,-0.217,
2026-10-03 02:01:36,-1825.0,idle,,,,24.818,24.672,24.834,,25.125,-0.291,
2026-10-03 02:01:37,-1824.0,idle,,,,24.878,24.752,24.888,,25.125,-0.237,
2026-10-03 02:01:38,-1823.0,idle,,,,24.81,24.792,24.868,,25.125,-0.257,
2026-10-03 02:01:39,-1822.0,idle,,,,24.81,24.764,24.848,,25.125,-0.277,
2026-10-03 02:01:40,-1821.0,idle,,,,24.764,24.77,24.812,,25.125,-0.313,
2026-10-03 02:01:41,-1820.0,idle,,,,24.786,24.78,24.832,,25.125,-0.293,
2026-10-03 02:01:42,-1819.0,idle,,,,24.79,24.762,24.854,,25.125,-0.271,
2026-10-03 02:01:43,-1818.0,idle,,,,24.8,24.718,24.812,,25.125,-0.313,
2026-10-03 02:01:44,-1817.0,idle,,,,24.854,24.754,24.864,,25.125,-0.261,
2026-10-03 02:01:45,-1816.0,idle,,,,24.838,24.706,24.838,,25.125,-0.287,
2026-10-03 02:01:46,-1815.0,idle,,,,24.866,24.78,24.886,,25.125,-0.239,
2026-10-03 02:01:47,-1814.0,idle,,,,24.82,24.796,24.852,,25.125,-0.273,
2026-10-03 02:01:48,-1813.0,idle,,,,24.836,24.734,24.852,,25.125,-0.273,
2026-10-03 02:01:49,-1812.0,idle,,,,24.926,24.776,24.926,,25.125,-0.199,
2026-10-03 02:01:50,-1811.0,idle,,,,24.782,24.718,24.81,,25.125,-0.315,
2026-10-03 02:01:51,-1810.0,idle,,,,24.758,24.73,24.812,,25.125,-0.313,
2026-10-03 02:01:52,-1809.0,idle,,,,24.752,24.774,24.804,,25.125,-0.321,
2026-10-03 02:01:53,-1808.0,idle,,,,24.802,24.714,24.814,,25.125,-0.311,
2026-10-03 02:01:54,-1807.0,idle,,,,24.772,24.774,24.836,,25.125,-0.289,
2026-10-03 02:01:55,-1806.0,idle,,,,24.842,24.776,24.854,,25.125,-0.271,
2026-10-03 02:01:56,-1805.0,idle,,,,24.834,24.71,24.872,,25.125,-0.253,
2026-10-03 02:01:57,-1804.0,idle,,,,24.836,24.782,24.878,,25.125,-0.247,
2026-10-03 02:01:58,-1803.0,idle,,,,24.794,24.786,24.836,,25.125,-0.289,
2026-10-03 02:01:59,-1802.0,idle,,,,24.822,24.828,24.874,,25.125,-0.251,
2026-10-03 02:02:00,-1801.0,idle,,,,24.874,24.764,24.902,,25.125,-0.223,
2026-10-03 02:02:01,-1800.0,idle,,,,24.814,24.714,24.856,,25.125,-0.269,
2026-10-03 02:02:02,-1799.0,idle,,,,24.83,24.724,24.864,,25.125,-0.261,
2026-10-03 02:02:03,-1798.0,idle,,,,24.86,24.746,24.874,,25.125,-0.251,
2026-10-03 02:02:04,-1797.0,idle,,,,24.854,24.734,24.88,,25.125,-0.245,
2026-10-03 02:02:05,-1796.0,idle,,,,24.902,24.716,24.91,,25.062,-0.152,
2026-10-03 02:02:06,-1795.0,idle,,,,24.814,24.722,24.824,,25.062,-0.238,
2026-10-03 02:02:07,-1794.0,idle,,,,24.814,24.82,24.87,,25.062,-0.192,
2026-10-03 02:02:08,-1793.0,idle,,,,24.912,24.732,24.918,,25.062,-0.144,
2026-10-03 02:02:09,-1792.0,idle,,,,24.884,24.722,24.884,,25.125,-0.241,
2026-10-03 02:02:10,-1791.0,idle,,,,24.838,24.674,24.864,,25.125,-0.261,
2026-10-03 02:02:11,-1790.0,idle,,,,24.818,24.774,24.852,,25.062,-0.21,
2026-10-03 02:02:12,-1789.0,idle,,,,24.846,24.692,24.846,,25.062,-0.216,
2026-10-03 02:02:13,-1788.0,idle,,,,24.87,24.7,24.87,,25.062,-0.192,
2026-10-03 02:02:14,-1787.0,idle,,,,24.846,24.762,24.854,,25.125,-0.271,
2026-10-03 02:02:15,-1786.0,idle,,,,24.866,24.7,24.866,,25.125,-0.259,
2026-10-03 02:02:16,-1785.0,idle,,,,24.818,24.838,24.876,,25.062,-0.186,
2026-10-03 02:02:17,-1784.0,idle,,,,24.788,24.75,24.812,,25.062,-0.25,
2026-10-03 02:02:18,-1783.0,idle,,,,24.8,24.712,24.8,,25.062,-0.262,
2026-10-03 02:02:19,-1782.0,idle,,,,24.802,24.786,24.83,,25.062,-0.232,
2026-10-03 02:02:20,-1781.0,idle,,,,24.774,24.802,24.842,,25.062,-0.22,
2026-10-03 02:02:21,-1780.0,idle,,,,24.826,24.806,24.868,,25.062,-0.194,
2026-10-03 02:02:22,-1779.0,idle,,,,24.76,24.716,24.774,,25.125,-0.351,
2026-10-03 02:02:23,-1778.0,idle,,,,24.77,24.76,24.802,,25.125,-0.323,
2026-10-03 02:02:24,-1777.0,idle,,,,24.782,24.84,24.864,,25.125,-0.261,
2026-10-03 02:02:25,-1776.0,idle,,,,24.768,24.804,24.83,,25.125,-0.295,
2026-10-03 02:02:26,-1775.0,idle,,,,24.822,24.716,24.83,,25.125,-0.295,
2026-10-03 02:02:27,-1774.0,idle,,,,24.742,24.744,24.77,,25.062,-0.292,
2026-10-03 02:02:28,-1773.0,idle,,,,24.768,24.762,24.822,,25.062,-0.24,
2026-10-03 02:02:29,-1772.0,idle,,,,24.772,24.802,24.844,,25.062,-0.218,
2026-10-03 02:02:30,-1771.0,idle,,,,24.856,24.742,24.862,,25.062,-0.2,
2026-10-03 02:02:31,-1770.0,idle,,,,24.896,24.81,24.93,,25.062,-0.132,
2026-10-03 02:02:32,-1769.0,idle,,,,24.754,24.752,24.856,,25.062,-0.206,
2026-10-03 02:02:33,-1768.0,idle,,,,24.828,24.748,24.864,,25.062,-0.198,
2026-10-03 02:02:34,-1767.0,idle,,,,24.77,24.744,24.782,,25.062,-0.28,
2026-10-03 02:02:35,-1766.0,idle,,,,24.796,24.742,24.834,,25.062,-0.228,
2026-10-03 02:02:36,-1765.0,idle,,,,24.794,24.734,24.798,,25.062,-0.264,
2026-10-03 02:02:37,-1764.0,idle,,,,24.766,24.672,24.778,,25.062,-0.284,
2026-10-03 02:02:38,-1763.0,idle,,,,24.72,24.772,24.794,,25.062,-0.268,
2026-10-03 02:02:39,-1762.0,idle,,,,24.79,24.67,24.79,,25.062,-0.272,
2026-10-03 02:02:40,-1761.0,idle,,,,24.79,24.75,24.818,,25.062,-0.244,
2026-10-03 02:02:41,-1760.0,idle,,,,24.764,24.744,24.836,,25.062,-0.226,
2026-10-03 02:02:42,-1759.0,idle,,,,24.82,24.716,24.848,,25.062,-0.214,
2026-10-03 02:02:43,-1758.0,idle,,,,24.786,24.664,24.796,,25.062,-0.266,
2026-10-03 02:02:44,-1757.0,idle,,,,24.704,24.768,24.81,,25.062,-0.252,
2026-10-03 02:02:45,-1756.0,idle,,,,24.812,24.726,24.85,,25.062,-0.212,
2026-10-03 02:02:46,-1755.0,idle,,,,24.77,24.668,24.77,,25.062,-0.292,
2026-10-03 02:02:47,-1754.0,idle,,,,24.78,24.754,24.836,,25.062,-0.226,
2026-10-03 02:02:48,-1753.0,idle,,,,24.786,24.75,24.818,,25.062,-0.244,
2026-10-03 02:02:49,-1752.0,idle,,,,24.808,24.746,24.838,,25.062,-0.224,
2026-10-03 02:02:50,-1751.0,idle,,,,24.83,24.68,24.852,,25.062,-0.21,
2026-10-03 02:02:51,-1750.0,idle,,,,24.75,24.838,24.878,,25.062,-0.184,
2026-10-03 02:02:52,-1749.0,idle,,,,24.904,24.714,24.912,,25.062,-0.15,
2026-10-03 02:02:53,-1748.0,idle,,,,24.82,24.73,24.854,,25.062,-0.208,
2026-10-03 02:02:54,-1747.0,idle,,,,24.83,24.702,24.856,,25.062,-0.206,
2026-10-03 02:02:55,-1746.0,idle,,,,24.794,24.658,24.812,,25.062,-0.25,
2026-10-03 02:02:56,-1745.0,idle,,,,24.86,24.722,24.884,,25.062,-0.178,
2026-10-03 02:02:57,-1744.0,idle,,,,24.8,24.696,24.812,,25.062,-0.25,
2026-10-03 02:02:58,-1743.0,idle,,,,24.77,24.68,24.788,,25.062,-0.274,
2026-10-03 02:02:59,-1742.0,idle,,,,24.82,24.768,24.842,,25.062,-0.22,
2026-10-03 02:03:00,-1741.0,idle,,,,24.806,24.744,24.868,,25.062,-0.194,
2026-10-03 02:03:01,-1740.0,idle,,,,24.784,24.678,24.808,,25.062,-0.254,
2026-10-03 02:03:02,-1739.0,idle,,,,24.77,24.67,24.794,,25.062,-0.268,
2026-10-03 02:03:03,-1738.0,idle,,,,24.828,24.812,24.87,,25.062,-0.192,
2026-10-03 02:03:04,-1737.0,idle,,,,24.766,24.742,24.834,,25.062,-0.228,
2026-10-03 02:03:05,-1736.0,idle,,,,24.722,24.768,24.792,,25.062,-0.27,
2026-10-03 02:03:06,-1735.0,idle,,,,24.762,24.722,24.812,,25.062,-0.25,
2026-10-03 02:03:07,-1734.0,idle,,,,24.834,24.762,24.858,,25.062,-0.204,
2026-10-03 02:03:08,-1733.0,idle,,,,24.824,24.732,24.858,,25.062,-0.204,
2026-10-03 02:03:09,-1732.0,idle,,,,24.836,24.732,24.852,,25.062,-0.21,
2026-10-03 02:03:10,-1731.0,idle,,,,24.786,24.784,24.834,,25.062,-0.228,
2026-10-03 02:03:11,-1730.0,idle,,,,24.81,24.736,24.854,,25.062,-0.208,
2026-10-03 02:03:12,-1729.0,idle,,,,24.734,24.732,24.79,,25.062,-0.272,
2026-10-03 02:03:13,-1728.0,idle,,,,24.782,24.74,24.84,,25.062,-0.222,
2026-10-03 02:03:14,-1727.0,idle,,,,24.822,24.736,24.826,,25.062,-0.236,
2026-10-03 02:03:15,-1726.0,idle,,,,24.798,24.704,24.81,,25.062,-0.252,
2026-10-03 02:03:16,-1725.0,idle,,,,24.78,24.692,24.786,,25.062,-0.276,
2026-10-03 02:03:17,-1724.0,idle,,,,24.792,24.702,24.806,,25.062,-0.256,
2026-10-03 02:03:18,-1723.0,idle,,,,24.77,24.81,24.838,,25.062,-0.224,
2026-10-03 02:03:19,-1722.0,idle,,,,24.724,24.716,24.782,,25.062,-0.28,
2026-10-03 02:03:20,-1721.0,idle,,,,24.79,24.754,24.832,,25.062,-0.23,
2026-10-03 02:03:21,-1720.0,idle,,,,24.86,24.768,24.874,,25.062,-0.188,
2026-10-03 02:03:22,-1719.0,idle,,,,24.854,24.744,24.856,,25.062,-0.206,
2026-10-03 02:03:23,-1718.0,idle,,,,24.796,24.72,24.808,,25.062,-0.254,
2026-10-03 02:03:24,-1717.0,idle,,,,24.736,24.746,24.796,,25.062,-0.266,
2026-10-03 02:03:25,-1716.0,idle,,,,24.756,24.798,24.838,,25.062,-0.224,
2026-10-03 02:03:26,-1715.0,idle,,,,24.828,24.766,24.854,,25.062,-0.208,
2026-10-03 02:03:27,-1714.0,idle,,,,24.786,24.754,24.832,,25.062,-0.23,
2026-10-03 02:03:28,-1713.0,idle,,,,24.746,24.724,24.796,,25.062,-0.266,
2026-10-03 02:03:29,-1712.0,idle,,,,24.844,24.786,24.91,,25.062,-0.152,
2026-10-03 02:03:30,-1711.0,idle,,,,24.788,24.646,24.788,,25.062,-0.274,
2026-10-03 02:03:31,-1710.0,idle,,,,24.79,24.704,24.836,,25.062,-0.226,
2026-10-03 02:03:32,-1709.0,idle,,,,24.81,24.718,24.826,,25.062,-0.236,
2026-10-03 02:03:33,-1708.0,idle,,,,24.756,24.738,24.846,,25.062,-0.216,
2026-10-03 02:03:34,-1707.0,idle,,,,24.786,24.668,24.788,,25.062,-0.274,
2026-10-03 02:03:35,-1706.0,idle,,,,24.708,24.728,24.766,,25.0,-0.234,
2026-10-03 02:03:36,-1705.0,idle,,,,24.772,24.702,24.79,,25.0,-0.21,
2026-10-03 02:03:37,-1704.0,idle,,,,24.814,24.76,24.858,,25.062,-0.204,
2026-10-03 02:03:38,-1703.0,idle,,,,24.698,24.65,24.728,,25.062,-0.334,
2026-10-03 02:03:39,-1702.0,idle,,,,24.758,24.756,24.83,,25.062,-0.232,
2026-10-03 02:03:40,-1701.0,idle,,,,24.758,24.714,24.776,,25.062,-0.286,
2026-10-03 02:03:41,-1700.0,idle,,,,24.634,24.756,24.784,,25.062,-0.278,
2026-10-03 02:03:42,-1699.0,idle,,,,24.76,24.628,24.776,,25.062,-0.286,
2026-10-03 02:03:43,-1698.0,idle,,,,24.798,24.732,24.85,,25.062,-0.212,
2026-10-03 02:03:44,-1697.0,idle,,,,24.788,24.738,24.822,,25.062,-0.24,
2026-10-03 02:03:45,-1696.0,idle,,,,24.668,24.65,24.73,,25.062,-0.332,
2026-10-03 02:03:46,-1695.0,idle,,,,24.812,24.736,24.82,,25.062,-0.242,
2026-10-03 02:03:47,-1694.0,idle,,,,24.744,24.664,24.754,,25.062,-0.308,
2026-10-03 02:03:48,-1693.0,idle,,,,24.81,24.712,24.828,,25.0,-0.172,
2026-10-03 02:03:49,-1692.0,idle,,,,24.816,24.66,24.824,,25.062,-0.238,
2026-10-03 02:03:50,-1691.0,idle,,,,24.766,24.688,24.794,,25.062,-0.268,
2026-10-03 02:03:51,-1690.0,idle,,,,24.718,24.674,24.756,,25.0,-0.244,
2026-10-03 02:03:52,-1689.0,idle,,,,24.752,24.686,24.786,,25.0,-0.214,
2026-10-03 02:03:53,-1688.0,idle,,,,24.68,24.7,24.758,,25.0,-0.242,
2026-10-03 02:03:54,-1687.0,idle,,,,24.772,24.654,24.798,,25.0,-0.202,
2026-10-03 02:03:55,-1686.0,idle,,,,24.716,24.724,24.776,,25.0,-0.224,
2026-10-03 02:03:56,-1685.0,idle,,,,24.772,24.664,24.774,,25.0,-0.226,
2026-10-03 02:03:57,-1684.0,idle,,,,24.894,24.762,24.91,,25.0,-0.09,
2026-10-03 02:03:58,-1683.0,idle,,,,24.804,24.676,24.816,,25.0,-0.184,
2026-10-03 02:03:59,-1682.0,idle,,,,24.764,24.71,24.806,,25.0,-0.194,
2026-10-03 02:04:00,-1681.0,idle,,,,24.766,24.694,24.804,,25.0,-0.196,
2026-10-03 02:04:01,-1680.0,idle,,,,24.75,24.752,24.81,,25.0,-0.19,
2026-10-03 02:04:02,-1679.0,idle,,,,24.702,24.758,24.792,,25.0,-0.208,
2026-10-03 02:04:03,-1678.0,idle,,,,24.754,24.692,24.776,,25.0,-0.224,
2026-10-03 02:04:04,-1677.0,idle,,,,24.776,24.682,24.816,,25.0,-0.184,
2026-10-03 02:04:05,-1676.0,idle,,,,24.748,24.752,24.8,,25.0,-0.2,
2026-10-03 02:04:06,-1675.0,idle,,,,24.776,24.662,24.788,,25.0,-0.212,
2026-10-03 02:04:07,-1674.0,idle,,,,24.744,24.704,24.794,,25.0,-0.206,
2026-10-03 02:04:08,-1673.0,idle,,,,24.746,24.752,24.794,,25.0,-0.206,
2026-10-03 02:04:09,-1672.0,idle,,,,24.748,24.656,24.79,,25.0,-0.21,
2026-10-03 02:04:10,-1671.0,idle,,,,24.776,24.674,24.794,,25.0,-0.206,
2026-10-03 02:04:11,-1670.0,idle,,,,24.824,24.698,24.836,,25.0,-0.164,
2026-10-03 02:04:12,-1669.0,idle,,,,24.79,24.662,24.81,,25.0,-0.19,
2026-10-03 02:04:13,-1668.0,idle,,,,24.708,24.674,24.756,,25.0,-0.244,
2026-10-03 02:04:14,-1667.0,idle,,,,24.758,24.688,24.8,,25.0,-0.2,
2026-10-03 02:04:15,-1666.0,idle,,,,24.778,24.766,24.81,,25.0,-0.19,
2026-10-03 02:04:16,-1665.0,idle,,,,24.818,24.68,24.818,,25.0,-0.182,
2026-10-03 02:04:17,-1664.0,idle,,,,24.764,24.736,24.824,,25.0,-0.176,
2026-10-03 02:04:18,-1663.0,idle,,,,24.794,24.688,24.814,,25.0,-0.186,
2026-10-03 02:04:19,-1662.0,idle,,,,24.736,24.714,24.788,,25.0,-0.212,
2026-10-03 02:04:20,-1661.0,idle,,,,24.708,24.708,24.784,,25.0,-0.216,
2026-10-03 02:04:21,-1660.0,idle,,,,24.742,24.712,24.786,,25.0,-0.214,
2026-10-03 02:04:22,-1659.0,idle,,,,24.734,24.664,24.768,,25.0,-0.232,
2026-10-03 02:04:23,-1658.0,idle,,,,24.744,24.744,24.78,,25.0,-0.22,
2026-10-03 02:04:24,-1657.0,idle,,,,24.776,24.668,24.78,,25.0,-0.22,
2026-10-03 02:04:25,-1656.0,idle,,,,24.814,24.714,24.818,,25.0,-0.182,
2026-10-03 02:04:26,-1655.0,idle,,,,24.86,24.702,24.876,,25.0,-0.124,
2026-10-03 02:04:27,-1654.0,idle,,,,24.712,24.638,24.716,,25.0,-0.284,
2026-10-03 02:04:28,-1653.0,idle,,,,24.718,24.648,24.746,,25.0,-0.254,
2026-10-03 02:04:29,-1652.0,idle,,,,24.86,24.65,24.86,,25.0,-0.14,
2026-10-03 02:04:30,-1651.0,idle,,,,24.798,24.634,24.798,,25.0,-0.202,
2026-10-03 02:04:31,-1650.0,idle,,,,24.824,24.692,24.836,,25.0,-0.164,
2026-10-03 02:04:32,-1649.0,idle,,,,24.68,24.692,24.736,,25.0,-0.264,
2026-10-03 02:04:33,-1648.0,idle,,,,24.706,24.672,24.74,,25.0,-0.26,
2026-10-03 02:04:34,-1647.0,idle,,,,24.728,24.696,24.79,,25.0,-0.21,
2026-10-03 02:04:35,-1646.0,idle,,,,24.746,24.672,24.772,,25.0,-0.228,
2026-10-03 02:04:36,-1645.0,idle,,,,24.698,24.684,24.738,,25.0,-0.262,
2026-10-03 02:04:37,-1644.0,idle,,,,24.708,24.634,24.736,,25.0,-0.264,
2026-10-03 02:04:38,-1643.0,idle,,,,24.754,24.68,24.766,,25.0,-0.234,
2026-10-03 02:04:39,-1642.0,idle,,,,24.782,24.606,24.782,,25.0,-0.218,
2026-10-03 02:04:40,-1641.0,idle,,,,24.706,24.65,24.73,,25.0,-0.27,
2026-10-03 02:04:41,-1640.0,idle,,,,24.752,24.742,24.798,,25.0,-0.202,
2026-10-03 02:04:42,-1639.0,idle,,,,24.758,24.67,24.786,,25.0,-0.214,
2026-10-03 02:04:43,-1638.0,idle,,,,24.822,24.646,24.822,,25.0,-0.178,
2026-10-03 02:04:44,-1637.0,idle,,,,24.754,24.632,24.784,,25.0,-0.216,
2026-10-03 02:04:45,-1636.0,idle,,,,24.686,24.704,24.752,,25.0,-0.248,
2026-10-03 02:04:46,-1635.0,idle,,,,24.734,24.714,24.79,,25.0,-0.21,
2026-10-03 02:04:47,-1634.0,idle,,,,24.724,24.622,24.73,,25.0,-0.27,
2026-10-03 02:04:48,-1633.0,idle,,,,24.75,24.624,24.754,,25.0,-0.246,
2026-10-03 02:04:49,-1632.0,idle,,,,24.728,24.636,24.75,,25.0,-0.25,
2026-10-03 02:04:50,-1631.0,idle,,,,24.694,24.728,24.794,,25.0,-0.206,
2026-10-03 02:04:51,-1630.0,idle,,,,24.784,24.668,24.788,,25.0,-0.212,
2026-10-03 02:04:52,-1629.0,idle,,,,24.762,24.7,24.802,,25.0,-0.198,
2026-10-03 02:04:53,-1628.0,idle,,,,24.678,24.604,24.69,,25.0,-0.31,
2026-10-03 02:04:54,-1627.0,idle,,,,24.762,24.64,24.808,,25.0,-0.192,
2026-10-03 02:04:55,-1626.0,idle,,,,24.758,24.618,24.77,,25.0,-0.23,
2026-10-03 02:04:56,-1625.0,idle,,,,24.756,24.71,24.78,,25.0,-0.22,
2026-10-03 02:04:57,-1624.0,idle,,,,24.792,24.722,24.804,,25.0,-0.196,
2026-10-03 02:04:58,-1623.0,idle,,,,24.74,24.636,24.772,,25.0,-0.228,
2026-10-03 02:04:59,-1622.0,idle,,,,24.71,24.644,24.73,,25.0,-0.27,
2026-10-03 02:05:00,-1621.0,idle,,,,24.698,24.64,24.72,,25.0,-0.28,
2026-10-03 02:05:01,-1620.0,idle,,,,24.718,24.714,24.764,,25.0,-0.236,
2026-10-03 02:05:02,-1619.0,idle,,,,24.772,24.634,24.814,,25.0,-0.186,
2026-10-03 02:05:03,-1618.0,idle,,,,24.754,24.636,24.764,,25.0,-0.236,
2026-10-03 02:05:04,-1617.0,idle,,,,24.72,24.7,24.79,,25.0,-0.21,
2026-10-03 02:05:05,-1616.0,idle,,,,24.748,24.708,24.774,,25.0,-0.226,
2026-10-03 02:05:06,-1615.0,idle,,,,24.696,24.67,24.748,,25.0,-0.252,
2026-10-03 02:05:07,-1614.0,idle,,,,24.76,24.692,24.814,,25.0,-0.186,
2026-10-03 02:05:08,-1613.0,idle,,,,24.616,24.646,24.694,,25.0,-0.306,
2026-10-03 02:05:09,-1612.0,idle,,,,24.664,24.706,24.756,,25.0,-0.244,
2026-10-03 02:05:10,-1611.0,idle,,,,24.754,24.692,24.772,,25.0,-0.228,
2026-10-03 02:05:11,-1610.0,idle,,,,24.746,24.654,24.762,,25.0,-0.238,
2026-10-03 02:05:12,-1609.0,idle,,,,24.742,24.658,24.772,,25.0,-0.228,
2026-10-03 02:05:13,-1608.0,idle,,,,24.744,24.684,24.768,,25.0,-0.232,
2026-10-03 02:05:14,-1607.0,idle,,,,24.664,24.692,24.72,,25.0,-0.28,
2026-10-03 02:05:15,-1606.0,idle,,,,24.746,24.632,24.782,,25.0,-0.218,
2026-10-03 02:05:16,-1605.0,idle,,,,24.77,24.626,24.772,,25.0,-0.228,
2026-10-03 02:05:17,-1604.0,idle,,,,24.704,24.668,24.756,,25.0,-0.244,
2026-10-03 02:05:18,-1603.0,idle,,,,24.744,24.704,24.788,,25.0,-0.212,
2026-10-03 02:05:19,-1602.0,idle,,,,24.736,24.712,24.78,,25.0,-0.22,
2026-10-03 02:05:20,-1601.0,idle,,,,24.68,24.6,24.69,,25.0,-0.31,
2026-10-03 02:05:21,-1600.0,idle,,,,24.712,24.684,24.74,,25.0,-0.26,
2026-10-03 02:05:22,-1599.0,idle,,,,24.692,24.592,24.744,,25.0,-0.256,
2026-10-03 02:05:23,-1598.0,idle,,,,24.726,24.734,24.77,,24.937,-0.167,
2026-10-03 02:05:24,-1597.0,idle,,,,24.662,24.674,24.702,,25.0,-0.298,
2026-10-03 02:05:25,-1596.0,idle,,,,24.734,24.658,24.76,,25.0,-0.24,
2026-10-03 02:05:26,-1595.0,idle,,,,24.832,24.708,24.85,,25.0,-0.15,
2026-10-03 02:05:27,-1594.0,idle,,,,24.748,24.588,24.748,,25.0,-0.252,
2026-10-03 02:05:28,-1593.0,idle,,,,24.67,24.7,24.736,,25.0,-0.264,
2026-10-03 02:05:29,-1592.0,idle,,,,24.704,24.644,24.726,,25.0,-0.274,
2026-10-03 02:05:30,-1591.0,idle,,,,24.724,24.588,24.74,,24.937,-0.197,
2026-10-03 02:05:31,-1590.0,idle,,,,24.706,24.662,24.756,,25.0,-0.244,
2026-10-03 02:05:32,-1589.0,idle,,,,24.732,24.668,24.752,,25.0,-0.248,
2026-10-03 02:05:33,-1588.0,idle,,,,24.748,24.682,24.778,,25.0,-0.222,
2026-10-03 02:05:34,-1587.0,idle,,,,24.744,24.712,24.78,,25.0,-0.22,
2026-10-03 02:05:35,-1586.0,idle,,,,24.742,24.69,24.758,,25.0,-0.242,
2026-10-03 02:05:36,-1585.0,idle,,,,24.728,24.694,24.748,,25.0,-0.252,
2026-10-03 02:05:37,-1584.0,idle,,,,24.688,24.618,24.748,,24.937,-0.189,
2026-10-03 02:05:38,-1583.0,idle,,,,24.696,24.67,24.766,,24.937,-0.171,
2026-10-03 02:05:39,-1582.0,idle,,,,24.726,24.636,24.75,,24.937,-0.187,
2026-10-03 02:05:40,-1581.0,idle,,,,24.758,24.672,24.788,,25.0,-0.212,
2026-10-03 02:05:41,-1580.0,idle,,,,24.726,24.694,24.746,,25.0,-0.254,
2026-10-03 02:05:42,-1579.0,idle,,,,24.81,24.658,24.81,,24.937,-0.127,
2026-10-03 02:05:43,-1578.0,idle,,,,24.71,24.698,24.798,,24.937,-0.139,
2026-10-03 02:05:44,-1577.0,idle,,,,24.696,24.596,24.716,,24.937,-0.221,
2026-10-03 02:05:45,-1576.0,idle,,,,24.702,24.544,24.702,,24.937,-0.235,
2026-10-03 02:05:46,-1575.0,idle,,,,24.716,24.648,24.738,,24.937,-0.199,
2026-10-03 02:05:47,-1574.0,idle,,,,24.708,24.724,24.762,,24.937,-0.175,
2026-10-03 02:05:48,-1573.0,idle,,,,24.758,24.63,24.762,,24.937,-0.175,
2026-10-03 02:05:49,-1572.0,idle,,,,24.746,24.556,24.758,,24.937,-0.179,
2026-10-03 02:05:50,-1571.0,idle,,,,24.764,24.696,24.778,,24.937,-0.159,
2026-10-03 02:05:51,-1570.0,idle,,,,24.71,24.7,24.798,,24.937,-0.139,
2026-10-03 02:05:52,-1569.0,idle,,,,24.664,24.674,24.708,,24.937,-0.229,
2026-10-03 02:05:53,-1568.0,idle,,,,24.766,24.728,24.814,,24.937,-0.123,
2026-10-03 02:05:54,-1567.0,idle,,,,24.726,24.61,24.744,,24.937,-0.193,
2026-10-03 02:05:55,-1566.0,idle,,,,24.726,24.628,24.75,,25.0,-0.25,
2026-10-03 02:05:56,-1565.0,idle,,,,24.732,24.616,24.742,,25.0,-0.258,
2026-10-03 02:05:57,-1564.0,idle,,,,24.768,24.66,24.788,,24.937,-0.149,
2026-10-03 02:05:58,-1563.0,idle,,,,24.68,24.594,24.692,,24.937,-0.245,
2026-10-03 02:05:59,-1562.0,idle,,,,24.734,24.63,24.76,,24.937,-0.177,
2026-10-03 02:06:00,-1561.0,idle,,,,24.674,24.644,24.71,,24.937,-0.227,
2026-10-03 02:06:01,-1560.0,idle,,,,24.714,24.69,24.748,,24.937,-0.189,
2026-10-03 02:06:02,-1559.0,idle,,,,24.69,24.586,24.708,,24.937,-0.229,
2026-10-03 02:06:03,-1558.0,idle,,,,24.736,24.656,24.774,,24.937,-0.163,
2026-10-03 02:06:04,-1557.0,idle,,,,24.702,24.626,24.716,,24.937,-0.221,
2026-10-03 02:06:05,-1556.0,idle,,,,24.736,24.706,24.758,,24.937,-0.179,
2026-10-03 02:06:06,-1555.0,idle,,,,24.662,24.77,24.782,,24.937,-0.155,
2026-10-03 02:06:07,-1554.0,idle,,,,24.678,24.646,24.722,,24.937,-0.215,
2026-10-03 02:06:08,-1553.0,idle,,,,24.67,24.654,24.724,,24.937,-0.213,
2026-10-03 02:06:09,-1552.0,idle,,,,24.636,24.686,24.716,,24.937,-0.221,
2026-10-03 02:06:10,-1551.0,idle,,,,24.644,24.71,24.754,,24.937,-0.183,
2026-10-03 02:06:11,-1550.0,idle,,,,24.666,24.586,24.69,,24.937,-0.247,
2026-10-03 02:06:12,-1549.0,idle,,,,24.694,24.602,24.718,,24.937,-0.219,
2026-10-03 02:06:13,-1548.0,idle,,,,24.724,24.654,24.764,,24.937,-0.173,
2026-10-03 02:06:14,-1547.0,idle,,,,24.714,24.634,24.732,,24.937,-0.205,
2026-10-03 02:06:15,-1546.0,idle,,,,24.656,24.594,24.688,,24.937,-0.249,
2026-10-03 02:06:16,-1545.0,idle,,,,24.646,24.632,24.696,,24.937,-0.241,
2026-10-03 02:06:17,-1544.0,idle,,,,24.654,24.586,24.656,,24.937,-0.281,
2026-10-03 02:06:18,-1543.0,idle,,,,24.738,24.596,24.754,,24.937,-0.183,
2026-10-03 02:06:19,-1542.0,idle,,,,24.66,24.676,24.71,,24.937,-0.227,
2026-10-03 02:06:20,-1541.0,idle,,,,24.706,24.7,24.764,,24.937,-0.173,
2026-10-03 02:06:21,-1540.0,idle,,,,24.666,24.7,24.724,,24.937,-0.213,
2026-10-03 02:06:22,-1539.0,idle,,,,24.692,24.664,24.724,,24.937,-0.213,
2026-10-03 02:06:23,-1538.0,idle,,,,24.748,24.614,24.748,,24.937,-0.189,
2026-10-03 02:06:24,-1537.0,idle,,,,24.67,24.614,24.7,,24.937,-0.237,
2026-10-03 02:06:25,-1536.0,idle,,,,24.682,24.678,24.758,,24.937,-0.179,
2026-10-03 02:06:26,-1535.0,idle,,,,24.768,24.678,24.808,,24.937,-0.129,
2026-10-03 02:06:27,-1534.0,idle,,,,24.668,24.656,24.706,,24.937,-0.231,
2026-10-03 02:06:28,-1533.0,idle,,,,24.728,24.62,24.728,,24.937,-0.209,
2026-10-03 02:06:29,-1532.0,idle,,,,24.668,24.644,24.73,,24.937,-0.207,
2026-10-03 02:06:30,-1531.0,idle,,,,24.788,24.662,24.818,,24.937,-0.119,
2026-10-03 02:06:31,-1530.0,idle,,,,24.732,24.618,24.758,,24.937,-0.179,
2026-10-03 02:06:32,-1529.0,idle,,,,24.802,24.666,24.816,,24.937,-0.121,
2026-10-03 02:06:33,-1528.0,idle,,,,24.73,24.706,24.806,,24.937,-0.131,
2026-10-03 02:06:34,-1527.0,idle,,,,24.744,24.628,24.756,,24.937,-0.181,
2026-10-03 02:06:35,-1526.0,idle,,,,24.596,24.7,24.724,,24.937,-0.213,
2026-10-03 02:06:36,-1525.0,idle,,,,24.7,24.67,24.75,,24.937,-0.187,
2026-10-03 02:06:37,-1524.0,idle,,,,24.746,24.614,24.746,,24.937,-0.191,
2026-10-03 02:06:38,-1523.0,idle,,,,24.7,24.648,24.736,,24.937,-0.201,
2026-10-03 02:06:39,-1522.0,idle,,,,24.614,24.578,24.668,,24.937,-0.269,
2026-10-03 02:06:40,-1521.0,idle,,,,24.696,24.588,24.704,,24.937,-0.233,
2026-10-03 02:06:41,-1520.0,idle,,,,24.766,24.656,24.786,,24.937,-0.151,
2026-10-03 02:06:42,-1519.0,idle,,,,24.688,24.68,24.74,,24.937,-0.197,
2026-10-03 02:06:43,-1518.0,idle,,,,24.71,24.584,24.744,,24.937,-0.193,
2026-10-03 02:06:44,-1517.0,idle,,,,24.646,24.624,24.704,,24.937,-0.233,
2026-10-03 02:06:45,-1516.0,idle,,,,24.7,24.678,24.748,,24.937,-0.189,
2026-10-03 02:06:46,-1515.0,idle,,,,24.658,24.692,24.74,,24.937,-0.197,
2026-10-03 02:06:47,-1514.0,idle,,,,24.708,24.674,24.73,,24.937,-0.207,
2026-10-03 02:06:48,-1513.0,idle,,,,24.698,24.602,24.708,,24.937,-0.229,
2026-10-03 02:06:49,-1512.0,idle,,,,24.734,24.68,24.778,,24.937,-0.159,
2026-10-03 02:06:50,-1511.0,idle,,,,24.768,24.646,24.774,,24.937,-0.163,
2026-10-03 02:06:51,-1510.0,idle,,,,24.676,24.652,24.708,,24.937,-0.229,
2026-10-03 02:06:52,-1509.0,idle,,,,24.692,24.758,24.8,,24.937,-0.137,
2026-10-03 02:06:53,-1508.0,idle,,,,24.608,24.612,24.646,,24.937,-0.291,
2026-10-03 02:06:54,-1507.0,idle,,,,24.718,24.636,24.726,,24.937,-0.211,
2026-10-03 02:06:55,-1506.0,idle,,,,24.726,24.65,24.758,,24.937,-0.179,
2026-10-03 02:06:56,-1505.0,idle,,,,24.718,24.596,24.76,,24.937,-0.177,
2026-10-03 02:06:57,-1504.0,idle,,,,24.656,24.688,24.72,,24.937,-0.217,
2026-10-03 02:06:58,-1503.0,idle,,,,24.654,24.696,24.764,,24.937,-0.173,
2026-10-03 02:06:59,-1502.0,idle,,,,24.72,24.612,24.726,,24.937,-0.211,
2026-10-03 02:07:00,-1501.0,idle,,,,24.632,24.688,24.774,,24.937,-0.163,
2026-10-03 02:07:01,-1500.0,idle,,,,24.782,24.63,24.788,,24.937,-0.149,
2026-10-03 02:07:02,-1499.0,idle,,,,24.68,24.646,24.714,,24.937,-0.223,
2026-10-03 02:07:03,-1498.0,idle,,,,24.754,24.606,24.772,,24.937,-0.165,
2026-10-03 02:07:04,-1497.0,idle,,,,24.636,24.586,24.662,,24.937,-0.275,
2026-10-03 02:07:05,-1496.0,idle,,,,24.724,24.664,24.756,,24.937,-0.181,
2026-10-03 02:07:06,-1495.0,idle,,,,24.692,24.57,24.698,,24.937,-0.239,
2026-10-03 02:07:07,-1494.0,idle,,,,24.644,24.646,24.718,,24.937,-0.219,
2026-10-03 02:07:08,-1493.0,idle,,,,24.642,24.658,24.708,,24.937,-0.229,
2026-10-03 02:07:09,-1492.0,idle,,,,24.65,24.626,24.674,,24.937,-0.263,
2026-10-03 02:07:10,-1491.0,idle,,,,24.628,24.578,24.642,,24.937,-0.295,
2026-10-03 02:07:11,-1490.0,idle,,,,24.712,24.662,24.756,,24.937,-0.181,
2026-10-03 02:07:12,-1489.0,idle,,,,24.712,24.636,24.744,,24.937,-0.193,
2026-10-03 02:07:13,-1488.0,idle,,,,24.692,24.65,24.736,,24.937,-0.201,
2026-10-03 02:07:14,-1487.0,idle,,,,24.732,24.648,24.764,,24.937,-0.173,
2026-10-03 02:07:15,-1486.0,idle,,,,24.656,24.61,24.7,,24.937,-0.237,
2026-10-03 02:07:16,-1485.0,idle,,,,24.708,24.638,24.738,,24.937,-0.199,
2026-10-03 02:07:17,-1484.0,idle,,,,24.652,24.544,24.674,,24.937,-0.263,
2026-10-03 02:07:18,-1483.0,idle,,,,24.77,24.7,24.788,,24.937,-0.149,
2026-10-03 02:07:19,-1482.0,idle,,,,24.664,24.624,24.692,,24.937,-0.245,
2026-10-03 02:07:20,-1481.0,idle,,,,24.67,24.644,24.708,,24.937,-0.229,
2026-10-03 02:07:21,-1480.0,idle,,,,24.7,24.678,24.738,,24.937,-0.199,
2026-10-03 02:07:22,-1479.0,idle,,,,24.69,24.666,24.744,,24.937,-0.193,
2026-10-03 02:07:23,-1478.0,idle,,,,24.778,24.62,24.786,,24.937,-0.151,
2026-10-03 02:07:24,-1477.0,idle,,,,24.76,24.702,24.8,,24.937,-0.137,
2026-10-03 02:07:25,-1476.0,idle,,,,24.688,24.692,24.738,,24.937,-0.199,
2026-10-03 02:07:26,-1475.0,idle,,,,24.68,24.628,24.698,,24.937,-0.239,
2026-10-03 02:07:27,-1474.0,idle,,,,24.602,24.648,24.688,,24.937,-0.249,
2026-10-03 02:07:28,-1473.0,idle,,,,24.71,24.642,24.742,,24.937,-0.195,
2026-10-03 02:07:29,-1472.0,idle,,,,24.63,24.624,24.678,,24.937,-0.259,
2026-10-03 02:07:30,-1471.0,idle,,,,24.714,24.654,24.73,,24.937,-0.207,
2026-10-03 02:07:31,-1470.0,idle,,,,24.636,24.646,24.696,,24.937,-0.241,
2026-10-03 02:07:32,-1469.0,idle,,,,24.668,24.572,24.668,,24.937,-0.269,
2026-10-03 02:07:33,-1468.0,idle,,,,24.626,24.67,24.69,,24.937,-0.247,
2026-10-03 02:07:34,-1467.0,idle,,,,24.71,24.668,24.764,,24.937,-0.173,
2026-10-03 02:07:35,-1466.0,idle,,,,24.664,24.636,24.682,,24.937,-0.255,
2026-10-03 02:07:36,-1465.0,idle,,,,24.662,24.69,24.72,,24.937,-0.217,
2026-10-03 02:07:37,-1464.0,idle,,,,24.708,24.616,24.714,,24.937,-0.223,
2026-10-03 02:07:38,-1463.0,idle,,,,24.706,24.66,24.748,,24.937,-0.189,
2026-10-03 02:07:39,-1462.0,idle,,,,24.716,24.602,24.74,,24.937,-0.197,
2026-10-03 02:07:40,-1461.0,idle,,,,24.682,24.576,24.692,,24.937,-0.245,
2026-10-03 02:07:41,-1460.0,idle,,,,24.706,24.662,24.734,,24.937,-0.203,
2026-10-03 02:07:42,-1459.0,idle,,,,24.644,24.658,24.7,,24.937,-0.237,
2026-10-03 02:07:43,-1458.0,idle,,,,24.674,24.68,24.724,,24.937,-0.213,
2026-10-03 02:07:44,-1457.0,idle,,,,24.686,24.626,24.698,,24.937,-0.239,
2026-10-03 02:07:45,-1456.0,idle,,,,24.708,24.602,24.732,,24.937,-0.205,
2026-10-03 02:07:46,-1455.0,idle,,,,24.67,24.644,24.686,,24.875,-0.189,
2026-10-03 02:07:47,-1454.0,idle,,,,24.734,24.576,24.734,,24.875,-0.141,
2026-10-03 02:07:48,-1453.0,idle,,,,24.626,24.614,24.704,,24.937,-0.233,
2026-10-03 02:07:49,-1452.0,idle,,,,24.618,24.566,24.644,,24.937,-0.293,
2026-10-03 02:07:50,-1451.0,idle,,,,24.76,24.64,24.782,,24.937,-0.155,
2026-10-03 02:07:51,-1450.0,idle,,,,24.678,24.62,24.702,,24.937,-0.235,
2026-10-03 02:07:52,-1449.0,idle,,,,24.706,24.612,24.74,,24.937,-0.197,
2026-10-03 02:07:53,-1448.0,idle,,,,24.674,24.556,24.682,,24.937,-0.255,
2026-10-03 02:07:54,-1447.0,idle,,,,24.616,24.678,24.702,,24.937,-0.235,
2026-10-03 02:07:55,-1446.0,idle,,,,24.632,24.586,24.666,,24.937,-0.271,
2026-10-03 02:07:56,-1445.0,idle,,,,24.612,24.642,24.684,,24.937,-0.253,
2026-10-03 02:07:57,-1444.0,idle,,,,24.686,24.578,24.716,,24.937,-0.221,
2026-10-03 02:07:58,-1443.0,idle,,,,24.742,24.616,24.754,,24.937,-0.183,
2026-10-03 02:07:59,-1442.0,idle,,,,24.684,24.658,24.764,,24.937,-0.173,
2026-10-03 02:08:00,-1441.0,idle,,,,24.632,24.648,24.7,,24.937,-0.237,
2026-10-03 02:08:01,-1440.0,idle,,,,24.692,24.622,24.696,,24.937,-0.241,
2026-10-03 02:08:02,-1439.0,idle,,,,24.65,24.606,24.684,,24.937,-0.253,
2026-10-03 02:08:03,-1438.0,idle,,,,24.616,24.674,24.69,,24.937,-0.247,
2026-10-03 02:08:04,-1437.0,idle,,,,24.652,24.62,24.69,,24.875,-0.185,
2026-10-03 02:08:05,-1436.0,idle,,,,24.65,24.644,24.71,,24.875,-0.165,
2026-10-03 02:08:06,-1435.0,idle,,,,24.652,24.592,24.66,,24.937,-0.277,
2026-10-03 02:08:07,-1434.0,idle,,,,24.636,24.612,24.694,,24.937,-0.243,
2026-10-03 02:08:08,-1433.0,idle,,,,24.634,24.682,24.708,,24.937,-0.229,
2026-10-03 02:08:09,-1432.0,idle,,,,24.656,24.606,24.71,,24.937,-0.227,
2026-10-03 02:08:10,-1431.0,idle,,,,24.646,24.636,24.71,,24.937,-0.227,
2026-10-03 02:08:11,-1430.0,idle,,,,24.656,24.59,24.69,,24.937,-0.247,
2026-10-03 02:08:12,-1429.0,idle,,,,24.658,24.586,24.66,,24.937,-0.277,
2026-10-03 02:08:13,-1428.0,idle,,,,24.72,24.724,24.78,,24.875,-0.095,
2026-10-03 02:08:14,-1427.0,idle,,,,24.646,24.62,24.66,,24.875,-0.215,
2026-10-03 02:08:15,-1426.0,idle,,,,24.676,24.62,24.702,,24.875,-0.173,
2026-10-03 02:08:16,-1425.0,idle,,,,24.696,24.604,24.72,,24.937,-0.217,
2026-10-03 02:08:17,-1424.0,idle,,,,24.694,24.662,24.724,,24.937,-0.213,
2026-10-03 02:08:18,-1423.0,idle,,,,24.704,24.71,24.758,,24.937,-0.179,
2026-10-03 02:08:19,-1422.0,idle,,,,24.634,24.7,24.744,,24.937,-0.193,
2026-10-03 02:08:20,-1421.0,idle,,,,24.698,24.704,24.778,,24.875,-0.097,
2026-10-03 02:08:21,-1420.0,idle,,,,24.552,24.616,24.686,,24.875,-0.189,
2026-10-03 02:08:22,-1419.0,idle,,,,24.652,24.618,24.68,,24.937,-0.257,
2026-10-03 02:08:23,-1418.0,idle,,,,24.704,24.584,24.736,,24.937,-0.201,
2026-10-03 02:08:24,-1417.0,idle,,,,24.624,24.612,24.68,,24.875,-0.195,
2026-10-03 02:08:25,-1416.0,idle,,,,24.566,24.646,24.672,,24.875,-0.203,
2026-10-03 02:08:26,-1415.0,idle,,,,24.636,24.65,24.706,,24.875,-0.169,
2026-10-03 02:08:27,-1414.0,idle,,,,24.63,24.628,24.668,,24.937,-0.269,
2026-10-03 02:08:28,-1413.0,idle,,,,24.714,24.594,24.714,,24.937,-0.223,
2026-10-03 02:08:29,-1412.0,idle,,,,24.698,24.624,24.712,,24.875,-0.163,
2026-10-03 02:08:30,-1411.0,idle,,,,24.624,24.69,24.72,,24.875,-0.155,
2026-10-03 02:08:31,-1410.0,idle,,,,24.678,24.616,24.684,,24.875,-0.191,
2026-10-03 02:08:32,-1409.0,idle,,,,24.66,24.658,24.726,,24.875,-0.149,
2026-10-03 02:08:33,-1408.0,idle,,,,24.664,24.6,24.68,,24.875,-0.195,
2026-10-03 02:08:34,-1407.0,idle,,,,24.64,24.578,24.682,,24.875,-0.193,
2026-10-03 02:08:35,-1406.0,idle,,,,24.678,24.654,24.726,,24.875,-0.149,
2026-10-03 02:08:36,-1405.0,idle,,,,24.66,24.57,24.672,,24.875,-0.203,
2026-10-03 02:08:37,-1404.0,idle,,,,24.642,24.624,24.672,,24.875,-0.203,
2026-10-03 02:08:38,-1403.0,idle,,,,24.628,24.602,24.684,,24.875,-0.191,
2026-10-03 02:08:39,-1402.0,idle,,,,24.648,24.61,24.678,,24.875,-0.197,
2026-10-03 02:08:40,-1401.0,idle,,,,24.634,24.666,24.738,,24.875,-0.137,
2026-10-03 02:08:41,-1400.0,idle,,,,24.602,24.62,24.66,,24.875,-0.215,
2026-10-03 02:08:42,-1399.0,idle,,,,24.666,24.636,24.698,,24.875,-0.177,
2026-10-03 02:08:43,-1398.0,idle,,,,24.668,24.678,24.736,,24.875,-0.139,
2026-10-03 02:08:44,-1397.0,idle,,,,24.612,24.702,24.75,,24.875,-0.125,
2026-10-03 02:08:45,-1396.0,idle,,,,24.818,24.656,24.822,,24.875,-0.053,
2026-10-03 02:08:46,-1395.0,idle,,,,24.664,24.774,24.79,,24.875,-0.085,
2026-10-03 02:08:47,-1394.0,idle,,,,24.678,24.634,24.726,,24.875,-0.149,
2026-10-03 02:08:48,-1393.0,idle,,,,24.608,24.594,24.646,,24.875,-0.229,
2026-10-03 02:08:49,-1392.0,idle,,,,24.668,24.578,24.684,,24.875,-0.191,
2026-10-03 02:08:50,-1391.0,idle,,,,24.644,24.646,24.698,,24.875,-0.177,
2026-10-03 02:08:51,-1390.0,idle,,,,24.644,24.594,24.664,,24.875,-0.211,
2026-10-03 02:08:52,-1389.0,idle,,,,24.698,24.59,24.718,,24.875,-0.157,
2026-10-03 02:08:53,-1388.0,idle,,,,24.726,24.652,24.768,,24.875,-0.107,
2026-10-03 02:08:54,-1387.0,idle,,,,24.664,24.586,24.708,,24.875,-0.167,
2026-10-03 02:08:55,-1386.0,idle,,,,24.68,24.698,24.774,,24.875,-0.101,
2026-10-03 02:08:56,-1385.0,idle,,,,24.728,24.672,24.764,,24.937,-0.173,
2026-10-03 02:08:57,-1384.0,idle,,,,24.668,24.64,24.714,,24.937,-0.223,
2026-10-03 02:08:58,-1383.0,idle,,,,24.658,24.72,24.728,,24.875,-0.147,
2026-10-03 02:08:59,-1382.0,idle,,,,24.672,24.554,24.682,,24.875,-0.193,
2026-10-03 02:09:00,-1381.0,idle,,,,24.708,24.608,24.724,,24.875,-0.151,
2026-10-03 02:09:01,-1380.0,idle,,,,24.688,24.728,24.788,,24.875,-0.087,
2026-10-03 02:09:02,-1379.0,idle,,,,24.65,24.582,24.674,,24.875,-0.201,
2026-10-03 02:09:03,-1378.0,idle,,,,24.682,24.724,24.76,,24.875,-0.115,
2026-10-03 02:09:04,-1377.0,idle,,,,24.718,24.75,24.794,,24.875,-0.081,
2026-10-03 02:09:05,-1376.0,idle,,,,24.706,24.524,24.714,,24.875,-0.161,
2026-10-03 02:09:06,-1375.0,idle,,,,24.634,24.552,24.672,,24.875,-0.203,
2026-10-03 02:09:07,-1374.0,idle,,,,24.73,24.668,24.762,,24.875,-0.113,
2026-10-03 02:09:08,-1373.0,idle,,,,24.688,24.598,24.704,,24.875,-0.171,
2026-10-03 02:09:09,-1372.0,idle,,,,24.66,24.608,24.664,,24.875,-0.211,
2026-10-03 02:09:10,-1371.0,idle,,,,24.662,24.618,24.688,,24.875,-0.187,
2026-10-03 02:09:11,-1370.0,idle,,,,24.662,24.632,24.68,,24.875,-0.195,
2026-10-03 02:09:12,-1369.0,idle,,,,24.654,24.614,24.742,,24.875,-0.133,
2026-10-03 02:09:13,-1368.0,idle,,,,24.73,24.562,24.746,,24.875,-0.129,
2026-10-03 02:09:14,-1367.0,idle,,,,24.622,24.6,24.674,,24.875,-0.201,
2026-10-03 02:09:15,-1366.0,idle,,,,24.646,24.552,24.668,,24.875,-0.207,
2026-10-03 02:09:16,-1365.0,idle,,,,24.644,24.546,24.658,,24.875,-0.217,
2026-10-03 02:09:17,-1364.0,idle,,,,24.726,24.68,24.76,,24.875,-0.115,
2026-10-03 02:09:18,-1363.0,idle,,,,24.672,24.586,24.718,,24.875,-0.157,
2026-10-03 02:09:19,-1362.0,idle,,,,24.644,24.582,24.648,,24.875,-0.227,
2026-10-03 02:09:20,-1361.0,idle,,,,24.616,24.69,24.7,,24.875,-0.175,
2026-10-03 02:09:21,-1360.0,idle,,,,24.698,24.6,24.71,,24.875,-0.165,
2026-10-03 02:09:22,-1359.0,idle,,,,24.634,24.714,24.734,,24.875,-0.141,
2026-10-03 02:09:23,-1358.0,idle,,,,24.64,24.54,24.654,,24.875,-0.221,
2026-10-03 02:09:24,-1357.0,idle,,,,24.708,24.602,24.712,,24.875,-0.163,
2026-10-03 02:09:25,-1356.0,idle,,,,24.672,24.652,24.722,,24.875,-0.153,
2026-10-03 02:09:26,-1355.0,idle,,,,24.696,24.548,24.724,,24.875,-0.151,
2026-10-03 02:09:27,-1354.0,idle,,,,24.7,24.54,24.7,,24.875,-0.175,
2026-10-03 02:09:28,-1353.0,idle,,,,24.69,24.58,24.698,,24.875,-0.177,
2026-10-03 02:09:29,-1352.0,idle,,,,24.688,24.66,24.7,,24.875,-0.175,
2026-10-03 02:09:30,-1351.0,idle,,,,24.62,24.604,24.658,,24.875,-0.217,
2026-10-03 02:09:31,-1350.0,idle,,,,24.614,24.642,24.674,,24.875,-0.201,
2026-10-03 02:09:32,-1349.0,idle,,,,24.676,24.61,24.732,,24.875,-0.143,
2026-10-03 02:09:33,-1348.0,idle,,,,24.706,24.594,24.736,,24.875,-0.139,
2026-10-03 02:09:34,-1347.0,idle,,,,24.674,24.632,24.716,,24.875,-0.159,
2026-10-03 02:09:35,-1346.0,idle,,,,24.672,24.588,24.696,,24.875,-0.179,
2026-10-03 02:09:36,-1345.0,idle,,,,24.552,24.618,24.682,,24.875,-0.193,
2026-10-03 02:09:37,-1344.0,idle,,,,24.742,24.588,24.748,,24.875,-0.127,
2026-10-03 02:09:38,-1343.0,idle,,,,24.696,24.646,24.748,,24.875,-0.127,
2026-10-03 02:09:39,-1342.0,idle,,,,24.648,24.636,24.68,,24.875,-0.195,
2026-10-03 02:09:40,-1341.0,idle,,,,24.614,24.66,24.71,,24.875,-0.165,
2026-10-03 02:09:41,-1340.0,idle,,,,24.686,24.61,24.71,,24.875,-0.165,
2026-10-03 02:09:42,-1339.0,idle,,,,24.634,24.624,24.674,,24.875,-0.201,
2026-10-03 02:09:43,-1338.0,idle,,,,24.616,24.656,24.698,,24.875,-0.177,
2026-10-03 02:09:44,-1337.0,idle,,,,24.634,24.59,24.666,,24.875,-0.209,
2026-10-03 02:09:45,-1336.0,idle,,,,24.582,24.542,24.63,,24.875,-0.245,
2026-10-03 02:09:46,-1335.0,idle,,,,24.67,24.54,24.672,,24.875,-0.203,
2026-10-03 02:09:47,-1334.0,idle,,,,24.626,24.608,24.69,,24.875,-0.185,
2026-10-03 02:09:48,-1333.0,idle,,,,24.644,24.516,24.662,,24.875,-0.213,
2026-10-03 02:09:49,-1332.0,idle,,,,24.624,24.598,24.66,,24.875,-0.215,
2026-10-03 02:09:50,-1331.0,idle,,,,24.672,24.668,24.722,,24.875,-0.153,
2026-10-03 02:09:51,-1330.0,idle,,,,24.642,24.596,24.68,,24.875,-0.195,
2026-10-03 02:09:52,-1329.0,idle,,,,24.672,24.596,24.686,,24.875,-0.189,
2026-10-03 02:09:53,-1328.0,idle,,,,24.64,24.516,24.652,,24.875,-0.223,
2026-10-03 02:09:54,-1327.0,idle,,,,24.694,24.59,24.7,,24.875,-0.175,
2026-10-03 02:09:55,-1326.0,idle,,,,24.744,24.516,24.744,,24.875,-0.131,
2026-10-03 02:09:56,-1325.0,idle,,,,24.578,24.552,24.622,,24.875,-0.253,
2026-10-03 02:09:57,-1324.0,idle,,,,24.642,24.664,24.702,,24.875,-0.173,
2026-10-03 02:09:58,-1323.0,idle,,,,24.612,24.604,24.648,,24.875,-0.227,
2026-10-03 02:09:59,-1322.0,idle,,,,24.674,24.614,24.688,,24.875,-0.187,
2026-10-03 02:10:00,-1321.0,idle,,,,24.732,24.566,24.738,,24.875,-0.137,
2026-10-03 02:10:01,-1320.0,idle,,,,24.71,24.596,24.738,,24.875,-0.137,
2026-10-03 02:10:02,-1319.0,idle,,,,24.634,24.644,24.686,,24.875,-0.189,
2026-10-03 02:10:03,-1318.0,idle,,,,24.61,24.586,24.646,,24.875,-0.229,
2026-10-03 02:10:04,-1317.0,idle,,,,24.69,24.608,24.75,,24.875,-0.125,
2026-10-03 02:10:05,-1316.0,idle,,,,24.736,24.594,24.778,,24.875,-0.097,
2026-10-03 02:10:06,-1315.0,idle,,,,24.718,24.584,24.724,,24.875,-0.151,
2026-10-03 02:10:07,-1314.0,idle,,,,24.65,24.636,24.676,,24.875,-0.199,
2026-10-03 02:10:08,-1313.0,idle,,,,24.69,24.672,24.744,,24.875,-0.131,
2026-10-03 02:10:09,-1312.0,idle,,,,24.672,24.61,24.706,,24.875,-0.169,
2026-10-03 02:10:10,-1311.0,idle,,,,24.674,24.704,24.73,,24.875,-0.145,
2026-10-03 02:10:11,-1310.0,idle,,,,24.758,24.58,24.772,,24.875,-0.103,
2026-10-03 02:10:12,-1309.0,idle,,,,24.646,24.628,24.672,,24.875,-0.203,
2026-10-03 02:10:13,-1308.0,idle,,,,24.592,24.628,24.66,,24.875,-0.215,
2026-10-03 02:10:14,-1307.0,idle,,,,24.614,24.692,24.704,,24.875,-0.171,
2026-10-03 02:10:15,-1306.0,idle,,,,24.696,24.682,24.77,,24.875,-0.105,
2026-10-03 02:10:16,-1305.0,idle,,,,24.684,24.61,24.712,,24.875,-0.163,
2026-10-03 02:10:17,-1304.0,idle,,,,24.55,24.608,24.668,,24.875,-0.207,
2026-10-03 02:10:18,-1303.0,idle,,,,24.664,24.63,24.71,,24.875,-0.165,
2026-10-03 02:10:19,-1302.0,idle,,,,24.688,24.59,24.714,,24.875,-0.161,
2026-10-03 02:10:20,-1301.0,idle,,,,24.678,24.578,24.684,,24.875,-0.191,
2026-10-03 02:10:21,-1300.0,idle,,,,24.58,24.67,24.696,,24.875,-0.179,
2026-10-03 02:10:22,-1299.0,idle,,,,24.62,24.642,24.694,,24.875,-0.181,
2026-10-03 02:10:23,-1298.0,idle,,,,24.654,24.554,24.706,,24.875,-0.169,
2026-10-03 02:10:24,-1297.0,idle,,,,24.666,24.638,24.696,,24.875,-0.179,
2026-10-03 02:10:25,-1296.0,idle,,,,24.668,24.664,24.708,,24.875,-0.167,
2026-10-03 02:10:26,-1295.0,idle,,,,24.726,24.62,24.76,,24.875,-0.115,
2026-10-03 02:10:27,-1294.0,idle,,,,24.698,24.562,24.702,,24.875,-0.173,
2026-10-03 02:10:28,-1293.0,idle,,,,24.646,24.616,24.684,,24.875,-0.191,
2026-10-03 02:10:29,-1292.0,idle,,,,24.71,24.66,24.772,,24.875,-0.103,
2026-10-03 02:10:30,-1291.0,idle,,,,24.688,24.568,24.696,,24.875,-0.179,
2026-10-03 02:10:31,-1290.0,idle,,,,24.7,24.516,24.7,,24.875,-0.175,
2026-10-03 02:10:32,-1289.0,idle,,,,24.634,24.59,24.652,,24.875,-0.223,
2026-10-03 02:10:33,-1288.0,idle,,,,24.556,24.61,24.648,,24.875,-0.227,
2026-10-03 02:10:34,-1287.0,idle,,,,24.7,24.64,24.734,,24.875,-0.141,
2026-10-03 02:10:35,-1286.0,idle,,,,24.644,24.616,24.684,,24.875,-0.191,
2026-10-03 02:10:36,-1285.0,idle,,,,24.734,24.648,24.76,,24.875,-0.115,
2026-10-03 02:10:37,-1284.0,idle,,,,24.634,24.594,24.666,,24.875,-0.209,
2026-10-03 02:10:38,-1283.0,idle,,,,24.604,24.606,24.668,,24.875,-0.207,
2026-10-03 02:10:39,-1282.0,idle,,,,24.65,24.566,24.686,,24.875,-0.189,
2026-10-03 02:10:40,-1281.0,idle,,,,24.596,24.622,24.646,,24.875,-0.229,
2026-10-03 02:10:41,-1280.0,idle,,,,24.62,24.628,24.67,,24.875,-0.205,
2026-10-03 02:10:42,-1279.0,idle,,,,24.664,24.586,24.684,,24.875,-0.191,
2026-10-03 02:10:43,-1278.0,idle,,,,24.62,24.648,24.684,,24.875,-0.191,
2026-10-03 02:10:44,-1277.0,idle,,,,24.666,24.578,24.674,,24.875,-0.201,
2026-10-03 02:10:45,-1276.0,idle,,,,24.608,24.61,24.644,,24.875,-0.231,
2026-10-03 02:10:46,-1275.0,idle,,,,24.656,24.56,24.68,,24.875,-0.195,
2026-10-03 02:10:47,-1274.0,idle,,,,24.65,24.598,24.664,,24.875,-0.211,
2026-10-03 02:10:48,-1273.0,idle,,,,24.722,24.644,24.764,,24.875,-0.111,
2026-10-03 02:10:49,-1272.0,idle,,,,24.664,24.59,24.69,,24.875,-0.185,
2026-10-03 02:10:50,-1271.0,idle,,,,24.618,24.518,24.648,,24.875,-0.227,
2026-10-03 02:10:51,-1270.0,idle,,,,24.746,24.568,24.758,,24.875,-0.117,
2026-10-03 02:10:52,-1269.0,idle,,,,24.656,24.626,24.698,,24.875,-0.177,
2026-10-03 02:10:53,-1268.0,idle,,,,24.632,24.586,24.672,,24.875,-0.203,
2026-10-03 02:10:54,-1267.0,idle,,,,24.658,24.574,24.67,,24.875,-0.205,
2026-10-03 02:10:55,-1266.0,idle,,,,24.616,24.538,24.642,,24.875,-0.233,
2026-10-03 02:10:56,-1265.0,idle,,,,24.698,24.604,24.722,,24.875,-0.153,
2026-10-03 02:10:57,-1264.0,idle,,,,24.674,24.598,24.708,,24.875,-0.167,
2026-10-03 02:10:58,-1263.0,idle,,,,24.654,24.48,24.654,,24.875,-0.221,
2026-10-03 02:10:59,-1262.0,idle,,,,24.704,24.584,24.704,,24.875,-0.171,
2026-10-03 02:11:00,-1261.0,idle,,,,24.662,24.672,24.72,,24.875,-0.155,
2026-10-03 02:11:01,-1260.0,idle,,,,24.646,24.548,24.684,,24.875,-0.191,
2026-10-03 02:11:02,-1259.0,idle,,,,24.64,24.6,24.694,,24.875,-0.181,
2026-10-03 02:11:03,-1258.0,idle,,,,24.662,24.574,24.682,,24.875,-0.193,
2026-10-03 02:11:04,-1257.0,idle,,,,24.732,24.698,24.782,,24.875,-0.093,
2026-10-03 02:11:05,-1256.0,idle,,,,24.602,24.614,24.668,,24.875,-0.207,
2026-10-03 02:11:06,-1255.0,idle,,,,24.636,24.582,24.678,,24.875,-0.197,
2026-10-03 02:11:07,-1254.0,idle,,,,24.636,24.614,24.676,,24.875,-0.199,
2026-10-03 02:11:08,-1253.0,idle,,,,24.582,24.596,24.656,,24.875,-0.219,
2026-10-03 02:11:09,-1252.0,idle,,,,24.632,24.586,24.674,,24.875,-0.201,
2026-10-03 02:11:10,-1251.0,idle,,,,24.664,24.654,24.732,,24.875,-0.143,
2026-10-03 02:11:11,-1250.0,idle,,,,24.666,24.568,24.718,,24.875,-0.157,
2026-10-03 02:11:12,-1249.0,idle,,,,24.652,24.592,24.704,,24.875,-0.171,
2026-10-03 02:11:13,-1248.0,idle,,,,24.602,24.63,24.704,,24.875,-0.171,
2026-10-03 02:11:14,-1247.0,idle,,,,24.608,24.582,24.636,,24.875,-0.239,
2026-10-03 02:11:15,-1246.0,idle,,,,24.702,24.538,24.702,,24.875,-0.173,
2026-10-03 02:11:16,-1245.0,idle,,,,24.632,24.612,24.698,,24.875,-0.177,
2026-10-03 02:11:17,-1244.0,idle,,,,24.724,24.55,24.726,,24.875,-0.149,
2026-10-03 02:11:18,-1243.0,idle,,,,24.738,24.58,24.738,,24.875,-0.137,
2026-10-03 02:11:19,-1242.0,idle,,,,24.708,24.63,24.734,,24.875,-0.141,
2026-10-03 02:11:20,-1241.0,idle,,,,24.616,24.52,24.628,,24.875,-0.247,
2026-10-03 02:11:21,-1240.0,idle,,,,24.552,24.632,24.658,,24.875,-0.217,
2026-10-03 02:11:22,-1239.0,idle,,,,24.624,24.584,24.666,,24.875,-0.209,
2026-10-03 02:11:23,-1238.0,idle,,,,24.662,24.562,24.674,,24.875,-0.201,
2026-10-03 02:11:24,-1237.0,idle,,,,24.648,24.626,24.702,,24.875,-0.173,
2026-10-03 02:11:25,-1236.0,idle,,,,24.614,24.678,24.706,,24.875,-0.169,
2026-10-03 02:11:26,-1235.0,idle,,,,24.696,24.556,24.696,,24.875,-0.179,
2026-10-03 02:11:27,-1234.0,idle,,,,24.704,24.616,24.738,,24.875,-0.137,
2026-10-03 02:11:28,-1233.0,idle,,,,24.652,24.628,24.728,,24.875,-0.147,
2026-10-03 02:11:29,-1232.0,idle,,,,24.514,24.592,24.628,,24.875,-0.247,
2026-10-03 02:11:30,-1231.0,idle,,,,24.676,24.62,24.696,,24.875,-0.179,
2026-10-03 02:11:31,-1230.0,idle,,,,24.642,24.586,24.67,,24.875,-0.205,
2026-10-03 02:11:32,-1229.0,idle,,,,24.644,24.628,24.696,,24.875,-0.179,
2026-10-03 02:11:33,-1228.0,idle,,,,24.618,24.56,24.618,,24.875,-0.257,
2026-10-03 02:11:34,-1227.0,idle,,,,24.636,24.56,24.68,,24.875,-0.195,
2026-10-03 02:11:35,-1226.0,idle,,,,24.706,24.628,24.712,,24.875,-0.163,
2026-10-03 02:11:36,-1225.0,idle,,,,24.664,24.476,24.664,,24.875,-0.211,
2026-10-03 02:11:37,-1224.0,idle,,,,24.606,24.592,24.642,,24.875,-0.233,
2026-10-03 02:11:38,-1223.0,idle,,,,24.624,24.618,24.654,,24.875,-0.221,
2026-10-03 02:11:39,-1222.0,idle,,,,24.614,24.636,24.674,,24.875,-0.201,
2026-10-03 02:11:40,-1221.0,idle,,,,24.63,24.566,24.66,,24.875,-0.215,
2026-10-03 02:11:41,-1220.0,idle,,,,24.66,24.554,24.702,,24.875,-0.173,
2026-10-03 02:11:42,-1219.0,idle,,,,24.686,24.612,24.7,,24.875,-0.175,
2026-10-03 02:11:43,-1218.0,idle,,,,24.626,24.688,24.718,,24.875,-0.157,
2026-10-03 02:11:44,-1217.0,idle,,,,24.72,24.574,24.732,,24.875,-0.143,
2026-10-03 02:11:45,-1216.0,idle,,,,24.648,24.606,24.67,,24.875,-0.205,
2026-10-03 02:11:46,-1215.0,idle,,,,24.632,24.564,24.65,,24.875,-0.225,
2026-10-03 02:11:47,-1214.0,idle,,,,24.596,24.634,24.678,,24.875,-0.197,
2026-10-03 02:11:48,-1213.0,idle,,,,24.662,24.672,24.744,,24.875,-0.131,
2026-10-03 02:11:49,-1212.0,idle,,,,24.662,24.59,24.698,,24.875,-0.177,
2026-10-03 02:11:50,-1211.0,idle,,,,24.632,24.626,24.678,,24.875,-0.197,
2026-10-03 02:11:51,-1210.0,idle,,,,24.72,24.556,24.732,,24.875,-0.143,
2026-10-03 02:11:52,-1209.0,idle,,,,24.658,24.63,24.734,,24.875,-0.141,
2026-10-03 02:11:53,-1208.0,idle,,,,24.608,24.584,24.64,,24.875,-0.235,
2026-10-03 02:11:54,-1207.0,idle,,,,24.624,24.658,24.684,,24.875,-0.191,
2026-10-03 02:11:55,-1206.0,idle,,,,24.576,24.578,24.662,,24.812,-0.15,
2026-10-03 02:11:56,-1205.0,idle,,,,24.674,24.646,24.746,,24.812,-0.066,
2026-10-03 02:11:57,-1204.0,idle,,,,24.694,24.614,24.732,,24.875,-0.143,
2026-10-03 02:11:58,-1203.0,idle,,,,24.692,24.62,24.72,,24.875,-0.155,
2026-10-03 02:11:59,-1202.0,idle,,,,24.656,24.63,24.702,,24.875,-0.173,
2026-10-03 02:12:00,-1201.0,idle,,,,24.628,24.61,24.674,,24.875,-0.201,
2026-10-03 02:12:01,-1200.0,idle,,,,24.716,24.594,24.722,,24.875,-0.153,
2026-10-03 02:12:02,-1199.0,idle,,,,24.708,24.634,24.734,,24.875,-0.141,
2026-10-03 02:12:03,-1198.0,idle,,,,24.678,24.558,24.678,,24.875,-0.197,
2026-10-03 02:12:04,-1197.0,idle,,,,24.594,24.582,24.65,,24.812,-0.162,
2026-10-03 02:12:05,-1196.0,idle,,,,24.6,24.588,24.632,,24.812,-0.18,
2026-10-03 02:12:06,-1195.0,idle,,,,24.62,24.56,24.648,,24.875,-0.227,
2026-10-03 02:12:07,-1194.0,idle,,,,24.628,24.588,24.664,,24.875,-0.211,
2026-10-03 02:12:08,-1193.0,idle,,,,24.63,24.62,24.652,,24.875,-0.223,
2026-10-03 02:12:09,-1192.0,idle,,,,24.684,24.56,24.724,,24.875,-0.151,
2026-10-03 02:12:10,-1191.0,idle,,,,24.622,24.57,24.64,,24.875,-0.235,
2026-10-03 02:12:11,-1190.0,idle,,,,24.656,24.582,24.668,,24.875,-0.207,
2026-10-03 02:12:12,-1189.0,idle,,,,24.642,24.57,24.67,,24.875,-0.205,
2026-10-03 02:12:13,-1188.0,idle,,,,24.72,24.62,24.744,,24.875,-0.131,
2026-10-03 02:12:14,-1187.0,idle,,,,24.632,24.536,24.648,,24.875,-0.227,
2026-10-03 02:12:15,-1186.0,idle,,,,24.632,24.592,24.654,,24.875,-0.221,
2026-10-03 02:12:16,-1185.0,idle,,,,24.648,24.614,24.704,,24.875,-0.171,
2026-10-03 02:12:17,-1184.0,idle,,,,24.636,24.548,24.666,,24.875,-0.209,
2026-10-03 02:12:18,-1183.0,idle,,,,24.622,24.648,24.702,,24.875,-0.173,
2026-10-03 02:12:19,-1182.0,idle,,,,24.74,24.58,24.744,,24.875,-0.131,
2026-10-03 02:12:20,-1181.0,idle,,,,24.698,24.576,24.71,,24.875,-0.165,
2026-10-03 02:12:21,-1180.0,idle,,,,24.658,24.606,24.68,,24.875,-0.195,
2026-10-03 02:12:22,-1179.0,idle,,,,24.676,24.654,24.714,,24.875,-0.161,
2026-10-03 02:12:23,-1178.0,idle,,,,24.608,24.632,24.658,,24.875,-0.217,
2026-10-03 02:12:24,-1177.0,idle,,,,24.638,24.542,24.688,,24.875,-0.187,
2026-10-03 02:12:25,-1176.0,idle,,,,24.692,24.648,24.73,,24.875,-0.145,
2026-10-03 02:12:26,-1175.0,idle,,,,24.656,24.61,24.668,,24.875,-0.207,
2026-10-03 02:12:27,-1174.0,idle,,,,24.636,24.534,24.658,,24.875,-0.217,
2026-10-03 02:12:28,-1173.0,idle,,,,24.71,24.594,24.744,,24.875,-0.131,
2026-10-03 02:12:29,-1172.0,idle,,,,24.634,24.574,24.668,,24.875,-0.207,
2026-10-03 02:12:30,-1171.0,idle,,,,24.624,24.614,24.682,,24.875,-0.193,
2026-10-03 02:12:31,-1170.0,idle,,,,24.652,24.6,24.706,,24.875,-0.169,
2026-10-03 02:12:32,-1169.0,idle,,,,24.65,24.586,24.664,,24.875,-0.211,
2026-10-03 02:12:33,-1168.0,idle,,,,24.602,24.578,24.654,,24.812,-0.158,
2026-10-03 02:12:34,-1167.0,idle,,,,24.644,24.68,24.732,,24.812,-0.08,
2026-10-03 02:12:35,-1166.0,idle,,,,24.628,24.592,24.664,,24.875,-0.211,
2026-10-03 02:12:36,-1165.0,idle,,,,24.6,24.644,24.668,,24.875,-0.207,
2026-10-03 02:12:37,-1164.0,idle,,,,24.686,24.594,24.698,,24.875,-0.177,
2026-10-03 02:12:38,-1163.0,idle,,,,24.65,24.612,24.66,,24.812,-0.152,
2026-10-03 02:12:39,-1162.0,idle,,,,24.586,24.522,24.6,,24.812,-0.212,
2026-10-03 02:12:40,-1161.0,idle,,,,24.632,24.624,24.692,,24.875,-0.183,
2026-10-03 02:12:41,-1160.0,idle,,,,24.664,24.578,24.692,,24.875,-0.183,
2026-10-03 02:12:42,-1159.0,idle,,,,24.742,24.498,24.748,,24.812,-0.064,
2026-10-03 02:12:43,-1158.0,idle,,,,24.676,24.728,24.768,,24.812,-0.044,
2026-10-03 02:12:44,-1157.0,idle,,,,24.604,24.6,24.7,,24.812,-0.112,
2026-10-03 02:12:45,-1156.0,idle,,,,24.572,24.562,24.616,,24.812,-0.196,
2026-10-03 02:12:46,-1155.0,idle,,,,24.72,24.574,24.72,,24.812,-0.092,
2026-10-03 02:12:47,-1154.0,idle,,,,24.622,24.588,24.682,,24.875,-0.193,
2026-10-03 02:12:48,-1153.0,idle,,,,24.634,24.566,24.652,,24.875,-0.223,
2026-10-03 02:12:49,-1152.0,idle,,,,24.602,24.61,24.632,,24.875,-0.243,
2026-10-03 02:12:50,-1151.0,idle,,,,24.634,24.648,24.694,,24.875,-0.181,
2026-10-03 02:12:51,-1150.0,idle,,,,24.64,24.606,24.67,,24.812,-0.142,
2026-10-03 02:12:52,-1149.0,idle,,,,24.656,24.626,24.694,,24.812,-0.118,
2026-10-03 02:12:53,-1148.0,idle,,,,24.64,24.598,24.702,,24.812,-0.11,
2026-10-03 02:12:54,-1147.0,idle,,,,24.664,24.584,24.674,,24.875,-0.201,
2026-10-03 02:12:55,-1146.0,idle,,,,24.636,24.646,24.736,,24.875,-0.139,
2026-10-03 02:12:56,-1145.0,idle,,,,24.608,24.578,24.654,,24.875,-0.221,
2026-10-03 02:12:57,-1144.0,idle,,,,24.602,24.558,24.612,,24.875,-0.263,
2026-10-03 02:12:58,-1143.0,idle,,,,24.658,24.582,24.69,,24.875,-0.185,
2026-10-03 02:12:59,-1142.0,idle,,,,24.668,24.616,24.678,,24.875,-0.197,
2026-10-03 02:13:00,-1141.0,idle,,,,24.652,24.532,24.664,,24.812,-0.148,
2026-10-03 02:13:01,-1140.0,idle,,,,24.612,24.58,24.632,,24.875,-0.243,
2026-10-03 02:13:02,-1139.0,idle,,,,24.688,24.606,24.708,,24.875,-0.167,
2026-10-03 02:13:03,-1138.0,idle,,,,24.572,24.604,24.656,,24.812,-0.156,
2026-10-03 02:13:04,-1137.0,idle,,,,24.65,24.596,24.71,,24.812,-0.102,
2026-10-03 02:13:05,-1136.0,idle,,,,24.58,24.556,24.624,,24.812,-0.188,
2026-10-03 02:13:06,-1135.0,idle,,,,24.572,24.602,24.652,,24.812,-0.16,
2026-10-03 02:13:07,-1134.0,idle,,,,24.706,24.538,24.722,,24.875,-0.153,
2026-10-03 02:13:08,-1133.0,idle,,,,24.614,24.642,24.672,,24.875,-0.203,
2026-10-03 02:13:09,-1132.0,idle,,,,24.686,24.566,24.69,,24.875,-0.185,
2026-10-03 02:13:10,-1131.0,idle,,,,24.67,24.57,24.68,,24.812,-0.132,
2026-10-03 02:13:11,-1130.0,idle,,,,24.642,24.636,24.712,,24.812,-0.1,
2026-10-03 02:13:12,-1129.0,idle,,,,24.672,24.646,24.722,,24.812,-0.09,
2026-10-03 02:13:13,-1128.0,idle,,,,24.67,24.59,24.7,,24.812,-0.112,
2026-10-03 02:13:14,-1127.0,idle,,,,24.716,24.562,24.716,,24.812,-0.096,
2026-10-03 02:13:15,-1126.0,idle,,,,24.616,24.626,24.688,,24.812,-0.124,
2026-10-03 02:13:16,-1125.0,idle,,,,24.614,24.656,24.72,,24.875,-0.155,
2026-10-03 02:13:17,-1124.0,idle,,,,24.664,24.542,24.69,,24.875,-0.185,
2026-10-03 02:13:18,-1123.0,idle,,,,24.65,24.586,24.686,,24.812,-0.126,
2026-10-03 02:13:19,-1122.0,idle,,,,24.628,24.586,24.686,,24.875,-0.189,
2026-10-03 02:13:20,-1121.0,idle,,,,24.67,24.65,24.732,,24.875,-0.143,
2026-10-03 02:13:21,-1120.0,idle,,,,24.62,24.574,24.664,,24.812,-0.148,
2026-10-03 02:13:22,-1119.0,idle,,,,24.652,24.488,24.654,,24.812,-0.158,
2026-10-03 02:13:23,-1118.0,idle,,,,24.7,24.63,24.724,,24.812,-0.088,
2026-10-03 02:13:24,-1117.0,idle,,,,24.628,24.554,24.666,,24.812,-0.146,
2026-10-03 02:13:25,-1116.0,idle,,,,24.704,24.616,24.718,,24.812,-0.094,
2026-10-03 02:13:26,-1115.0,idle,,,,24.624,24.602,24.668,,24.812,-0.144,
2026-10-03 02:13:27,-1114.0,idle,,,,24.628,24.54,24.636,,24.812,-0.176,
2026-10-03 02:13:28,-1113.0,idle,,,,24.69,24.548,24.708,,24.812,-0.104,
2026-10-03 02:13:29,-1112.0,idle,,,,24.638,24.532,24.638,,24.812,-0.174,
2026-10-03 02:13:30,-1111.0,idle,,,,24.644,24.632,24.696,,24.812,-0.116,
2026-10-03 02:13:31,-1110.0,idle,,,,24.704,24.646,24.724,,24.812,-0.088,
2026-10-03 02:13:32,-1109.0,idle,,,,24.646,24.582,24.66,,24.812,-0.152,
2026-10-03 02:13:33,-1108.0,idle,,,,24.706,24.568,24.74,,24.812,-0.072,
2026-10-03 02:13:34,-1107.0,idle,,,,24.578,24.578,24.636,,24.812,-0.176,
2026-10-03 02:13:35,-1106.0,idle,,,,24.644,24.5,24.646,,24.812,-0.166,
2026-10-03 02:13:36,-1105.0,idle,,,,24.612,24.66,24.696,,24.812,-0.116,
2026-10-03 02:13:37,-1104.0,idle,,,,24.636,24.568,24.692,,24.812,-0.12,
2026-10-03 02:13:38,-1103.0,idle,,,,24.608,24.64,24.698,,24.812,-0.114,
2026-10-03 02:13:39,-1102.0,idle,,,,24.692,24.612,24.716,,24.812,-0.096,
2026-10-03 02:13:40,-1101.0,idle,,,,24.592,24.664,24.686,,24.812,-0.126,
2026-10-03 02:13:41,-1100.0,idle,,,,24.586,24.668,24.71,,24.812,-0.102,
2026-10-03 02:13:42,-1099.0,idle,,,,24.68,24.626,24.722,,24.812,-0.09,
2026-10-03 02:13:43,-1098.0,idle,,,,24.702,24.612,24.702,,24.812,-0.11,
2026-10-03 02:13:44,-1097.0,idle,,,,24.624,24.572,24.642,,24.812,-0.17,
2026-10-03 02:13:45,-1096.0,idle,,,,24.638,24.63,24.694,,24.812,-0.118,
2026-10-03 02:13:46,-1095.0,idle,,,,24.638,24.592,24.654,,24.812,-0.158,
2026-10-03 02:13:47,-1094.0,idle,,,,24.626,24.588,24.644,,24.812,-0.168,
2026-10-03 02:13:48,-1093.0,idle,,,,24.68,24.568,24.692,,24.812,-0.12,
2026-10-03 02:13:49,-1092.0,idle,,,,24.618,24.612,24.67,,24.812,-0.142,
2026-10-03 02:13:50,-1091.0,idle,,,,24.616,24.578,24.65,,24.812,-0.162,
2026-10-03 02:13:51,-1090.0,idle,,,,24.666,24.616,24.706,,24.812,-0.106,
2026-10-03 02:13:52,-1089.0,idle,,,,24.66,24.628,24.688,,24.812,-0.124,
2026-10-03 02:13:53,-1088.0,idle,,,,24.618,24.634,24.674,,24.812,-0.138,
2026-10-03 02:13:54,-1087.0,idle,,,,24.7,24.58,24.706,,24.812,-0.106,
2026-10-03 02:13:55,-1086.0,idle,,,,24.628,24.618,24.692,,24.812,-0.12,
2026-10-03 02:13:56,-1085.0,idle,,,,24.74,24.496,24.746,,24.812,-0.066,
2026-10-03 02:13:57,-1084.0,idle,,,,24.664,24.556,24.688,,24.812,-0.124,
2026-10-03 02:13:58,-1083.0,idle,,,,24.614,24.472,24.614,,24.812,-0.198,
2026-10-03 02:13:59,-1082.0,idle,,,,24.684,24.622,24.69,,24.812,-0.122,
2026-10-03 02:14:00,-1081.0,idle,,,,24.674,24.594,24.732,,24.812,-0.08,
2026-10-03 02:14:01,-1080.0,idle,,,,24.656,24.548,24.668,,24.812,-0.144,
2026-10-03 02:14:02,-1079.0,idle,,,,24.614,24.618,24.68,,24.812,-0.132,
2026-10-03 02:14:03,-1078.0,idle,,,,24.638,24.604,24.668,,24.812,-0.144,
2026-10-03 02:14:04,-1077.0,idle,,,,24.592,24.618,24.646,,24.812,-0.166,
2026-10-03 02:14:05,-1076.0,idle,,,,24.636,24.578,24.67,,24.812,-0.142,
2026-10-03 02:14:06,-1075.0,idle,,,,24.64,24.54,24.65,,24.812,-0.162,
2026-10-03 02:14:07,-1074.0,idle,,,,24.64,24.594,24.664,,24.812,-0.148,
2026-10-03 02:14:08,-1073.0,idle,,,,24.684,24.556,24.686,,24.812,-0.126,
2026-10-03 02:14:09,-1072.0,idle,,,,24.642,24.516,24.652,,24.812,-0.16,
2026-10-03 02:14:10,-1071.0,idle,,,,24.7,24.606,24.724,,24.812,-0.088,
2026-10-03 02:14:11,-1070.0,idle,,,,24.684,24.568,24.704,,24.812,-0.108,
2026-10-03 02:14:12,-1069.0,idle,,,,24.62,24.466,24.636,,24.812,-0.176,
2026-10-03 02:14:13,-1068.0,idle,,,,24.646,24.552,24.668,,24.812,-0.144,
2026-10-03 02:14:14,-1067.0,idle,,,,24.506,24.552,24.592,,24.812,-0.22,
2026-10-03 02:14:15,-1066.0,idle,,,,24.654,24.564,24.66,,24.812,-0.152,
2026-10-03 02:14:16,-1065.0,idle,,,,24.662,24.656,24.71,,24.812,-0.102,
2026-10-03 02:14:17,-1064.0,idle,,,,24.588,24.558,24.622,,24.812,-0.19,
2026-10-03 02:14:18,-1063.0,idle,,,,24.6,24.58,24.646,,24.812,-0.166,
2026-10-03 02:14:19,-1062.0,idle,,,,24.598,24.46,24.616,,24.812,-0.196,
2026-10-03 02:14:20,-1061.0,idle,,,,24.674,24.594,24.732,,24.812,-0.08,
2026-10-03 02:14:21,-1060.0,idle,,,,24.706,24.556,24.71,,24.812,-0.102,
2026-10-03 02:14:22,-1059.0,idle,,,,24.73,24.57,24.73,,24.812,-0.082,
2026-10-03 02:14:23,-1058.0,idle,,,,24.664,24.568,24.666,,24.812,-0.146,
2026-10-03 02:14:24,-1057.0,idle,,,,24.602,24.576,24.65,,24.812,-0.162,
2026-10-03 02:14:25,-1056.0,idle,,,,24.658,24.678,24.698,,24.812,-0.114,
2026-10-03 02:14:26,-1055.0,idle,,,,24.672,24.608,24.708,,24.812,-0.104,
2026-10-03 02:14:27,-1054.0,idle,,,,24.606,24.558,24.638,,24.812,-0.174,
2026-10-03 02:14:28,-1053.0,idle,,,,24.654,24.532,24.67,,24.812,-0.142,
2026-10-03 02:14:29,-1052.0,idle,,,,24.55,24.654,24.684,,24.812,-0.128,
2026-10-03 02:14:30,-1051.0,idle,,,,24.688,24.538,24.7,,24.812,-0.112,
2026-10-03 02:14:31,-1050.0,idle,,,,24.662,24.642,24.706,,24.812,-0.106,
2026-10-03 02:14:32,-1049.0,idle,,,,24.6,24.58,24.648,,24.812,-0.164,
2026-10-03 02:14:33,-1048.0,idle,,,,24.622,24.618,24.662,,24.812,-0.15,
2026-10-03 02:14:34,-1047.0,idle,,,,24.584,24.628,24.68,,24.812,-0.132,
2026-10-03 02:14:35,-1046.0,idle,,,,24.698,24.556,24.722,,24.812,-0.09,
2026-10-03 02:14:36,-1045.0,idle,,,,24.65,24.594,24.66,,24.812,-0.152,
2026-10-03 02:14:37,-1044.0,idle,,,,24.632,24.676,24.698,,24.812,-0.114,
2026-10-03 02:14:38,-1043.0,idle,,,,24.612,24.578,24.66,,24.812,-0.152,
2026-10-03 02:14:39,-1042.0,idle,,,,24.614,24.624,24.668,,24.812,-0.144,
2026-10-03 02:14:40,-1041.0,idle,,,,24.596,24.548,24.632,,24.812,-0.18,
2026-10-03 02:14:41,-1040.0,idle,,,,24.67,24.562,24.67,,24.812,-0.142,
2026-10-03 02:14:42,-1039.0,idle,,,,24.638,24.612,24.66,,24.812,-0.152,
2026-10-03 02:14:43,-1038.0,idle,,,,24.572,24.684,24.692,,24.812,-0.12,
2026-10-03 02:14:44,-1037.0,idle,,,,24.66,24.532,24.69,,24.812,-0.122,
2026-10-03 02:14:45,-1036.0,idle,,,,24.69,24.584,24.71,,24.812,-0.102,
2026-10-03 02:14:46,-1035.0,idle,,,,24.622,24.546,24.676,,24.812,-0.136,
2026-10-03 02:14:47,-1034.0,idle,,,,24.602,24.596,24.652,,24.812,-0.16,
2026-10-03 02:14:48,-1033.0,idle,,,,24.576,24.598,24.636,,24.812,-0.176,
2026-10-03 02:14:49,-1032.0,idle,,,,24.574,24.596,24.7,,24.812,-0.112,
2026-10-03 02:14:50,-1031.0,idle,,,,24.654,24.602,24.69,,24.812,-0.122,
2026-10-03 02:14:51,-1030.0,idle,,,,24.57,24.456,24.57,,24.812,-0.242,
2026-10-03 02:14:52,-1029.0,idle,,,,24.73,24.626,24.79,,24.812,-0.022,
2026-10-03 02:14:53,-1028.0,idle,,,,24.568,24.574,24.608,,24.812,-0.204,
2026-10-03 02:14:54,-1027.0,idle,,,,24.606,24.506,24.62,,24.812,-0.192,
2026-10-03 02:14:55,-1026.0,idle,,,,24.532,24.562,24.608,,24.812,-0.204,
2026-10-03 02:14:56,-1025.0,idle,,,,24.618,24.58,24.64,,24.812,-0.172,
2026-10-03 02:14:57,-1024.0,idle,,,,24.638,24.602,24.684,,24.812,-0.128,
2026-10-03 02:14:58,-1023.0,idle,,,,24.656,24.652,24.704,,24.812,-0.108,
2026-10-03 02:14:59,-1022.0,idle,,,,24.686,24.56,24.708,,24.812,-0.104,
2026-10-03 02:15:00,-1021.0,idle,,,,24.604,24.524,24.632,,24.812,-0.18,
2026-10-03 02:15:01,-1020.0,idle,,,,24.622,24.588,24.66,,24.812,-0.152,
2026-10-03 02:15:02,-1019.0,idle,,,,24.618,24.566,24.656,,24.812,-0.156,
2026-10-03 02:15:03,-1018.0,idle,,,,24.628,24.602,24.66,,24.812,-0.152,
2026-10-03 02:15:04,-1017.0,idle,,,,24.628,24.616,24.708,,24.812,-0.104,
2026-10-03 02:15:05,-1016.0,idle,,,,24.73,24.568,24.73,,24.812,-0.082,
2026-10-03 02:15:06,-1015.0,idle,,,,24.716,24.596,24.738,,24.812,-0.074,
2026-10-03 02:15:07,-1014.0,idle,,,,24.582,24.564,24.602,,24.812,-0.21,
2026-10-03 02:15:08,-1013.0,idle,,,,24.602,24.546,24.648,,24.812,-0.164,
2026-10-03 02:15:09,-1012.0,idle,,,,24.672,24.57,24.682,,24.812,-0.13,
2026-10-03 02:15:10,-1011.0,idle,,,,24.62,24.548,24.634,,24.812,-0.178,
2026-10-03 02:15:11,-1010.0,idle,,,,24.626,24.492,24.63,,24.812,-0.182,
2026-10-03 02:15:12,-1009.0,idle,,,,24.612,24.55,24.662,,24.812,-0.15,
2026-10-03 02:15:13,-1008.0,idle,,,,24.638,24.508,24.638,,24.812,-0.174,
2026-10-03 02:15:14,-1007.0,idle,,,,24.644,24.534,24.672,,24.812,-0.14,
2026-10-03 02:15:15,-1006.0,idle,,,,24.678,24.594,24.692,,24.812,-0.12,
2026-10-03 02:15:16,-1005.0,idle,,,,24.618,24.546,24.65,,24.812,-0.162,
2026-10-03 02:15:17,-1004.0,idle,,,,24.626,24.664,24.676,,24.812,-0.136,
2026-10-03 02:15:18,-1003.0,idle,,,,24.65,24.556,24.66,,24.812,-0.152,
2026-10-03 02:15:19,-1002.0,idle,,,,24.694,24.53,24.694,,24.812,-0.118,
2026-10-03 02:15:20,-1001.0,idle,,,,24.63,24.54,24.64,,24.812,-0.172,
2026-10-03 02:15:21,-1000.0,idle,,,,24.68,24.572,24.698,,24.812,-0.114,
2026-10-03 02:15:22,-999.0,idle,,,,24.58,24.594,24.636,,24.812,-0.176,
2026-10-03 02:15:23,-998.0,idle,,,,24.692,24.568,24.706,,24.812,-0.106,
2026-10-03 02:15:24,-997.0,idle,,,,24.664,24.546,24.67,,24.812,-0.142,
2026-10-03 02:15:25,-996.0,idle,,,,24.582,24.514,24.604,,24.812,-0.208,
2026-10-03 02:15:26,-995.0,idle,,,,24.668,24.576,24.726,,24.812,-0.086,
2026-10-03 02:15:27,-994.0,idle,,,,24.678,24.562,24.69,,24.812,-0.122,
2026-10-03 02:15:28,-993.0,idle,,,,24.576,24.61,24.628,,24.812,-0.184,
2026-10-03 02:15:29,-992.0,idle,,,,24.648,24.594,24.696,,24.812,-0.116,
2026-10-03 02:15:30,-991.0,idle,,,,24.644,24.554,24.658,,24.812,-0.154,
2026-10-03 02:15:31,-990.0,idle,,,,24.698,24.538,24.698,,24.812,-0.114,
2026-10-03 02:15:32,-989.0,idle,,,,24.574,24.512,24.624,,24.812,-0.188,
2026-10-03 02:15:33,-988.0,idle,,,,24.752,24.596,24.754,,24.812,-0.058,
2026-10-03 02:15:34,-987.0,idle,,,,24.636,24.538,24.68,,24.812,-0.132,
2026-10-03 02:15:35,-986.0,idle,,,,24.694,24.53,24.708,,24.812,-0.104,
2026-10-03 02:15:36,-985.0,idle,,,,24.634,24.544,24.646,,24.812,-0.166,
2026-10-03 02:15:37,-984.0,idle,,,,24.682,24.466,24.688,,24.812,-0.124,
2026-10-03 02:15:38,-983.0,idle,,,,24.596,24.532,24.614,,24.812,-0.198,
2026-10-03 02:15:39,-982.0,idle,,,,24.674,24.586,24.704,,24.812,-0.108,
2026-10-03 02:15:40,-981.0,idle,,,,24.554,24.648,24.656,,24.812,-0.156,
2026-10-03 02:15:41,-980.0,idle,,,,24.686,24.606,24.7,,24.812,-0.112,
2026-10-03 02:15:42,-979.0,idle,,,,24.696,24.638,24.768,,24.812,-0.044,
2026-10-03 02:15:43,-978.0,idle,,,,24.618,24.69,24.726,,24.812,-0.086,
2026-10-03 02:15:44,-977.0,idle,,,,24.642,24.67,24.696,,24.812,-0.116,
2026-10-03 02:15:45,-976.0,idle,,,,24.66,24.614,24.664,,24.812,-0.148,
2026-10-03 02:15:46,-975.0,idle,,,,24.614,24.594,24.626,,24.812,-0.186,
2026-10-03 02:15:47,-974.0,idle,,,,24.656,24.64,24.698,,24.812,-0.114,
2026-10-03 02:15:48,-973.0,idle,,,,24.664,24.556,24.696,,24.812,-0.116,
2026-10-03 02:15:49,-972.0,idle,,,,24.614,24.536,24.62,,24.812,-0.192,
2026-10-03 02:15:50,-971.0,idle,,,,24.532,24.562,24.598,,24.812,-0.214,
2026-10-03 02:15:51,-970.0,idle,,,,24.596,24.616,24.67,,24.812,-0.142,
2026-10-03 02:15:52,-969.0,idle,,,,24.71,24.582,24.716,,24.812,-0.096,
2026-10-03 02:15:53,-968.0,idle,,,,24.692,24.63,24.74,,24.812,-0.072,
2026-10-03 02:15:54,-967.0,idle,,,,24.608,24.622,24.644,,24.812,-0.168,
2026-10-03 02:15:55,-966.0,idle,,,,24.558,24.608,24.634,,24.812,-0.178,
2026-10-03 02:15:56,-965.0,idle,,,,24.616,24.616,24.706,,24.812,-0.106,
2026-10-03 02:15:57,-964.0,idle,,,,24.6,24.584,24.626,,24.812,-0.186,
2026-10-03 02:15:58,-963.0,idle,,,,24.58,24.608,24.646,,24.812,-0.166,
2026-10-03 02:15:59,-962.0,idle,,,,24.584,24.64,24.67,,24.812,-0.142,
2026-10-03 02:16:00,-961.0,idle,,,,24.702,24.594,24.748,,24.812,-0.064,
2026-10-03 02:16:01,-960.0,idle,,,,24.624,24.612,24.674,,24.812,-0.138,
2026-10-03 02:16:02,-959.0,idle,,,,24.632,24.498,24.632,,24.812,-0.18,
2026-10-03 02:16:03,-958.0,idle,,,,24.666,24.568,24.684,,24.812,-0.128,
2026-10-03 02:16:04,-957.0,idle,,,,24.628,24.578,24.658,,24.812,-0.154,
2026-10-03 02:16:05,-956.0,idle,,,,24.642,24.614,24.664,,24.812,-0.148,
2026-10-03 02:16:06,-955.0,idle,,,,24.618,24.634,24.684,,24.812,-0.128,
2026-10-03 02:16:07,-954.0,idle,,,,24.64,24.556,24.664,,24.812,-0.148,
2026-10-03 02:16:08,-953.0,idle,,,,24.65,24.566,24.674,,24.812,-0.138,
2026-10-03 02:16:09,-952.0,idle,,,,24.604,24.526,24.616,,24.812,-0.196,
2026-10-03 02:16:10,-951.0,idle,,,,24.716,24.552,24.728,,24.812,-0.084,
2026-10-03 02:16:11,-950.0,idle,,,,24.69,24.584,24.708,,24.812,-0.104,
2026-10-03 02:16:12,-949.0,idle,,,,24.628,24.6,24.676,,24.812,-0.136,
2026-10-03 02:16:13,-948.0,idle,,,,24.706,24.526,24.71,,24.812,-0.102,
2026-10-03 02:16:14,-947.0,idle,,,,24.606,24.59,24.658,,24.812,-0.154,
2026-10-03 02:16:15,-946.0,idle,,,,24.588,24.564,24.62,,24.812,-0.192,
2026-10-03 02:16:16,-945.0,idle,,,,24.588,24.584,24.666,,24.812,-0.146,
2026-10-03 02:16:17,-944.0,idle,,,,24.708,24.566,24.708,,24.812,-0.104,
2026-10-03 02:16:18,-943.0,idle,,,,24.588,24.612,24.638,,24.812,-0.174,
2026-10-03 02:16:19,-942.0,idle,,,,24.7,24.546,24.7,,24.812,-0.112,
2026-10-03 02:16:20,-941.0,idle,,,,24.586,24.612,24.648,,24.812,-0.164,
2026-10-03 02:16:21,-940.0,idle,,,,24.648,24.51,24.648,,24.812,-0.164,
2026-10-03 02:16:22,-939.0,idle,,,,24.646,24.626,24.702,,24.812,-0.11,
2026-10-03 02:16:23,-938.0,idle,,,,24.622,24.614,24.678,,24.812,-0.134,
2026-10-03 02:16:24,-937.0,idle,,,,24.616,24.564,24.662,,24.812,-0.15,
2026-10-03 02:16:25,-936.0,idle,,,,24.64,24.482,24.65,,24.812,-0.162,
2026-10-03 02:16:26,-935.0,idle,,,,24.596,24.606,24.652,,24.812,-0.16,
2026-10-03 02:16:27,-934.0,idle,,,,24.624,24.558,24.632,,24.812,-0.18,
2026-10-03 02:16:28,-933.0,idle,,,,24.604,24.556,24.652,,24.812,-0.16,
2026-10-03 02:16:29,-932.0,idle,,,,24.674,24.57,24.714,,24.812,-0.098,
2026-10-03 02:16:30,-931.0,idle,,,,24.63,24.544,24.638,,24.812,-0.174,
2026-10-03 02:16:31,-930.0,idle,,,,24.6,24.492,24.6,,24.812,-0.212,
2026-10-03 02:16:32,-929.0,idle,,,,24.62,24.538,24.644,,24.812,-0.168,
2026-10-03 02:16:33,-928.0,idle,,,,24.596,24.566,24.626,,24.812,-0.186,
2026-10-03 02:16:34,-927.0,idle,,,,24.64,24.6,24.682,,24.812,-0.13,
2026-10-03 02:16:35,-926.0,idle,,,,24.608,24.606,24.65,,24.812,-0.162,
2026-10-03 02:16:36,-925.0,idle,,,,24.572,24.532,24.602,,24.812,-0.21,
2026-10-03 02:16:37,-924.0,idle,,,,24.566,24.618,24.618,,24.812,-0.194,
2026-10-03 02:16:38,-923.0,idle,,,,24.576,24.518,24.626,,24.812,-0.186,
2026-10-03 02:16:39,-922.0,idle,,,,24.704,24.518,24.724,,24.812,-0.088,
2026-10-03 02:16:40,-921.0,idle,,,,24.618,24.652,24.702,,24.812,-0.11,
2026-10-03 02:16:41,-920.0,idle,,,,24.548,24.608,24.648,,24.812,-0.164,
2026-10-03 02:16:42,-919.0,idle,,,,24.586,24.588,24.668,,24.812,-0.144,
2026-10-03 02:16:43,-918.0,idle,,,,24.636,24.57,24.664,,24.812,-0.148,
2026-10-03 02:16:44,-917.0,idle,,,,24.622,24.516,24.638,,24.812,-0.174,
2026-10-03 02:16:45,-916.0,idle,,,,24.626,24.616,24.662,,24.812,-0.15,
2026-10-03 02:16:46,-915.0,idle,,,,24.598,24.576,24.64,,24.812,-0.172,
2026-10-03 02:16:47,-914.0,idle,,,,24.598,24.672,24.722,,24.812,-0.09,
2026-10-03 02:16:48,-913.0,idle,,,,24.682,24.576,24.684,,24.812,-0.128,
2026-10-03 02:16:49,-912.0,idle,,,,24.586,24.592,24.638,,24.812,-0.174,
2026-10-03 02:16:50,-911.0,idle,,,,24.648,24.576,24.686,,24.812,-0.126,
2026-10-03 02:16:51,-910.0,idle,,,,24.616,24.582,24.648,,24.812,-0.164,
2026-10-03 02:16:52,-909.0,idle,,,,24.572,24.55,24.64,,24.812,-0.172,
2026-10-03 02:16:53,-908.0,idle,,,,24.64,24.544,24.67,,24.812,-0.142,
2026-10-03 02:16:54,-907.0,idle,,,,24.694,24.512,24.706,,24.812,-0.106,
2026-10-03 02:16:55,-906.0,idle,,,,24.67,24.52,24.674,,24.812,-0.138,
2026-10-03 02:16:56,-905.0,idle,,,,24.624,24.582,24.67,,24.812,-0.142,
2026-10-03 02:16:57,-904.0,idle,,,,24.646,24.588,24.694,,24.812,-0.118,
2026-10-03 02:16:58,-903.0,idle,,,,24.638,24.574,24.644,,24.812,-0.168,
2026-10-03 02:16:59,-902.0,idle,,,,24.598,24.556,24.62,,24.812,-0.192,
2026-10-03 02:17:00,-901.0,idle,,,,24.57,24.604,24.642,,24.812,-0.17,
2026-10-03 02:17:01,-900.0,idle,,,,24.644,24.62,24.666,,24.812,-0.146,
2026-10-03 02:17:02,-899.0,idle,,,,24.694,24.588,24.7,,24.812,-0.112,
2026-10-03 02:17:03,-898.0,idle,,,,24.636,24.686,24.714,,24.812,-0.098,
2026-10-03 02:17:04,-897.0,idle,,,,24.608,24.638,24.692,,24.812,-0.12,
2026-10-03 02:17:05,-896.0,idle,,,,24.572,24.546,24.626,,24.812,-0.186,
2026-10-03 02:17:06,-895.0,idle,,,,24.62,24.568,24.66,,24.812,-0.152,
2026-10-03 02:17:07,-894.0,idle,,,,24.654,24.574,24.678,,24.812,-0.134,
2026-10-03 02:17:08,-893.0,idle,,,,24.576,24.592,24.642,,24.812,-0.17,
2026-10-03 02:17:09,-892.0,idle,,,,24.56,24.478,24.576,,24.812,-0.236,
2026-10-03 02:17:10,-891.0,idle,,,,24.546,24.56,24.612,,24.812,-0.2,
2026-10-03 02:17:11,-890.0,idle,,,,24.622,24.532,24.652,,24.812,-0.16,
2026-10-03 02:17:12,-889.0,idle,,,,24.63,24.516,24.642,,24.812,-0.17,
2026-10-03 02:17:13,-888.0,idle,,,,24.64,24.65,24.676,,24.812,-0.136,
2026-10-03 02:17:14,-887.0,idle,,,,24.586,24.582,24.63,,24.812,-0.182,
2026-10-03 02:17:15,-886.0,idle,,,,24.618,24.656,24.686,,24.812,-0.126,
2026-10-03 02:17:16,-885.0,idle,,,,24.644,24.656,24.672,,24.812,-0.14,
2026-10-03 02:17:17,-884.0,idle,,,,24.656,24.756,24.762,,24.812,-0.05,
2026-10-03 02:17:18,-883.0,idle,,,,24.626,24.744,24.756,,24.812,-0.056,
2026-10-03 02:17:19,-882.0,idle,,,,24.688,24.818,24.822,,24.812,0.01,
2026-10-03 02:17:20,-881.0,idle,,,,24.726,24.8,24.842,,24.812,0.03,
2026-10-03 02:17:21,-880.0,idle,,,,24.76,24.81,24.848,,24.812,0.036,
2026-10-03 02:17:22,-879.0,idle,,,,24.788,24.814,24.878,,24.812,0.066,
2026-10-03 02:17:23,-878.0,idle,,,,24.762,24.876,24.894,,24.812,0.082,
2026-10-03 02:17:24,-877.0,idle,,,,24.718,24.87,24.87,,24.812,0.058,
2026-10-03 02:17:25,-876.0,idle,,,,24.702,24.946,24.946,,24.812,0.134,
2026-10-03 02:17:26,-875.0,idle,,,,24.674,24.904,24.918,,24.812,0.106,
2026-10-03 02:17:27,-874.0,idle,,,,24.676,25.036,25.036,,24.812,0.224,
2026-10-03 02:17:28,-873.0,idle,,,,24.63,24.908,24.908,,24.812,0.096,
2026-10-03 02:17:29,-872.0,idle,,,,24.71,25.032,25.032,,24.812,0.22,
2026-10-03 02:17:30,-871.0,idle,,,,24.74,24.994,25.004,,24.875,0.129,
2026-10-03 02:17:31,-870.0,idle,,,,24.968,25.034,25.064,,24.875,0.189,
2026-10-03 02:17:32,-869.0,idle,,,,24.862,25.01,25.01,,24.875,0.135,
2026-10-03 02:17:33,-868.0,idle,,,,24.752,25.068,25.068,,24.875,0.193,
2026-10-03 02:17:34,-867.0,idle,,,,24.75,25.076,25.1,,24.875,0.225,
2026-10-03 02:17:35,-866.0,idle,,,,24.79,25.09,25.09,,24.875,0.215,
2026-10-03 02:17:36,-865.0,idle,,,,24.85,25.128,25.128,,24.875,0.253,
2026-10-03 02:17:37,-864.0,idle,,,,24.846,25.092,25.108,,24.875,0.233,
2026-10-03 02:17:38,-863.0,idle,,,,24.854,25.156,25.156,,24.875,0.281,
2026-10-03 02:17:39,-862.0,idle,,,,24.902,25.194,25.194,,24.937,0.257,
2026-10-03 02:17:40,-861.0,idle,,,,24.99,25.334,25.334,,24.937,0.397,
2026-10-03 02:17:41,-860.0,idle,,,,24.968,25.304,25.304,,24.937,0.367,
2026-10-03 02:17:42,-859.0,idle,,,,24.926,25.286,25.286,,24.937,0.349,
2026-10-03 02:17:43,-858.0,idle,,,,24.908,25.212,25.212,,24.937,0.275,
2026-10-03 02:17:44,-857.0,idle,,,,24.884,25.182,25.182,,24.937,0.245,
2026-10-03 02:17:45,-856.0,idle,,,,24.942,25.216,25.216,,24.937,0.279,
2026-10-03 02:17:46,-855.0,idle,,,,24.886,25.088,25.096,,24.937,0.159,
2026-10-03 02:17:47,-854.0,idle,,,,24.848,25.082,25.094,,24.937,0.157,
2026-10-03 02:17:48,-853.0,idle,,,,24.95,25.084,25.108,,24.937,0.171,
2026-10-03 02:17:49,-852.0,idle,,,,24.94,25.1,25.1,,24.937,0.163,
2026-10-03 02:17:50,-851.0,idle,,,,24.902,25.066,25.066,,24.937,0.129,
2026-10-03 02:17:51,-850.0,idle,,,,24.888,24.994,25.022,,24.937,0.085,
2026-10-03 02:17:52,-849.0,idle,,,,24.876,24.942,24.994,,24.937,0.057,
2026-10-03 02:17:53,-848.0,idle,,,,24.85,24.9,24.942,,24.937,0.005,
2026-10-03 02:17:54,-847.0,idle,,,,24.838,24.924,24.94,,24.937,0.003,
2026-10-03 02:17:55,-846.0,idle,,,,24.764,24.866,24.872,,24.937,-0.065,
2026-10-03 02:17:56,-845.0,idle,,,,24.842,24.854,24.882,,24.937,-0.055,
2026-10-03 02:17:57,-844.0,idle,,,,24.898,24.954,24.978,,24.937,0.041,
2026-10-03 02:17:58,-843.0,idle,,,,24.89,24.868,24.916,,24.937,-0.021,
2026-10-03 02:17:59,-842.0,idle,,,,24.84,24.864,24.912,,24.937,-0.025,
2026-10-03 02:18:00,-841.0,idle,,,,24.728,24.772,24.806,,24.937,-0.131,
2026-10-03 02:18:01,-840.0,idle,,,,24.752,24.814,24.848,,24.937,-0.089,
2026-10-03 02:18:02,-839.0,idle,,,,24.894,24.808,24.938,,24.937,0.001,
2026-10-03 02:18:03,-838.0,idle,,,,24.802,24.796,24.852,,24.875,-0.023,
2026-10-03 02:18:04,-837.0,idle,,,,24.908,24.938,24.976,,24.875,0.101,
2026-10-03 02:18:05,-836.0,idle,,,,24.878,24.828,24.92,,24.875,0.045,
2026-10-03 02:18:06,-835.0,idle,,,,24.938,24.93,25.0,,24.937,0.063,
2026-10-03 02:18:07,-834.0,idle,,,,24.828,24.988,25.036,,24.937,0.099,
2026-10-03 02:18:08,-833.0,idle,,,,24.826,24.932,24.956,,24.937,0.019,
2026-10-03 02:18:09,-832.0,idle,,,,24.902,25.002,25.052,,24.937,0.115,
2026-10-03 02:18:10,-831.0,idle,,,,24.972,24.932,25.03,,24.937,0.093,
2026-10-03 02:18:11,-830.0,idle,,,,24.928,25.062,25.088,,24.937,0.151,
2026-10-03 02:18:12,-829.0,idle,,,,24.912,25.126,25.14,,24.937,0.203,
2026-10-03 02:18:13,-828.0,idle,,,,25.038,25.134,25.166,,24.937,0.229,
2026-10-03 02:18:14,-827.0,idle,,,,24.976,25.178,25.19,,24.937,0.253,
2026-10-03 02:18:15,-826.0,idle,,,,24.958,25.13,25.154,,24.937,0.217,
2026-10-03 02:18:16,-825.0,idle,,,,24.956,25.178,25.178,,24.937,0.241,
2026-10-03 02:18:17,-824.0,idle,,,,24.972,25.15,25.174,,24.937,0.237,
2026-10-03 02:18:18,-823.0,idle,,,,24.956,25.182,25.182,,24.937,0.245,
2026-10-03 02:18:19,-822.0,idle,,,,24.944,25.152,25.156,,24.937,0.219,
2026-10-03 02:18:20,-821.0,idle,,,,24.926,25.144,25.15,,24.937,0.213,
2026-10-03 02:18:21,-820.0,idle,,,,24.94,25.114,25.126,,24.937,0.189,
2026-10-03 02:18:22,-819.0,idle,,,,25.022,25.18,25.188,,24.937,0.251,
2026-10-03 02:18:23,-818.0,idle,,,,24.88,25.176,25.186,,24.937,0.249,
2026-10-03 02:18:24,-817.0,idle,,,,24.912,25.148,25.156,,25.0,0.156,
2026-10-03 02:18:25,-816.0,idle,,,,25.006,25.14,25.164,,25.0,0.164,
2026-10-03 02:18:26,-815.0,idle,,,,25.01,25.194,25.2,,25.0,0.2,
2026-10-03 02:18:27,-814.0,idle,,,,25.0,25.15,25.156,,25.0,0.156,
2026-10-03 02:18:28,-813.0,idle,,,,24.968,25.182,25.188,,25.0,0.188,
2026-10-03 02:18:29,-812.0,idle,,,,24.964,25.128,25.128,,25.0,0.128,
2026-10-03 02:18:30,-811.0,idle,,,,24.936,25.016,25.028,,25.0,0.028,
2026-10-03 02:18:31,-810.0,idle,,,,25.014,25.054,25.09,,24.937,0.153,
2026-10-03 02:18:32,-809.0,idle,,,,24.892,25.072,25.078,,24.937,0.141,
2026-10-03 02:18:33,-808.0,idle,,,,24.906,25.076,25.076,,25.0,0.076,
2026-10-03 02:18:34,-807.0,idle,,,,24.92,24.966,24.988,,25.0,-0.012,
2026-10-03 02:18:35,-806.0,idle,,,,24.878,24.908,24.932,,25.0,-0.068,
2026-10-03 02:18:36,-805.0,idle,,,,24.838,24.898,24.928,,25.0,-0.072,
2026-10-03 02:18:37,-804.0,idle,,,,24.8,24.908,24.926,,25.0,-0.074,
2026-10-03 02:18:38,-803.0,idle,,,,24.828,24.98,24.998,,25.0,-0.002,
2026-10-03 02:18:39,-802.0,idle,,,,24.898,24.974,24.99,,25.0,-0.01,
2026-10-03 02:18:40,-801.0,idle,,,,24.902,24.896,24.94,,25.0,-0.06,
2026-10-03 02:18:41,-800.0,idle,,,,24.922,24.942,24.976,,25.0,-0.024,
2026-10-03 02:18:42,-799.0,idle,,,,24.788,25.008,25.008,,25.0,0.008,
2026-10-03 02:18:43,-798.0,idle,,,,24.792,24.924,24.932,,25.0,-0.068,
2026-10-03 02:18:44,-797.0,idle,,,,24.83,24.952,24.954,,24.937,0.017,
2026-10-03 02:18:45,-796.0,idle,,,,24.812,24.94,24.952,,24.937,0.015,
2026-10-03 02:18:46,-795.0,idle,,,,24.808,24.926,24.928,,24.937,-0.009,
2026-10-03 02:18:47,-794.0,idle,,,,24.812,24.986,25.006,,24.937,0.069,
2026-10-03 02:18:48,-793.0,idle,,,,24.804,25.004,25.004,,24.937,0.067,
2026-10-03 02:18:49,-792.0,idle,,,,24.776,25.074,25.074,,25.0,0.074,
2026-10-03 02:18:50,-791.0,idle,,,,24.83,25.104,25.104,,25.0,0.104,
2026-10-03 02:18:51,-790.0,idle,,,,24.884,25.118,25.12,,25.0,0.12,
2026-10-03 02:18:52,-789.0,idle,,,,25.034,24.986,25.046,,25.0,0.046,
2026-10-03 02:18:53,-788.0,idle,,,,24.932,25.07,25.082,,25.0,0.082,
2026-10-03 02:18:54,-787.0,idle,,,,24.996,25.146,25.178,,25.0,0.178,
2026-10-03 02:18:55,-786.0,idle,,,,24.816,25.124,25.124,,25.0,0.124,
2026-10-03 02:18:56,-785.0,idle,,,,24.93,25.088,25.108,,25.0,0.108,
2026-10-03 02:18:57,-784.0,idle,,,,25.004,25.054,25.1,,25.0,0.1,
2026-10-03 02:18:58,-783.0,idle,,,,24.99,25.07,25.086,,25.0,0.086,
2026-10-03 02:18:59,-782.0,idle,4.8398,-0.8326,-4.0292,24.906,25.156,25.156,,25.0,0.156,
2026-10-03 02:19:00,-781.0,idle,4.8611,-0.9616,-4.674,24.832,25.098,25.098,,25.0,0.098,
2026-10-03 02:19:01,-780.0,idle,4.8456,-0.9879,-4.7855,24.914,25.086,25.088,,25.0,0.088,
2026-10-03 02:19:02,-779.0,idle,4.8191,-0.9905,-4.7745,24.96,25.106,25.11,,25.0,0.11,
2026-10-03 02:19:03,-778.0,idle,4.8525,-0.9912,-4.8095,24.986,25.12,25.132,,25.0,0.132,
2026-10-03 02:19:04,-777.0,idle,4.8608,-0.9914,-4.8195,24.918,25.14,25.144,,25.0,0.144,
2026-10-03 02:19:05,-776.0,idle,4.9779,-0.9909,-4.933,25.062,25.142,25.164,,25.0,0.164,
2026-10-03 02:19:06,-775.0,idle,5.0002,-0.991,-4.9555,24.978,25.256,25.272,,25.0,0.272,
2026-10-03 02:19:07,-774.0,idle,4.9913,-0.9916,-4.9495,25.132,25.272,25.288,,25.0,0.288,
2026-10-03 02:19:08,-773.0,idle,4.9709,-0.9911,-4.927,25.08,25.238,25.244,,25.0,0.244,
2026-10-03 02:19:09,-772.0,idle,4.9899,-0.9913,-4.948,25.05,25.316,25.316,,25.0,0.316,
2026-10-03 02:19:10,-771.0,idle,4.971,-0.9907,-4.925,25.06,25.342,25.352,,25.0,0.352,
2026-10-03 02:19:11,-770.0,idle,4.9499,-0.9911,-4.9065,25.176,25.292,25.304,,25.0,0.304,
2026-10-03 02:19:12,-769.0,idle,4.9835,-0.9907,-4.938,25.122,25.318,25.318,,25.0,0.318,
2026-10-03 02:19:13,-768.0,idle,4.9336,-0.9914,-4.892,25.134,25.314,25.314,,25.0,0.314,
2026-10-03 02:19:14,-767.0,idle,4.9393,-0.991,-4.895,25.136,25.366,25.37,,25.062,0.308,
2026-10-03 02:19:15,-766.0,idle,4.951,-0.9909,-4.9065,25.2,25.372,25.372,,25.062,0.31,
2026-10-03 02:19:16,-765.0,idle,4.9426,-0.991,-4.898,25.158,25.268,25.306,,25.062,0.244,
2026-10-03 02:19:17,-764.0,idle,4.9881,-0.9913,-4.9455,25.09,25.334,25.334,,25.062,0.272,
2026-10-03 02:19:18,-763.0,idle,5.0151,-0.9911,-4.9715,25.044,25.224,25.228,,25.062,0.166,
2026-10-03 02:19:19,-762.0,idle,4.9986,-0.9912,-4.954,25.1,25.252,25.252,,25.062,0.19,
2026-10-03 02:19:20,-761.0,idle,4.9892,-0.9906,-4.942,25.066,25.196,25.198,,25.062,0.136,
2026-10-03 02:19:21,-760.0,idle,4.9785,-0.9912,-4.9325,25.064,25.186,25.186,,25.062,0.124,
2026-10-03 02:19:22,-759.0,idle,4.9674,-0.9908,-4.922,25.04,25.13,25.174,,25.062,0.112,
2026-10-03 02:19:23,-758.0,idle,4.9684,-0.9912,-4.923,24.95,25.2,25.204,,25.062,0.142,
2026-10-03 02:19:24,-757.0,idle,4.975,-0.9916,-4.9325,24.93,25.012,25.04,,25.062,-0.022,
2026-10-03 02:19:25,-756.0,idle,4.9661,-0.9914,-4.924,25.056,25.036,25.11,,25.062,0.048,
2026-10-03 02:19:26,-755.0,idle,4.9689,-0.991,-4.9245,24.972,25.06,25.092,,25.062,0.03,
2026-10-03 02:19:27,-754.0,idle,4.9811,-0.9912,-4.938,25.004,24.964,25.036,,25.062,-0.026,
2026-10-03 02:19:28,-753.0,idle,4.9774,-0.9913,-4.9335,24.948,24.928,24.994,,25.062,-0.068,
2026-10-03 02:19:29,-752.0,idle,4.9779,-0.9911,-4.9375,25.01,24.99,25.088,,25.0,0.088,
2026-10-03 02:19:30,-751.0,idle,4.9766,-0.9914,-4.9345,24.882,24.936,24.94,,25.0,-0.06,
2026-10-03 02:19:31,-750.0,idle,4.9971,-0.9911,-4.9535,25.064,24.866,25.086,,25.0,0.086,
2026-10-03 02:19:32,-749.0,idle,4.9759,-0.9915,-4.9355,24.96,24.854,24.97,,25.0,-0.03,
2026-10-03 02:19:33,-748.0,idle,4.9761,-0.9914,-4.933,24.9,24.868,24.942,,25.0,-0.058,
2026-10-03 02:19:34,-747.0,idle,4.9693,-0.9915,-4.9275,24.86,24.866,24.918,,25.0,-0.082,
2026-10-03 02:19:35,-746.0,idle,4.9619,-0.9914,-4.9195,24.996,24.798,25.032,,25.0,0.032,
2026-10-03 02:19:36,-745.0,idle,4.9644,-0.9911,-4.9205,24.924,24.928,25.0,,25.0,0.0,
2026-10-03 02:19:37,-744.0,idle,4.9572,-0.9916,-4.9165,24.952,24.848,24.974,,25.0,-0.026,
2026-10-03 02:19:38,-743.0,idle,4.9805,-0.9915,-4.938,24.964,24.758,24.964,,25.0,-0.036,
2026-10-03 02:19:39,-742.0,idle,4.9555,-0.9914,-4.9155,24.838,24.814,24.886,,25.0,-0.114,
2026-10-03 02:19:40,-741.0,idle,4.9544,-0.9913,-4.914,24.924,24.828,24.932,,25.0,-0.068,
2026-10-03 02:19:41,-740.0,idle,4.9632,-0.9914,-4.9185,24.89,24.77,24.898,,25.0,-0.102,
2026-10-03 02:19:42,-739.0,idle,5.001,-0.9914,-4.9585,24.846,24.802,24.88,,25.0,-0.12,
2026-10-03 02:19:43,-738.0,idle,4.9922,-0.9914,-4.9495,24.91,24.79,24.916,,25.0,-0.084,
2026-10-03 02:19:44,-737.0,idle,4.9839,-0.9915,-4.9415,24.926,24.824,24.94,,25.0,-0.06,
2026-10-03 02:19:45,-736.0,idle,4.9712,-0.9914,-4.9285,24.868,24.844,24.926,,25.0,-0.074,
2026-10-03 02:19:46,-735.0,idle,4.9631,-0.9916,-4.9235,24.914,24.778,24.924,,25.0,-0.076,
2026-10-03 02:19:47,-734.0,idle,4.9591,-0.9914,-4.9175,24.886,24.724,24.89,,25.0,-0.11,
2026-10-03 02:19:48,-733.0,idle,4.9718,-0.9909,-4.927,24.862,24.824,24.93,,25.0,-0.07,
2026-10-03 02:19:49,-732.0,idle,4.9616,-0.9914,-4.92,24.946,24.804,24.958,,25.0,-0.042,
2026-10-03 02:19:50,-731.0,idle,4.9536,-0.9913,-4.91,24.836,24.77,24.85,,25.0,-0.15,
2026-10-03 02:19:51,-730.0,idle,4.9701,-0.9914,-4.9275,24.88,24.772,24.904,,25.0,-0.096,
2026-10-03 02:19:52,-729.0,idle,4.964,-0.9914,-4.922,24.92,24.826,24.936,,25.0,-0.064,
2026-10-03 02:19:53,-728.0,idle,4.9646,-0.9911,-4.9205,24.902,24.65,24.902,,25.0,-0.098,
2026-10-03 02:19:54,-727.0,idle,5.0175,-0.9917,-4.9765,24.884,24.848,24.92,,25.0,-0.08,
2026-10-03 02:19:55,-726.0,idle,5.0386,-0.9916,-4.996,24.866,24.698,24.878,,25.0,-0.122,
2026-10-03 02:19:56,-725.0,idle,5.0281,-0.9914,-4.985,24.914,24.694,24.92,,25.0,-0.08,
2026-10-03 02:19:57,-724.0,idle,5.009,-0.9911,-4.9645,24.836,24.72,24.838,,25.0,-0.162,
2026-10-03 02:19:58,-723.0,idle,4.992,-0.9907,-4.95,24.834,24.75,24.86,,25.0,-0.14,
2026-10-03 02:19:59,-722.0,idle,4.9969,-0.9914,-4.9535,24.876,24.654,24.876,,25.0,-0.124,
2026-10-03 02:20:00,-721.0,idle,5.0115,-0.9915,-4.9695,24.836,24.808,24.884,,25.0,-0.116,
2026-10-03 02:20:01,-720.0,idle,5.0108,-0.9914,-4.968,24.94,24.728,24.952,,25.0,-0.048,
2026-10-03 02:20:02,-719.0,idle,5.0208,-0.9917,-4.98,24.768,24.738,24.824,,25.0,-0.176,
2026-10-03 02:20:03,-718.0,idle,5.0043,-0.991,-4.9595,24.854,24.742,24.868,,24.937,-0.069,
2026-10-03 02:20:04,-717.0,idle,4.9939,-0.9913,-4.951,24.866,24.714,24.866,,24.937,-0.071,
2026-10-03 02:20:05,-716.0,idle,5.0118,-0.9912,-4.968,24.922,24.708,24.924,,25.0,-0.076,
2026-10-03 02:20:06,-715.0,idle,4.9968,-0.9909,-4.9555,24.894,24.74,24.906,,25.0,-0.094,
2026-10-03 02:20:07,-714.0,idle,5.0064,-0.991,-4.9675,24.912,24.762,24.918,,25.0,-0.082,
2026-10-03 02:20:08,-713.0,idle,4.9879,-0.9915,-4.949,24.896,24.778,24.92,,24.937,-0.017,
2026-10-03 02:20:09,-712.0,idle,4.9953,-0.9908,-4.9535,24.896,24.738,24.9,,24.937,-0.037,
2026-10-03 02:20:10,-711.0,idle,4.9956,-0.991,-4.9515,24.934,24.674,24.934,,24.937,-0.003,
2026-10-03 02:20:11,-710.0,idle,4.9829,-0.9911,-4.939,24.846,24.792,24.866,,24.937,-0.071,
2026-10-03 02:20:12,-709.0,idle,5.003,-0.9912,-4.9595,24.834,24.672,24.842,,25.0,-0.158,
2026-10-03 02:20:13,-708.0,idle,4.9883,-0.9907,-4.942,24.904,24.662,24.904,,25.0,-0.096,
2026-10-03 02:20:14,-707.0,idle,4.9975,-0.991,-4.953,24.908,24.654,24.908,,25.0,-0.092,
2026-10-03 02:20:15,-706.0,idle,4.9814,-0.9909,-4.9355,24.854,24.652,24.854,,24.937,-0.083,
2026-10-03 02:20:16,-705.0,idle,4.9708,-0.991,-4.9285,24.92,24.732,24.926,,24.937,-0.011,
2026-10-03 02:20:17,-704.0,idle,4.9889,-0.9913,-4.946,24.936,24.638,24.936,,24.937,-0.001,
2026-10-03 02:20:18,-703.0,idle,4.991,-0.9914,-4.949,24.878,24.716,24.878,,24.937,-0.059,
2026-10-03 02:20:19,-702.0,idle,4.9926,-0.9915,-4.9505,24.858,24.714,24.876,,24.937,-0.061,
2026-10-03 02:20:20,-701.0,idle,4.9925,-0.991,-4.949,24.82,24.732,24.844,,24.937,-0.093,
2026-10-03 02:20:21,-700.0,idle,4.9869,-0.9912,-4.944,24.912,24.698,24.912,,24.937,-0.025,
2026-10-03 02:20:22,-699.0,idle,4.9851,-0.9911,-4.9415,24.904,24.71,24.904,,24.937,-0.033,
2026-10-03 02:20:23,-698.0,idle,4.9437,-0.991,-4.899,24.922,24.702,24.922,,24.937,-0.015,
2026-10-03 02:20:24,-697.0,idle,4.9494,-0.9912,-4.9065,24.93,24.826,24.944,,24.937,0.007,
2026-10-03 02:20:25,-696.0,idle,4.9841,-0.9912,-4.9425,24.964,24.748,24.964,,24.937,0.027,
2026-10-03 02:20:26,-695.0,idle,4.9483,-0.9908,-4.9025,24.95,24.714,24.95,,24.937,0.013,
2026-10-03 02:20:27,-694.0,idle,4.9746,-0.991,-4.9325,24.886,24.68,24.908,,24.937,-0.029,
2026-10-03 02:20:28,-693.0,idle,4.9636,-0.991,-4.919,24.926,24.628,24.926,,24.937,-0.011,
2026-10-03 02:20:29,-692.0,idle,4.9695,-0.9911,-4.926,24.87,24.698,24.876,,24.937,-0.061,
2026-10-03 02:20:30,-691.0,idle,4.9562,-0.9914,-4.915,24.824,24.78,24.876,,24.937,-0.061,
2026-10-03 02:20:31,-690.0,idle,4.9709,-0.991,-4.9275,24.964,24.726,24.964,,24.937,0.027,
2026-10-03 02:20:32,-689.0,idle,4.9838,-0.9908,-4.938,24.916,24.818,24.932,,24.937,-0.005,
2026-10-03 02:20:33,-688.0,idle,4.9721,-0.9914,-4.9305,24.808,24.728,24.84,,24.937,-0.097,
2026-10-03 02:20:34,-687.0,idle,5.0047,-0.991,-4.9605,24.948,24.768,24.948,,24.937,0.011,
2026-10-03 02:20:35,-686.0,idle,5.0206,-0.9914,-4.979,24.928,24.624,24.928,,24.937,-0.009,
2026-10-03 02:20:36,-685.0,idle,5.0242,-0.9913,-4.9825,24.892,24.774,24.912,,24.937,-0.025,
2026-10-03 02:20:37,-684.0,idle,5.0255,-0.9912,-4.9835,24.918,24.622,24.918,,24.937,-0.019,
2026-10-03 02:20:38,-683.0,idle,5.0246,-0.9915,-4.982,24.968,24.662,24.982,,24.937,0.045,
2026-10-03 02:20:39,-682.0,idle,5.024,-0.9913,-4.981,24.806,24.664,24.806,,24.937,-0.131,
2026-10-03 02:20:40,-681.0,idle,5.0245,-0.9911,-4.9805,24.858,24.678,24.868,,24.937,-0.069,
2026-10-03 02:20:41,-680.0,idle,5.024,-0.9914,-4.9805,24.88,24.712,24.892,,24.937,-0.045,
2026-10-03 02:20:42,-679.0,idle,5.0246,-0.9916,-4.983,24.958,24.716,24.972,,24.937,0.035,
2026-10-03 02:20:43,-678.0,idle,5.0247,-0.9912,-4.9805,24.958,24.672,24.958,,24.937,0.021,
2026-10-03 02:20:44,-677.0,idle,5.0247,-0.9908,-4.9805,24.89,24.694,24.892,,24.937,-0.045,
2026-10-03 02:20:45,-676.0,idle,5.0255,-0.9912,-4.9825,24.876,24.698,24.878,,24.937,-0.059,
2026-10-03 02:20:46,-675.0,idle,5.0251,-0.9915,-4.9825,24.946,24.782,24.946,,24.937,0.009,
2026-10-03 02:20:47,-674.0,idle,5.0255,-0.9912,-4.983,24.994,24.778,24.994,,24.937,0.057,
2026-10-03 02:20:48,-673.0,idle,5.0249,-0.9911,-4.981,24.992,24.734,24.994,,24.937,0.057,
2026-10-03 02:20:49,-672.0,idle,5.0259,-0.9911,-4.982,24.98,24.776,24.986,,24.937,0.049,
2026-10-03 02:20:50,-671.0,idle,5.0258,-0.9912,-4.9825,24.994,24.748,24.994,,24.937,0.057,
2026-10-03 02:20:51,-670.0,idle,5.0274,-0.9912,-4.9835,24.884,24.722,24.886,,24.937,-0.051,
2026-10-03 02:20:52,-669.0,idle,5.027,-0.9908,-4.981,24.936,24.808,24.936,,24.937,-0.001,
2026-10-03 02:20:53,-668.0,idle,5.0262,-0.9911,-4.9825,24.938,24.734,24.954,,24.937,0.017,
2026-10-03 02:20:54,-667.0,idle,5.0273,-0.9909,-4.9825,24.958,24.698,24.964,,24.937,0.027,
2026-10-03 02:20:55,-666.0,idle,5.0273,-0.9911,-4.984,24.9,24.766,24.91,,24.937,-0.027,
2026-10-03 02:20:56,-665.0,idle,5.029,-0.9911,-4.985,24.888,24.706,24.92,,24.937,-0.017,
2026-10-03 02:20:57,-664.0,idle,5.0292,-0.991,-4.9845,24.998,24.674,25.008,,24.937,0.071,
2026-10-03 02:20:58,-663.0,idle,5.0296,-0.9912,-4.986,25.022,24.742,25.022,,24.937,0.085,
2026-10-03 02:20:59,-662.0,idle,5.0275,-0.9913,-4.9845,24.882,24.648,24.886,,24.937,-0.051,
2026-10-03 02:21:00,-661.0,idle,5.0186,-0.9907,-4.972,25.01,24.672,25.01,,24.937,0.073,
2026-10-03 02:21:01,-660.0,idle,5.0181,-0.9909,-4.974,24.958,24.708,24.958,,24.937,0.021,
2026-10-03 02:21:02,-659.0,idle,5.0224,-0.9913,-4.9795,24.958,24.772,24.962,,24.937,0.025,
2026-10-03 02:21:03,-658.0,idle,5.0233,-0.9915,-4.982,24.956,24.732,24.956,,24.937,0.019,
2026-10-03 02:21:04,-657.0,idle,5.0226,-0.9911,-4.9795,24.912,24.81,24.93,,24.937,-0.007,
2026-10-03 02:21:05,-656.0,idle,5.0229,-0.9914,-4.9805,24.932,24.74,24.932,,24.937,-0.005,
2026-10-03 02:21:06,-655.0,idle,5.0215,-0.9916,-4.981,24.942,24.806,24.948,,24.937,0.011,
2026-10-03 02:21:07,-654.0,idle,5.022,-0.9919,-4.9825,24.872,24.694,24.888,,24.937,-0.049,
2026-10-03 02:21:08,-653.0,idle,5.0206,-0.9914,-4.9785,24.85,24.716,24.86,,24.937,-0.077,
2026-10-03 02:21:09,-652.0,idle,5.02,-0.9913,-4.978,24.992,24.732,24.996,,24.937,0.059,
2026-10-03 02:21:10,-651.0,idle,5.0187,-0.9912,-4.9755,24.992,24.718,24.992,,24.937,0.055,
2026-10-03 02:21:11,-650.0,idle,5.0185,-0.9911,-4.9745,24.872,24.676,24.884,,24.937,-0.053,
2026-10-03 02:21:12,-649.0,idle,5.0163,-0.9914,-4.974,24.922,24.78,24.932,,24.937,-0.005,
2026-10-03 02:21:13,-648.0,idle,5.0145,-0.9911,-4.971,24.896,24.752,24.906,,24.875,0.031,
2026-10-03 02:21:14,-647.0,idle,5.0137,-0.9914,-4.9705,24.976,24.722,24.982,,24.875,0.107,
2026-10-03 02:21:15,-646.0,idle,5.0092,-0.9914,-4.968,24.942,24.718,24.942,,24.875,0.067,
2026-10-03 02:21:16,-645.0,idle,4.9724,-0.9912,-4.9295,25.0,24.792,25.0,,24.875,0.125,
2026-10-03 02:21:17,-644.0,idle,4.9734,-0.991,-4.9295,25.004,24.69,25.004,,24.875,0.129,
2026-10-03 02:21:18,-643.0,idle,4.976,-0.9912,-4.9315,24.948,24.73,24.948,,24.875,0.073,
2026-10-03 02:21:19,-642.0,idle,4.9705,-0.9909,-4.9255,25.034,24.772,25.034,,24.875,0.159,
2026-10-03 02:21:20,-641.0,idle,4.9705,-0.991,-4.9255,24.924,24.798,24.93,,24.875,0.055,
2026-10-03 02:21:21,-640.0,idle,4.9618,-0.9913,-4.918,24.936,24.712,24.936,,24.875,0.061,
2026-10-03 02:21:22,-639.0,idle,4.9793,-0.9911,-4.9355,24.92,24.734,24.938,,24.937,0.001,
2026-10-03 02:21:23,-638.0,idle,4.9713,-0.9913,-4.9285,25.002,24.72,25.002,,24.875,0.127,
2026-10-03 02:21:24,-637.0,idle,4.983,-0.9909,-4.938,24.966,24.666,24.966,,24.875,0.091,
2026-10-03 02:21:25,-636.0,idle,4.972,-0.9915,-4.9305,24.902,24.684,24.902,,24.875,0.027,
2026-10-03 02:21:26,-635.0,idle,4.9819,-0.9911,-4.938,24.932,24.77,24.932,,24.875,0.057,
2026-10-03 02:21:27,-634.0,idle,4.9675,-0.9913,-4.9245,24.936,24.782,24.936,,24.875,0.061,
2026-10-03 02:21:28,-633.0,idle,4.9584,-0.9912,-4.916,25.04,24.828,25.04,,24.875,0.165,
2026-10-03 02:21:29,-632.0,idle,4.9649,-0.9914,-4.924,24.962,24.762,24.984,,24.875,0.109,
2026-10-03 02:21:30,-631.0,idle,4.9821,-0.9912,-4.9395,25.034,24.752,25.034,,24.875,0.159,
2026-10-03 02:21:31,-630.0,idle,4.9936,-0.9914,-4.951,24.97,24.726,24.97,,24.875,0.095,
2026-10-03 02:21:32,-629.0,idle,4.9841,-0.9912,-4.94,25.036,24.732,25.036,,24.875,0.161,
2026-10-03 02:21:33,-628.0,idle,4.9811,-0.9913,-4.937,24.988,24.768,24.992,,24.875,0.117,
2026-10-03 02:21:34,-627.0,idle,4.9852,-0.9918,-4.9445,24.934,24.696,24.934,,24.875,0.059,
2026-10-03 02:21:35,-626.0,idle,4.9969,-0.9914,-4.9545,24.86,24.674,24.864,,24.875,-0.011,
2026-10-03 02:21:36,-625.0,idle,4.9763,-0.9908,-4.9315,25.03,24.688,25.03,,24.875,0.155,
2026-10-03 02:21:37,-624.0,idle,4.986,-0.9912,-4.9435,24.936,24.74,24.938,,24.875,0.063,
2026-10-03 02:21:38,-623.0,idle,4.9694,-0.9911,-4.926,24.98,24.728,24.98,,24.875,0.105,
2026-10-03 02:21:39,-622.0,idle,4.9534,-0.991,-4.911,24.998,24.676,24.998,,24.875,0.123,
2026-10-03 02:21:40,-621.0,idle,4.9616,-0.9909,-4.9165,25.004,24.692,25.004,,24.875,0.129,
2026-10-03 02:21:41,-620.0,idle,4.9989,-0.9913,-4.957,24.978,24.722,24.978,,24.875,0.103,
2026-10-03 02:21:42,-619.0,idle,5.005,-0.9913,-4.9615,25.016,24.762,25.016,,24.875,0.141,
2026-10-03 02:21:43,-618.0,idle,5.0089,-0.991,-4.9645,24.988,24.696,24.988,,24.875,0.113,
2026-10-03 02:21:44,-617.0,idle,5.0114,-0.9908,-4.966,24.986,24.668,24.986,,24.875,0.111,
2026-10-03 02:21:45,-616.0,idle,5.012,-0.9911,-4.969,25.002,24.756,25.002,,24.875,0.127,
2026-10-03 02:21:46,-615.0,idle,5.0126,-0.9909,-4.968,24.98,24.742,24.98,,24.875,0.105,
2026-10-03 02:21:47,-614.0,idle,5.0117,-0.9909,-4.9675,25.01,24.708,25.01,,24.875,0.135,
2026-10-03 02:21:48,-613.0,idle,5.01,-0.991,-4.966,24.96,24.798,24.96,,24.875,0.085,
2026-10-03 02:21:49,-612.0,idle,5.0051,-0.9909,-4.961,25.068,24.652,25.068,,24.875,0.193,
2026-10-03 02:21:50,-611.0,idle,4.9976,-0.9912,-4.9525,25.012,24.758,25.012,,24.875,0.137,
2026-10-03 02:21:51,-610.0,idle,4.9899,-0.991,-4.9455,25.022,24.838,25.024,,24.875,0.149,
2026-10-03 02:21:52,-609.0,idle,4.9958,-0.9912,-4.952,25.06,24.728,25.06,,24.875,0.185,
2026-10-03 02:21:53,-608.0,idle,4.9879,-0.9912,-4.944,25.016,24.762,25.016,,24.875,0.141,
2026-10-03 02:21:54,-607.0,idle,4.9783,-0.991,-4.9335,25.016,24.688,25.016,,24.875,0.141,
2026-10-03 02:21:55,-606.0,idle,4.9839,-0.9912,-4.94,25.006,24.754,25.006,,24.875,0.131,
2026-10-03 02:21:56,-605.0,idle,4.9765,-0.991,-4.9335,24.926,24.704,24.93,,24.875,0.055,
2026-10-03 02:21:57,-604.0,idle,4.9789,-0.9907,-4.9335,24.946,24.724,24.952,,24.875,0.077,
2026-10-03 02:21:58,-603.0,idle,4.9583,-0.9911,-4.9145,25.014,24.692,25.014,,24.875,0.139,
2026-10-03 02:21:59,-602.0,idle,4.9532,-0.991,-4.9095,24.998,24.69,24.998,,24.875,0.123,
2026-10-03 02:22:00,-601.0,idle,4.9721,-0.9911,-4.927,25.014,24.754,25.032,,24.875,0.157,
2026-10-03 02:22:01,-600.0,pre,4.9859,-0.991,-4.942,25.032,24.698,25.032,,24.875,0.157,
2026-10-03 02:22:02,-599.0,pre,4.986,-0.991,-4.942,25.036,24.656,25.036,,24.875,0.161,
2026-10-03 02:22:03,-598.0,pre,4.9791,-0.9909,-4.935,24.966,24.818,24.972,,24.875,0.097,
2026-10-03 02:22:04,-597.0,pre,4.9894,-0.991,-4.9445,25.014,24.726,25.014,,24.875,0.139,
2026-10-03 02:22:05,-596.0,pre,4.9848,-0.9911,-4.9415,25.008,24.67,25.008,,24.875,0.133,
2026-10-03 02:22:06,-595.0,pre,5.0097,-0.9912,-4.9655,24.974,24.716,24.974,,24.875,0.099,
2026-10-03 02:22:07,-594.0,pre,5.0103,-0.9912,-4.967,24.954,24.704,24.964,,24.875,0.089,
2026-10-03 02:22:08,-593.0,pre,5.01,-0.9913,-4.9675,24.982,24.726,24.982,,24.875,0.107,
2026-10-03 02:22:09,-592.0,pre,5.0068,-0.9911,-4.9635,25.016,24.666,25.016,,24.875,0.141,
2026-10-03 02:22:10,-591.0,pre,5.002,-0.9908,-4.957,25.02,24.724,25.02,,24.875,0.145,
2026-10-03 02:22:11,-590.0,pre,4.9821,-0.9914,-4.939,25.028,24.808,25.028,,24.875,0.153,
2026-10-03 02:22:12,-589.0,pre,5.008,-0.9909,-4.963,24.988,24.73,24.988,,24.875,0.113,
2026-10-03 02:22:13,-588.0,pre,5.0096,-0.9909,-4.965,25.014,24.738,25.014,,24.875,0.139,
2026-10-03 02:22:14,-587.0,pre,4.9961,-0.9911,-4.9525,24.972,24.706,24.972,,24.875,0.097,
2026-10-03 02:22:15,-586.0,pre,4.9874,-0.9911,-4.943,24.99,24.734,24.99,,24.875,0.115,
2026-10-03 02:22:16,-585.0,pre,4.9899,-0.9917,-4.948,25.002,24.68,25.002,,24.812,0.19,
2026-10-03 02:22:17,-584.0,pre,4.9908,-0.991,-4.946,25.054,24.766,25.06,,24.875,0.185,
2026-10-03 02:22:18,-583.0,pre,4.9836,-0.991,-4.94,25.076,24.688,25.076,,24.875,0.201,
2026-10-03 02:22:19,-582.0,pre,4.9828,-0.9915,-4.9405,25.09,24.682,25.09,,24.812,0.278,
2026-10-03 02:22:20,-581.0,pre,4.9759,-0.991,-4.9305,25.028,24.656,25.028,,24.812,0.216,
2026-10-03 02:22:21,-580.0,pre,4.9816,-0.9911,-4.9375,25.026,24.664,25.026,,24.812,0.214,
2026-10-03 02:22:22,-579.0,pre,4.9705,-0.9909,-4.9255,24.958,24.758,24.96,,24.812,0.148,
2026-10-03 02:22:23,-578.0,pre,4.9674,-0.991,-4.9235,24.996,24.696,24.996,,24.812,0.184,
2026-10-03 02:22:24,-577.0,pre,4.9664,-0.9911,-4.922,25.01,24.724,25.01,,24.812,0.198,
2026-10-03 02:22:25,-576.0,pre,4.9896,-0.9905,-4.942,25.056,24.632,25.056,,24.812,0.244,
2026-10-03 02:22:26,-575.0,pre,5.0135,-0.9909,-4.969,25.12,24.664,25.12,,24.812,0.308,
2026-10-03 02:22:27,-574.0,pre,5.004,-0.9906,-4.9575,24.96,24.714,24.96,,24.812,0.148,
2026-10-03 02:22:28,-573.0,pre,5.026,-0.991,-4.981,24.996,24.746,24.996,,24.812,0.184,
2026-10-03 02:22:29,-572.0,pre,5.023,-0.9911,-4.9795,25.048,24.706,25.048,,24.812,0.236,
2026-10-03 02:22:30,-571.0,pre,5.0197,-0.991,-4.976,25.116,24.704,25.116,,24.812,0.304,
2026-10-03 02:22:31,-570.0,pre,5.0182,-0.9911,-4.9745,25.124,24.7,25.124,,24.812,0.312,
2026-10-03 02:22:32,-569.0,pre,5.0174,-0.9911,-4.9745,25.086,24.688,25.086,,24.812,0.274,
2026-10-03 02:22:33,-568.0,pre,5.0219,-0.9914,-4.98,25.088,24.684,25.088,,24.812,0.276,
2026-10-03 02:22:34,-567.0,pre,5.0223,-0.991,-4.9765,25.09,24.648,25.09,,24.812,0.278,
2026-10-03 02:22:35,-566.0,pre,5.0224,-0.9911,-4.978,25.056,24.66,25.056,,24.812,0.244,
2026-10-03 02:22:36,-565.0,pre,5.0145,-0.9916,-4.9735,25.058,24.654,25.058,,24.812,0.246,
2026-10-03 02:22:37,-564.0,pre,5.0259,-0.991,-4.9815,25.062,24.724,25.062,,24.812,0.25,
2026-10-03 02:22:38,-563.0,pre,5.027,-0.991,-4.983,25.068,24.71,25.068,,24.812,0.256,
2026-10-03 02:22:39,-562.0,pre,5.0269,-0.9908,-4.9805,24.99,24.684,24.99,,24.812,0.178,
2026-10-03 02:22:40,-561.0,pre,5.027,-0.9912,-4.985,25.05,24.75,25.05,,24.812,0.238,
2026-10-03 02:22:41,-560.0,pre,5.0265,-0.9912,-4.984,24.98,24.68,24.98,,24.812,0.168,
2026-10-03 02:22:42,-559.0,pre,5.0276,-0.9912,-4.985,25.002,24.838,25.028,,24.812,0.216,
2026-10-03 02:22:43,-558.0,pre,5.0273,-0.9909,-4.982,25.058,24.74,25.058,,24.812,0.246,
2026-10-03 02:22:44,-557.0,pre,5.0273,-0.9914,-4.985,25.132,24.768,25.132,,24.812,0.32,
2026-10-03 02:22:45,-556.0,pre,5.027,-0.9914,-4.9845,24.998,24.652,24.998,,24.812,0.186,
2026-10-03 02:22:46,-555.0,pre,5.0269,-0.9912,-4.983,25.07,24.664,25.07,,24.812,0.258,
2026-10-03 02:22:47,-554.0,pre,5.0273,-0.9912,-4.984,25.044,24.72,25.044,,24.812,0.232,
2026-10-03 02:22:48,-553.0,pre,5.0266,-0.9912,-4.983,25.064,24.674,25.064,,24.812,0.252,
2026-10-03 02:22:49,-552.0,pre,5.0284,-0.9913,-4.985,25.102,24.71,25.102,,24.812,0.29,
2026-10-03 02:22:50,-551.0,pre,5.0264,-0.9915,-4.9835,25.072,24.68,25.072,,24.812,0.26,
2026-10-03 02:22:51,-550.0,pre,5.0244,-0.9913,-4.9815,25.06,24.732,25.06,,24.812,0.248,
2026-10-03 02:22:52,-549.0,pre,5.0185,-0.9914,-4.977,25.068,24.71,25.068,,24.812,0.256,
2026-10-03 02:22:53,-548.0,pre,5.01,-0.9914,-4.967,25.05,24.632,25.05,,24.812,0.238,
2026-10-03 02:22:54,-547.0,pre,4.9664,-0.9912,-4.927,25.13,24.766,25.13,,24.812,0.318,
2026-10-03 02:22:55,-546.0,pre,5.0185,-0.9915,-4.976,25.114,24.708,25.114,,24.812,0.302,
2026-10-03 02:22:56,-545.0,pre,5.026,-0.9913,-4.984,25.076,24.72,25.076,,24.812,0.264,
2026-10-03 02:22:57,-544.0,pre,4.9895,-0.9912,-4.9455,25.092,24.734,25.092,,24.812,0.28,
2026-10-03 02:22:58,-543.0,pre,4.9923,-0.9915,-4.95,25.094,24.696,25.094,,24.812,0.282,
2026-10-03 02:22:59,-542.0,pre,5.006,-0.9917,-4.965,25.072,24.742,25.072,,24.812,0.26,
2026-10-03 02:23:00,-541.0,pre,5.0004,-0.9911,-4.9575,25.108,24.622,25.108,,24.812,0.296,
2026-10-03 02:23:01,-540.0,pre,4.9816,-0.9916,-4.939,25.07,24.756,25.07,,24.812,0.258,
2026-10-03 02:23:02,-539.0,pre,4.9875,-0.9911,-4.943,25.142,24.75,25.142,,24.812,0.33,
2026-10-03 02:23:03,-538.0,pre,5.0041,-0.9913,-4.96,25.124,24.728,25.124,,24.812,0.312,
2026-10-03 02:23:04,-537.0,pre,4.9524,-0.9915,-4.9115,25.074,24.744,25.074,,24.812,0.262,
2026-10-03 02:23:05,-536.0,pre,4.9638,-0.9915,-4.9215,25.128,24.762,25.128,,24.812,0.316,
2026-10-03 02:23:06,-535.0,pre,4.8889,-0.992,-4.851,25.106,24.752,25.106,,24.812,0.294,
2026-10-03 02:23:07,-534.0,pre,4.9463,-0.9915,-4.904,25.132,24.756,25.132,,24.812,0.32,
2026-10-03 02:23:08,-533.0,pre,4.9329,-0.9915,-4.891,25.07,24.684,25.07,,24.812,0.258,
2026-10-03 02:23:09,-532.0,pre,4.9415,-0.9916,-4.902,25.088,24.716,25.088,,24.812,0.276,
2026-10-03 02:23:10,-531.0,pre,4.9246,-0.9915,-4.884,25.114,24.782,25.114,,24.812,0.302,
2026-10-03 02:23:11,-530.0,pre,4.9304,-0.9916,-4.89,25.162,24.686,25.162,,24.812,0.35,
2026-10-03 02:23:12,-529.0,pre,4.9364,-0.9913,-4.8945,25.102,24.742,25.102,,24.812,0.29,
2026-10-03 02:23:13,-528.0,pre,4.9413,-0.9913,-4.898,25.056,24.75,25.056,,24.812,0.244,
2026-10-03 02:23:14,-527.0,pre,4.9468,-0.9916,-4.905,25.108,24.726,25.108,,24.812,0.296,
2026-10-03 02:23:15,-526.0,pre,4.9515,-0.9917,-4.9095,25.034,24.748,25.034,,24.812,0.222,
2026-10-03 02:23:16,-525.0,pre,4.956,-0.9915,-4.9145,25.084,24.726,25.084,,24.812,0.272,
2026-10-03 02:23:17,-524.0,pre,4.9555,-0.9912,-4.9125,25.062,24.736,25.062,,24.812,0.25,
2026-10-03 02:23:18,-523.0,pre,4.956,-0.9911,-4.912,25.05,24.722,25.05,,24.812,0.238,
2026-10-03 02:23:19,-522.0,pre,4.9548,-0.9913,-4.9115,25.068,24.752,25.068,,24.812,0.256,
2026-10-03 02:23:20,-521.0,pre,4.9534,-0.9915,-4.911,25.09,24.652,25.09,,24.812,0.278,
2026-10-03 02:23:21,-520.0,pre,4.9551,-0.9917,-4.9155,25.192,24.728,25.192,,24.812,0.38,
2026-10-03 02:23:22,-519.0,pre,4.955,-0.9913,-4.911,25.084,24.734,25.084,,24.812,0.272,
2026-10-03 02:23:23,-518.0,pre,4.9576,-0.9913,-4.9155,25.086,24.722,25.086,,24.812,0.274,
2026-10-03 02:23:24,-517.0,pre,4.9594,-0.9914,-4.9175,25.118,24.752,25.118,,24.812,0.306,
2026-10-03 02:23:25,-516.0,pre,4.9615,-0.9916,-4.92,25.152,24.706,25.152,,24.812,0.34,
2026-10-03 02:23:26,-515.0,pre,4.9615,-0.9913,-4.9185,25.096,24.686,25.096,,24.812,0.284,
2026-10-03 02:23:27,-514.0,pre,4.9608,-0.9914,-4.917,25.078,24.782,25.078,,24.812,0.266,
2026-10-03 02:23:28,-513.0,pre,4.9595,-0.9917,-4.919,25.186,24.672,25.186,,24.812,0.374,
2026-10-03 02:23:29,-512.0,pre,4.9611,-0.9914,-4.9175,25.05,24.708,25.05,,24.812,0.238,
2026-10-03 02:23:30,-511.0,pre,4.9611,-0.9912,-4.917,25.152,24.738,25.152,,24.812,0.34,
2026-10-03 02:23:31,-510.0,pre,4.9608,-0.9914,-4.918,25.068,24.684,25.068,,24.812,0.256,
2026-10-03 02:23:32,-509.0,pre,4.9628,-0.9911,-4.919,25.088,24.72,25.088,,24.812,0.276,
2026-10-03 02:23:33,-508.0,pre,4.964,-0.9914,-4.921,25.098,24.762,25.098,,24.812,0.286,
2026-10-03 02:23:34,-507.0,pre,4.965,-0.9913,-4.921,25.11,24.694,25.11,,24.812,0.298,
2026-10-03 02:23:35,-506.0,pre,4.964,-0.9913,-4.921,25.146,24.784,25.146,,24.812,0.334,
2026-10-03 02:23:36,-505.0,pre,4.9635,-0.9913,-4.921,25.072,24.698,25.072,,24.812,0.26,
2026-10-03 02:23:37,-504.0,pre,4.9629,-0.9913,-4.92,25.112,24.702,25.112,,24.812,0.3,
2026-10-03 02:23:38,-503.0,pre,4.9635,-0.9913,-4.921,25.096,24.71,25.096,,24.812,0.284,
2026-10-03 02:23:39,-502.0,pre,4.9654,-0.9912,-4.921,25.146,24.79,25.146,,24.812,0.334,
2026-10-03 02:23:40,-501.0,pre,4.9664,-0.9914,-4.924,25.164,24.782,25.164,,24.812,0.352,
2026-10-03 02:23:41,-500.0,pre,4.9675,-0.9916,-4.926,25.18,24.758,25.18,,24.812,0.368,
2026-10-03 02:23:42,-499.0,pre,4.9679,-0.9912,-4.924,25.126,24.73,25.126,,24.75,0.376,
2026-10-03 02:23:43,-498.0,pre,4.9689,-0.9911,-4.9255,25.164,24.778,25.164,,24.75,0.414,
2026-10-03 02:23:44,-497.0,pre,4.9686,-0.9911,-4.925,25.18,24.74,25.18,,24.75,0.43,
2026-10-03 02:23:45,-496.0,pre,4.9696,-0.9911,-4.926,25.096,24.798,25.096,,24.812,0.284,
2026-10-03 02:23:46,-495.0,pre,4.9691,-0.991,-4.9245,25.09,24.722,25.09,,24.812,0.278,
2026-10-03 02:23:47,-494.0,pre,4.9681,-0.9913,-4.925,25.126,24.766,25.126,,24.812,0.314,
2026-10-03 02:23:48,-493.0,pre,4.9685,-0.991,-4.9245,25.192,24.68,25.192,,24.812,0.38,
2026-10-03 02:23:49,-492.0,pre,4.9678,-0.9914,-4.9255,25.138,24.756,25.138,,24.812,0.326,
2026-10-03 02:23:50,-491.0,pre,4.9685,-0.9913,-4.9255,25.202,24.78,25.202,,24.812,0.39,
2026-10-03 02:23:51,-490.0,pre,4.9676,-0.9908,-4.9225,25.114,24.742,25.114,,24.812,0.302,
2026-10-03 02:23:52,-489.0,pre,4.9679,-0.9911,-4.9235,25.102,24.74,25.102,,24.812,0.29,
2026-10-03 02:23:53,-488.0,pre,4.9676,-0.9909,-4.923,25.186,24.668,25.186,,24.812,0.374,
2026-10-03 02:23:54,-487.0,pre,4.9676,-0.9914,-4.9245,25.146,24.77,25.146,,24.812,0.334,
2026-10-03 02:23:55,-486.0,pre,4.9685,-0.9909,-4.9225,25.17,24.716,25.17,,24.812,0.358,
2026-10-03 02:23:56,-485.0,pre,4.9681,-0.9911,-4.924,25.126,24.78,25.126,,24.75,0.376,
2026-10-03 02:23:57,-484.0,pre,4.9687,-0.9912,-4.925,25.114,24.774,25.114,,24.75,0.364,
2026-10-03 02:23:58,-483.0,pre,4.9677,-0.9909,-4.924,25.16,24.702,25.16,,24.75,0.41,
2026-10-03 02:23:59,-482.0,pre,4.9683,-0.9912,-4.925,25.158,24.808,25.158,,24.812,0.346,
2026-10-03 02:24:00,-481.0,pre,4.9674,-0.9915,-4.925,25.102,24.686,25.102,,24.812,0.29,
2026-10-03 02:24:01,-480.0,pre,4.9675,-0.9915,-4.925,25.07,24.774,25.07,,24.75,0.32,
2026-10-03 02:24:02,-479.0,pre,4.967,-0.9914,-4.925,25.132,24.712,25.132,,24.75,0.382,
2026-10-03 02:24:03,-478.0,pre,4.9671,-0.9915,-4.9255,25.162,24.766,25.162,,24.812,0.35,
2026-10-03 02:24:04,-477.0,pre,4.9677,-0.9915,-4.925,25.036,24.764,25.036,,24.812,0.224,
2026-10-03 02:24:05,-476.0,pre,4.9679,-0.9918,-4.926,25.26,24.732,25.26,,24.75,0.51,
2026-10-03 02:24:06,-475.0,pre,4.9687,-0.9916,-4.928,25.14,24.75,25.14,,24.75,0.39,
2026-10-03 02:24:07,-474.0,pre,4.9685,-0.9915,-4.9265,25.17,24.77,25.17,,24.75,0.42,
2026-10-03 02:24:08,-473.0,pre,4.9696,-0.9911,-4.9255,25.148,24.754,25.148,,24.75,0.398,
2026-10-03 02:24:09,-472.0,pre,4.9688,-0.9912,-4.925,25.062,24.724,25.062,,24.75,0.312,
2026-10-03 02:24:10,-471.0,pre,4.9692,-0.9917,-4.9285,25.122,24.748,25.122,,24.75,0.372,
2026-10-03 02:24:11,-470.0,pre,4.969,-0.9916,-4.9275,25.148,24.786,25.148,,24.75,0.398,
2026-10-03 02:24:12,-469.0,pre,4.9693,-0.991,-4.9245,25.178,24.73,25.178,,24.75,0.428,
2026-10-03 02:24:13,-468.0,pre,4.9699,-0.9912,-4.9255,25.138,24.818,25.138,,24.75,0.388,
2026-10-03 02:24:14,-467.0,pre,4.9702,-0.9912,-4.926,25.226,24.772,25.226,,24.75,0.476,
2026-10-03 02:24:15,-466.0,pre,4.9712,-0.9916,-4.929,25.174,24.76,25.174,,24.75,0.424,
2026-10-03 02:24:16,-465.0,pre,4.9712,-0.9917,-4.93,25.174,24.786,25.174,,24.75,0.424,
2026-10-03 02:24:17,-464.0,pre,4.9731,-0.9909,-4.928,25.216,24.682,25.216,,24.75,0.466,
2026-10-03 02:24:18,-463.0,pre,4.9732,-0.9909,-4.9275,25.174,24.718,25.174,,24.75,0.424,
2026-10-03 02:24:19,-462.0,pre,4.9735,-0.9913,-4.93,25.184,24.72,25.184,,24.75,0.434,
2026-10-03 02:24:20,-461.0,pre,4.9739,-0.9911,-4.929,25.062,24.69,25.062,,24.75,0.312,
2026-10-03 02:24:21,-460.0,pre,4.9743,-0.9912,-4.9295,25.194,24.802,25.194,,24.75,0.444,
2026-10-03 02:24:22,-459.0,pre,4.9747,-0.9914,-4.931,25.23,24.762,25.23,,24.75,0.48,
2026-10-03 02:24:23,-458.0,pre,4.9742,-0.9913,-4.9305,25.108,24.784,25.108,,24.75,0.358,
2026-10-03 02:24:24,-457.0,pre,4.9753,-0.9912,-4.932,25.184,24.714,25.184,,24.75,0.434,
2026-10-03 02:24:25,-456.0,pre,4.9754,-0.9913,-4.932,25.094,24.784,25.094,,24.75,0.344,
2026-10-03 02:24:26,-455.0,pre,4.9763,-0.9911,-4.932,25.156,24.76,25.156,,24.75,0.406,
2026-10-03 02:24:27,-454.0,pre,4.9765,-0.9911,-4.933,25.196,24.76,25.196,,24.75,0.446,
2026-10-03 02:24:28,-453.0,pre,4.9773,-0.9911,-4.932,25.202,24.74,25.202,,24.75,0.452,
2026-10-03 02:24:29,-452.0,pre,4.977,-0.9914,-4.9345,25.124,24.666,25.124,,24.75,0.374,
2026-10-03 02:24:30,-451.0,pre,4.9775,-0.9911,-4.933,25.178,24.71,25.178,,24.75,0.428,
2026-10-03 02:24:31,-450.0,pre,4.9781,-0.9917,-4.9365,25.176,24.798,25.176,,24.75,0.426,
2026-10-03 02:24:32,-449.0,pre,4.9779,-0.9916,-4.9355,25.168,24.708,25.168,,24.75,0.418,
2026-10-03 02:24:33,-448.0,pre,4.9787,-0.9918,-4.939,25.246,24.758,25.246,,24.75,0.496,
2026-10-03 02:24:34,-447.0,pre,4.9781,-0.9919,-4.938,25.184,24.744,25.184,,24.75,0.434,
2026-10-03 02:24:35,-446.0,pre,4.979,-0.9914,-4.936,25.194,24.786,25.194,,24.75,0.444,
2026-10-03 02:24:36,-445.0,pre,4.9789,-0.9913,-4.9355,25.146,24.71,25.146,,24.75,0.396,
2026-10-03 02:24:37,-444.0,pre,4.9792,-0.9913,-4.935,25.198,24.666,25.198,,24.75,0.448,
2026-10-03 02:24:38,-443.0,pre,4.9795,-0.9914,-4.937,25.254,24.714,25.254,,24.75,0.504,
2026-10-03 02:24:39,-442.0,pre,4.9794,-0.9915,-4.937,25.192,24.752,25.192,,24.75,0.442,
2026-10-03 02:24:40,-441.0,pre,4.9799,-0.9916,-4.9385,25.226,24.744,25.226,,24.75,0.476,
2026-10-03 02:24:41,-440.0,pre,4.9794,-0.9918,-4.9395,25.194,24.702,25.194,,24.75,0.444,
2026-10-03 02:24:42,-439.0,pre,4.98,-0.9917,-4.9395,25.21,24.74,25.21,,24.75,0.46,
2026-10-03 02:24:43,-438.0,pre,4.9797,-0.991,-4.935,25.18,24.598,25.18,,24.75,0.43,
2026-10-03 02:24:44,-437.0,pre,4.98,-0.9911,-4.9365,25.196,24.71,25.196,,24.75,0.446,
2026-10-03 02:24:45,-436.0,pre,4.9791,-0.9913,-4.9365,25.176,24.734,25.176,,24.75,0.426,
2026-10-03 02:24:46,-435.0,pre,4.9794,-0.9912,-4.9355,25.182,24.772,25.182,,24.75,0.432,
2026-10-03 02:24:47,-434.0,pre,4.9796,-0.991,-4.935,25.182,24.68,25.182,,24.75,0.432,
2026-10-03 02:24:48,-433.0,pre,4.9792,-0.9908,-4.9345,25.12,24.692,25.12,,24.75,0.37,
2026-10-03 02:24:49,-432.0,pre,4.9794,-0.9915,-4.938,25.214,24.748,25.214,,24.75,0.464,
2026-10-03 02:24:50,-431.0,pre,4.9791,-0.9914,-4.937,25.116,24.656,25.116,,24.75,0.366,
2026-10-03 02:24:51,-430.0,pre,4.9799,-0.9916,-4.938,25.178,24.662,25.178,,24.75,0.428,
2026-10-03 02:24:52,-429.0,pre,4.9786,-0.9914,-4.936,25.294,24.794,25.294,,24.75,0.544,
2026-10-03 02:24:53,-428.0,pre,4.9781,-0.9914,-4.936,25.168,24.746,25.168,,24.75,0.418,
2026-10-03 02:24:54,-427.0,pre,4.9739,-0.9914,-4.93,25.216,24.78,25.216,,24.75,0.466,
2026-10-03 02:24:55,-426.0,pre,4.9409,-0.9914,-4.8975,25.18,24.738,25.18,,24.75,0.43,
2026-10-03 02:24:56,-425.0,pre,4.9619,-0.9916,-4.919,25.208,24.762,25.208,,24.75,0.458,
2026-10-03 02:24:57,-424.0,pre,4.9365,-0.9913,-4.8955,25.232,24.716,25.232,,24.75,0.482,
2026-10-03 02:24:58,-423.0,pre,4.9042,-0.9913,-4.8625,25.142,24.732,25.142,,24.75,0.392,
2026-10-03 02:24:59,-422.0,pre,4.9132,-0.9916,-4.8715,25.158,24.68,25.158,,24.75,0.408,
2026-10-03 02:25:00,-421.0,pre,4.956,-0.991,-4.9105,25.216,24.668,25.216,,24.75,0.466,
2026-10-03 02:25:01,-420.0,pre,4.9413,-0.9915,-4.899,25.174,24.646,25.174,,24.75,0.424,
2026-10-03 02:25:02,-419.0,pre,4.925,-0.9914,-4.883,25.192,24.762,25.192,,24.75,0.442,
2026-10-03 02:25:03,-418.0,pre,4.9189,-0.9909,-4.8755,25.24,24.76,25.24,,24.75,0.49,
2026-10-03 02:25:04,-417.0,pre,4.9138,-0.9907,-4.8685,25.212,24.726,25.212,,24.75,0.462,
2026-10-03 02:25:05,-416.0,pre,4.9229,-0.9912,-4.88,25.24,24.764,25.24,,24.75,0.49,
2026-10-03 02:25:06,-415.0,pre,4.9045,-0.9912,-4.859,25.16,24.674,25.16,,24.75,0.41,
2026-10-03 02:25:07,-414.0,pre,4.9249,-0.991,-4.8785,25.322,24.724,25.322,,24.75,0.572,
2026-10-03 02:25:08,-413.0,pre,4.9699,-0.9911,-4.9255,25.178,24.714,25.178,,24.75,0.428,
2026-10-03 02:25:09,-412.0,pre,4.9739,-0.9912,-4.9305,25.084,24.69,25.084,,24.75,0.334,
2026-10-03 02:25:10,-411.0,pre,4.9753,-0.9914,-4.9325,25.27,24.68,25.27,,24.75,0.52,
2026-10-03 02:25:11,-410.0,pre,4.9776,-0.9915,-4.935,25.246,24.604,25.246,,24.75,0.496,
2026-10-03 02:25:12,-409.0,pre,4.9774,-0.9913,-4.934,25.248,24.72,25.248,,24.75,0.498,
2026-10-03 02:25:13,-408.0,pre,4.9766,-0.9908,-4.9305,25.174,24.694,25.174,,24.75,0.424,
2026-10-03 02:25:14,-407.0,pre,4.9756,-0.9915,-4.9335,25.136,24.766,25.136,,24.75,0.386,
2026-10-03 02:25:15,-406.0,pre,4.9731,-0.991,-4.929,25.2,24.696,25.2,,24.75,0.45,
2026-10-03 02:25:16,-405.0,pre,4.9695,-0.9912,-4.9255,25.228,24.692,25.228,,24.75,0.478,
2026-10-03 02:25:17,-404.0,pre,4.9672,-0.9912,-4.924,25.27,24.698,25.27,,24.75,0.52,
2026-10-03 02:25:18,-403.0,pre,4.9714,-0.9911,-4.927,25.128,24.662,25.128,,24.75,0.378,
2026-10-03 02:25:19,-402.0,pre,4.9642,-0.9913,-4.921,25.154,24.738,25.154,,24.75,0.404,
2026-10-03 02:25:20,-401.0,pre,4.8829,-0.991,-4.84,25.304,24.63,25.304,,24.75,0.554,
2026-10-03 02:25:21,-400.0,pre,4.8951,-0.9911,-4.854,25.24,24.678,25.24,,24.75,0.49,
2026-10-03 02:25:22,-399.0,pre,4.9264,-0.9913,-4.8825,25.23,24.758,25.23,,24.75,0.48,
2026-10-03 02:25:23,-398.0,pre,4.894,-0.9915,-4.8515,25.288,24.732,25.288,,24.75,0.538,
2026-10-03 02:25:24,-397.0,pre,4.9083,-0.9911,-4.8665,25.252,24.718,25.252,,24.75,0.502,
2026-10-03 02:25:25,-396.0,pre,4.955,-0.9915,-4.914,25.278,24.636,25.278,,24.75,0.528,
2026-10-03 02:25:26,-395.0,pre,4.9474,-0.9915,-4.9055,25.182,24.75,25.182,,24.75,0.432,
2026-10-03 02:25:27,-394.0,pre,4.9419,-0.9915,-4.9,25.178,24.746,25.178,,24.75,0.428,
2026-10-03 02:25:28,-393.0,pre,4.9146,-0.9914,-4.873,25.23,24.68,25.23,,24.75,0.48,
2026-10-03 02:25:29,-392.0,pre,4.9345,-0.9917,-4.894,25.196,24.724,25.196,,24.75,0.446,
2026-10-03 02:25:30,-391.0,pre,4.9353,-0.9914,-4.892,25.184,24.774,25.184,,24.75,0.434,
2026-10-03 02:25:31,-390.0,pre,4.897,-0.9913,-4.855,25.284,24.762,25.284,,24.75,0.534,
2026-10-03 02:25:32,-389.0,pre,4.9116,-0.9917,-4.872,25.18,24.722,25.18,,24.75,0.43,
2026-10-03 02:25:33,-388.0,pre,4.8661,-0.9915,-4.8225,25.214,24.748,25.214,,24.75,0.464,
2026-10-03 02:25:34,-387.0,pre,4.916,-0.9914,-4.8775,25.262,24.768,25.262,,24.75,0.512,
2026-10-03 02:25:35,-386.0,pre,4.8541,-0.9914,-4.8125,25.198,24.748,25.198,,24.75,0.448,
2026-10-03 02:25:36,-385.0,pre,4.9026,-0.9912,-4.861,25.274,24.736,25.274,,24.75,0.524,
2026-10-03 02:25:37,-384.0,pre,4.913,-0.9911,-4.87,25.166,24.726,25.166,,24.75,0.416,
2026-10-03 02:25:38,-383.0,pre,4.9016,-0.991,-4.858,25.196,24.77,25.196,,24.75,0.446,
2026-10-03 02:25:39,-382.0,pre,4.904,-0.9909,-4.86,25.29,24.822,25.29,,24.75,0.54,
2026-10-03 02:25:40,-381.0,pre,4.9103,-0.991,-4.8645,25.27,24.73,25.27,,24.75,0.52,
2026-10-03 02:25:41,-380.0,pre,4.9039,-0.9915,-4.86,25.206,24.762,25.206,,24.75,0.456,
2026-10-03 02:25:42,-379.0,pre,4.8824,-0.991,-4.8385,25.282,24.766,25.282,,24.75,0.532,
2026-10-03 02:25:43,-378.0,pre,4.8783,-0.9911,-4.835,25.3,24.764,25.3,,24.75,0.55,
2026-10-03 02:25:44,-377.0,pre,4.8705,-0.9914,-4.8285,25.184,24.756,25.184,,24.75,0.434,
2026-10-03 02:25:45,-376.0,pre,4.8728,-0.9914,-4.831,25.244,24.738,25.244,,24.75,0.494,
2026-10-03 02:25:46,-375.0,pre,4.8814,-0.9912,-4.8385,25.186,24.726,25.186,,24.75,0.436,
2026-10-03 02:25:47,-374.0,pre,4.8897,-0.9915,-4.8485,25.22,24.82,25.22,,24.75,0.47,
2026-10-03 02:25:48,-373.0,pre,4.8859,-0.9915,-4.8445,25.216,24.812,25.216,,24.75,0.466,
2026-10-03 02:25:49,-372.0,pre,4.8964,-0.9911,-4.853,25.21,24.824,25.21,,24.75,0.46,
2026-10-03 02:25:50,-371.0,pre,4.8998,-0.9915,-4.859,25.22,24.772,25.22,,24.75,0.47,
2026-10-03 02:25:51,-370.0,pre,4.8915,-0.9911,-4.849,25.162,24.74,25.162,,24.75,0.412,
2026-10-03 02:25:52,-369.0,pre,4.8971,-0.9911,-4.8555,25.292,24.706,25.292,,24.75,0.542,
2026-10-03 02:25:53,-368.0,pre,4.8962,-0.9909,-4.853,25.214,24.664,25.214,,24.75,0.464,
2026-10-03 02:25:54,-367.0,pre,4.8927,-0.991,-4.849,25.234,24.714,25.234,,24.75,0.484,
2026-10-03 02:25:55,-366.0,pre,4.8909,-0.991,-4.8475,25.24,24.748,25.24,,24.75,0.49,
2026-10-03 02:25:56,-365.0,pre,4.8873,-0.9911,-4.845,25.192,24.708,25.192,,24.75,0.442,
2026-10-03 02:25:57,-364.0,pre,4.8835,-0.991,-4.8395,25.208,24.762,25.208,,24.75,0.458,
2026-10-03 02:25:58,-363.0,pre,4.8843,-0.9917,-4.8435,25.262,24.744,25.262,,24.75,0.512,
2026-10-03 02:25:59,-362.0,pre,4.883,-0.9913,-4.841,25.232,24.732,25.232,,24.75,0.482,
2026-10-03 02:26:00,-361.0,pre,4.8824,-0.991,-4.8395,25.248,24.756,25.248,,24.75,0.498,
2026-10-03 02:26:01,-360.0,pre,4.8931,-0.9914,-4.851,25.262,24.722,25.262,,24.75,0.512,
2026-10-03 02:26:02,-359.0,pre,4.9037,-0.9914,-4.8625,25.296,24.696,25.296,,24.75,0.546,
2026-10-03 02:26:03,-358.0,pre,4.904,-0.9912,-4.8605,25.272,24.74,25.272,,24.75,0.522,
2026-10-03 02:26:04,-357.0,pre,4.904,-0.9911,-4.8605,25.252,24.704,25.252,,24.75,0.502,
2026-10-03 02:26:05,-356.0,pre,4.9044,-0.9915,-4.8625,25.292,24.728,25.292,,24.75,0.542,
2026-10-03 02:26:06,-355.0,pre,4.9058,-0.9912,-4.8645,25.28,24.732,25.28,,24.75,0.53,
2026-10-03 02:26:07,-354.0,pre,4.9062,-0.9911,-4.862,25.336,24.748,25.336,,24.75,0.586,
2026-10-03 02:26:08,-353.0,pre,4.9067,-0.9912,-4.865,25.328,24.692,25.328,,24.75,0.578,
2026-10-03 02:26:09,-352.0,pre,4.906,-0.9916,-4.865,25.158,24.724,25.158,,24.75,0.408,
2026-10-03 02:26:10,-351.0,pre,4.9076,-0.9911,-4.865,25.21,24.778,25.21,,24.75,0.46,
2026-10-03 02:26:11,-350.0,pre,4.9075,-0.9914,-4.8665,25.246,24.75,25.246,,24.75,0.496,
2026-10-03 02:26:12,-349.0,pre,4.9079,-0.9916,-4.8675,25.26,24.674,25.26,,24.75,0.51,
2026-10-03 02:26:13,-348.0,pre,4.9072,-0.9915,-4.8665,25.304,24.756,25.304,,24.75,0.554,
2026-10-03 02:26:14,-347.0,pre,4.9064,-0.9918,-4.8665,25.266,24.714,25.266,,24.75,0.516,
2026-10-03 02:26:15,-346.0,pre,4.9056,-0.9918,-4.866,25.294,24.66,25.294,,24.75,0.544,
2026-10-03 02:26:16,-345.0,pre,4.9045,-0.9912,-4.8615,25.28,24.714,25.28,,24.75,0.53,
2026-10-03 02:26:17,-344.0,pre,4.9196,-0.9916,-4.879,25.266,24.734,25.266,,24.75,0.516,
2026-10-03 02:26:18,-343.0,pre,4.9119,-0.9918,-4.873,25.31,24.8,25.31,,24.75,0.56,
2026-10-03 02:26:19,-342.0,pre,4.9188,-0.992,-4.88,25.258,24.738,25.258,,24.687,0.571,
2026-10-03 02:26:20,-341.0,pre,4.9102,-0.9912,-4.8685,25.278,24.62,25.278,,24.687,0.591,
2026-10-03 02:26:21,-340.0,pre,4.9054,-0.9913,-4.8635,25.202,24.656,25.202,,24.75,0.452,
2026-10-03 02:26:22,-339.0,pre,4.9003,-0.9914,-4.858,25.188,24.72,25.188,,24.75,0.438,
2026-10-03 02:26:23,-338.0,pre,4.8949,-0.9911,-4.8505,25.224,24.64,25.224,,24.75,0.474,
2026-10-03 02:26:24,-337.0,pre,4.893,-0.991,-4.8495,25.256,24.78,25.256,,24.75,0.506,
2026-10-03 02:26:25,-336.0,pre,4.8967,-0.991,-4.8535,25.234,24.752,25.234,,24.75,0.484,
2026-10-03 02:26:26,-335.0,pre,4.9016,-0.9914,-4.86,25.184,24.71,25.184,,24.75,0.434,
2026-10-03 02:26:27,-334.0,pre,4.9042,-0.9913,-4.863,25.286,24.74,25.286,,24.75,0.536,
2026-10-03 02:26:28,-333.0,pre,4.9076,-0.9911,-4.865,25.238,24.752,25.238,,24.75,0.488,
2026-10-03 02:26:29,-332.0,pre,4.9082,-0.9909,-4.8645,25.25,24.714,25.25,,24.75,0.5,
2026-10-03 02:26:30,-331.0,pre,4.9098,-0.9912,-4.868,25.166,24.628,25.166,,24.75,0.416,
2026-10-03 02:26:31,-330.0,pre,4.9112,-0.9912,-4.8695,25.276,24.732,25.276,,24.75,0.526,
2026-10-03 02:26:32,-329.0,pre,4.9124,-0.9911,-4.8695,25.268,24.686,25.268,,24.75,0.518,
2026-10-03 02:26:33,-328.0,pre,4.9146,-0.9908,-4.8715,25.28,24.758,25.28,,24.75,0.53,
2026-10-03 02:26:34,-327.0,pre,4.9152,-0.9912,-4.8725,25.268,24.694,25.268,,24.75,0.518,
2026-10-03 02:26:35,-326.0,pre,4.911,-0.9912,-4.869,25.26,24.74,25.26,,24.75,0.51,
2026-10-03 02:26:36,-325.0,pre,4.9081,-0.9913,-4.865,25.182,24.666,25.182,,24.75,0.432,
2026-10-03 02:26:37,-324.0,pre,4.9069,-0.9914,-4.8655,25.262,24.726,25.262,,24.75,0.512,
2026-10-03 02:26:38,-323.0,pre,4.905,-0.9915,-4.864,25.39,24.662,25.39,,24.75,0.64,
2026-10-03 02:26:39,-322.0,pre,4.9015,-0.991,-4.858,25.372,24.704,25.372,,24.75,0.622,
2026-10-03 02:26:40,-321.0,pre,4.8995,-0.9913,-4.858,25.256,24.658,25.256,,24.75,0.506,
2026-10-03 02:26:41,-320.0,pre,4.8994,-0.9912,-4.857,25.272,24.648,25.272,,24.75,0.522,
2026-10-03 02:26:42,-319.0,pre,4.9004,-0.9913,-4.8585,25.304,24.77,25.304,,24.75,0.554,
2026-10-03 02:26:43,-318.0,pre,4.9046,-0.9912,-4.862,25.224,24.728,25.224,,24.75,0.474,
2026-10-03 02:26:44,-317.0,pre,4.9093,-0.9912,-4.867,25.252,24.676,25.252,,24.75,0.502,
2026-10-03 02:26:45,-316.0,pre,4.9111,-0.9911,-4.8685,25.282,24.714,25.282,,24.75,0.532,
2026-10-03 02:26:46,-315.0,pre,4.912,-0.9911,-4.8685,25.162,24.662,25.162,,24.75,0.412,
2026-10-03 02:26:47,-314.0,pre,4.9171,-0.9912,-4.8745,25.258,24.732,25.258,,24.75,0.508,
2026-10-03 02:26:48,-313.0,pre,4.9189,-0.9916,-4.879,25.378,24.722,25.378,,24.75,0.628,
2026-10-03 02:26:49,-312.0,pre,4.9161,-0.9914,-4.875,25.338,24.744,25.338,,24.75,0.588,
2026-10-03 02:26:50,-311.0,pre,4.9092,-0.9909,-4.866,25.176,24.736,25.176,,24.75,0.426,
2026-10-03 02:26:51,-310.0,pre,4.9101,-0.9907,-4.866,25.26,24.638,25.26,,24.75,0.51,
2026-10-03 02:26:52,-309.0,pre,4.911,-0.9912,-4.868,25.242,24.678,25.242,,24.75,0.492,
2026-10-03 02:26:53,-308.0,pre,4.9105,-0.9912,-4.868,25.29,24.72,25.29,,24.75,0.54,
2026-10-03 02:26:54,-307.0,pre,4.9096,-0.991,-4.8655,25.286,24.772,25.286,,24.75,0.536,
2026-10-03 02:26:55,-306.0,pre,4.9128,-0.9911,-4.8695,25.224,24.796,25.224,,24.75,0.474,
2026-10-03 02:26:56,-305.0,pre,4.9139,-0.9911,-4.8715,25.318,24.668,25.318,,24.75,0.568,
2026-10-03 02:26:57,-304.0,pre,4.9138,-0.9915,-4.873,25.26,24.688,25.26,,24.75,0.51,
2026-10-03 02:26:58,-303.0,pre,4.9168,-0.9909,-4.873,25.324,24.76,25.324,,24.75,0.574,
2026-10-03 02:26:59,-302.0,pre,4.9174,-0.9906,-4.8725,25.26,24.718,25.26,,24.75,0.51,
2026-10-03 02:27:00,-301.0,pre,4.9188,-0.9908,-4.874,25.304,24.668,25.304,,24.75,0.554,
2026-10-03 02:27:01,-300.0,pre,4.9205,-0.9911,-4.877,25.274,24.696,25.274,,24.75,0.524,
2026-10-03 02:27:02,-299.0,pre,4.9224,-0.9911,-4.88,25.364,24.704,25.364,,24.75,0.614,
2026-10-03 02:27:03,-298.0,pre,4.9226,-0.9912,-4.8815,25.26,24.728,25.26,,24.75,0.51,
2026-10-03 02:27:04,-297.0,pre,4.9221,-0.9908,-4.878,25.246,24.796,25.246,,24.75,0.496,
2026-10-03 02:27:05,-296.0,pre,4.9205,-0.9913,-4.879,25.284,24.792,25.284,,24.75,0.534,
2026-10-03 02:27:06,-295.0,pre,4.9207,-0.9913,-4.878,25.258,24.736,25.258,,24.75,0.508,
2026-10-03 02:27:07,-294.0,pre,4.9202,-0.9909,-4.877,25.292,24.742,25.292,,24.75,0.542,
2026-10-03 02:27:08,-293.0,pre,4.9195,-0.9907,-4.8745,25.302,24.722,25.302,,24.75,0.552,
2026-10-03 02:27:09,-292.0,pre,4.9224,-0.9911,-4.88,25.316,24.738,25.316,,24.75,0.566,
2026-10-03 02:27:10,-291.0,pre,4.9238,-0.9908,-4.879,25.256,24.71,25.256,,24.75,0.506,
2026-10-03 02:27:11,-290.0,pre,4.9262,-0.9911,-4.8835,25.238,24.734,25.238,,24.75,0.488,
2026-10-03 02:27:12,-289.0,pre,4.9229,-0.991,-4.8795,25.35,24.732,25.35,,24.75,0.6,
2026-10-03 02:27:13,-288.0,pre,4.921,-0.991,-4.8775,25.272,24.716,25.272,,24.75,0.522,
2026-10-03 02:27:14,-287.0,pre,4.9209,-0.9911,-4.878,25.332,24.796,25.332,,24.75,0.582,
2026-10-03 02:27:15,-286.0,pre,4.923,-0.9913,-4.8805,25.304,24.732,25.304,,24.75,0.554,
2026-10-03 02:27:16,-285.0,pre,4.9226,-0.9912,-4.8805,25.262,24.752,25.262,,24.75,0.512,
2026-10-03 02:27:17,-284.0,pre,4.9239,-0.9913,-4.882,25.31,24.792,25.31,,24.75,0.56,
2026-10-03 02:27:18,-283.0,pre,4.925,-0.9914,-4.884,25.236,24.724,25.236,,24.75,0.486,
2026-10-03 02:27:19,-282.0,pre,4.9251,-0.9912,-4.883,25.254,24.776,25.254,,24.75,0.504,
2026-10-03 02:27:20,-281.0,pre,4.9254,-0.9914,-4.8845,25.306,24.832,25.306,,24.75,0.556,
2026-10-03 02:27:21,-280.0,pre,4.925,-0.9912,-4.8835,25.214,24.778,25.214,,24.75,0.464,
2026-10-03 02:27:22,-279.0,pre,4.9234,-0.9912,-4.882,25.314,24.774,25.314,,24.687,0.627,
2026-10-03 02:27:23,-278.0,pre,4.9201,-0.9914,-4.8795,25.25,24.766,25.25,,24.687,0.563,
2026-10-03 02:27:24,-277.0,pre,4.9217,-0.9912,-4.8795,25.296,24.662,25.296,,24.75,0.546,
2026-10-03 02:27:25,-276.0,pre,4.9159,-0.9914,-4.8745,25.266,24.67,25.266,,24.75,0.516,
2026-10-03 02:27:26,-275.0,pre,4.9031,-0.9913,-4.861,25.358,24.65,25.358,,24.75,0.608,
2026-10-03 02:27:27,-274.0,pre,4.9746,-0.9912,-4.933,25.28,24.688,25.28,,24.75,0.53,
2026-10-03 02:27:28,-273.0,pre,4.9979,-0.9908,-4.9505,25.324,24.768,25.324,,24.75,0.574,
2026-10-03 02:27:29,-272.0,pre,5.0127,-0.9913,-4.9705,25.27,24.622,25.27,,24.75,0.52,
2026-10-03 02:27:30,-271.0,pre,5.0164,-0.9914,-4.9735,25.338,24.8,25.338,,24.75,0.588,
2026-10-03 02:27:31,-270.0,pre,5.0177,-0.9913,-4.9755,25.232,24.718,25.232,,24.75,0.482,
2026-10-03 02:27:32,-269.0,pre,5.0192,-0.9911,-4.975,25.318,24.718,25.318,,24.75,0.568,
2026-10-03 02:27:33,-268.0,pre,5.0199,-0.9909,-4.975,25.24,24.75,25.24,,24.75,0.49,
2026-10-03 02:27:34,-267.0,pre,5.0212,-0.9912,-4.979,25.378,24.766,25.378,,24.75,0.628,
2026-10-03 02:27:35,-266.0,pre,5.0205,-0.991,-4.9765,25.306,24.69,25.306,,24.75,0.556,
2026-10-03 02:27:36,-265.0,pre,5.0213,-0.9913,-4.979,25.286,24.684,25.286,,24.75,0.536,
2026-10-03 02:27:37,-264.0,pre,5.0213,-0.9916,-4.981,25.194,24.772,25.194,,24.75,0.444,
2026-10-03 02:27:38,-263.0,pre,5.022,-0.9914,-4.98,25.286,24.75,25.286,,24.75,0.536,
2026-10-03 02:27:39,-262.0,pre,5.0224,-0.9912,-4.979,25.4,24.652,25.4,,24.75,0.65,
2026-10-03 02:27:40,-261.0,pre,5.0221,-0.9912,-4.979,25.314,24.718,25.314,,24.687,0.627,
2026-10-03 02:27:41,-260.0,pre,5.0232,-0.9909,-4.979,25.374,24.7,25.374,,24.687,0.687,
2026-10-03 02:27:42,-259.0,pre,5.0226,-0.9909,-4.9775,25.306,24.702,25.306,,24.75,0.556,
2026-10-03 02:27:43,-258.0,pre,5.0236,-0.991,-4.979,25.332,24.75,25.332,,24.75,0.582,
2026-10-03 02:27:44,-257.0,pre,5.0227,-0.9912,-4.9795,25.304,24.708,25.304,,24.75,0.554,
2026-10-03 02:27:45,-256.0,pre,5.0235,-0.9909,-4.979,25.236,24.762,25.236,,24.75,0.486,
2026-10-03 02:27:46,-255.0,pre,5.0231,-0.9908,-4.9775,25.272,24.72,25.272,,24.75,0.522,
2026-10-03 02:27:47,-254.0,pre,5.0234,-0.9908,-4.9775,25.28,24.668,25.28,,24.75,0.53,
2026-10-03 02:27:48,-253.0,pre,5.0233,-0.991,-4.979,25.296,24.766,25.296,,24.75,0.546,
2026-10-03 02:27:49,-252.0,pre,5.023,-0.9913,-4.98,25.282,24.686,25.282,,24.75,0.532,
2026-10-03 02:27:50,-251.0,pre,5.0236,-0.9914,-4.9805,25.354,24.636,25.354,,24.75,0.604,
2026-10-03 02:27:51,-250.0,pre,5.0231,-0.9914,-4.9805,25.26,24.75,25.26,,24.75,0.51,
2026-10-03 02:27:52,-249.0,pre,5.0237,-0.9915,-4.9825,25.344,24.698,25.344,,24.75,0.594,
2026-10-03 02:27:53,-248.0,pre,5.023,-0.9915,-4.98,25.272,24.694,25.272,,24.75,0.522,
2026-10-03 02:27:54,-247.0,pre,5.0235,-0.9915,-4.981,25.31,24.768,25.31,,24.75,0.56,
2026-10-03 02:27:55,-246.0,pre,5.0232,-0.9911,-4.98,25.308,24.734,25.308,,24.75,0.558,
2026-10-03 02:27:56,-245.0,pre,5.0235,-0.9913,-4.981,25.268,24.666,25.268,,24.75,0.518,
2026-10-03 02:27:57,-244.0,pre,5.024,-0.9911,-4.9795,25.336,24.872,25.336,,24.75,0.586,
2026-10-03 02:27:58,-243.0,pre,5.0232,-0.9913,-4.981,25.418,24.704,25.418,,24.75,0.668,
2026-10-03 02:27:59,-242.0,pre,5.0237,-0.9911,-4.9805,25.312,24.71,25.312,,24.75,0.562,
2026-10-03 02:28:00,-241.0,pre,5.0236,-0.9911,-4.98,25.4,24.732,25.4,,24.75,0.65,
2026-10-03 02:28:01,-240.0,pre,5.0238,-0.9914,-4.983,25.294,24.74,25.294,,24.75,0.544,
2026-10-03 02:28:02,-239.0,pre,5.0232,-0.9911,-4.9805,25.314,24.662,25.314,,24.75,0.564,
2026-10-03 02:28:03,-238.0,pre,5.0245,-0.9908,-4.979,25.306,24.724,25.306,,24.75,0.556,
2026-10-03 02:28:04,-237.0,pre,5.0242,-0.9912,-4.982,25.314,24.714,25.314,,24.75,0.564,
2026-10-03 02:28:05,-236.0,pre,5.0246,-0.9911,-4.9815,25.322,24.662,25.322,,24.75,0.572,
2026-10-03 02:28:06,-235.0,pre,5.0251,-0.9912,-4.9825,25.348,24.726,25.348,,24.75,0.598,
2026-10-03 02:28:07,-234.0,pre,5.0253,-0.9911,-4.981,25.276,24.676,25.276,,24.75,0.526,
2026-10-03 02:28:08,-233.0,pre,5.0263,-0.9909,-4.9805,25.338,24.792,25.338,,24.75,0.588,
2026-10-03 02:28:09,-232.0,pre,5.0254,-0.9912,-4.9815,25.334,24.73,25.334,,24.75,0.584,
2026-10-03 02:28:10,-231.0,pre,5.0262,-0.991,-4.9815,25.304,24.656,25.304,,24.687,0.617,
2026-10-03 02:28:11,-230.0,pre,5.0255,-0.9911,-4.9815,25.206,24.732,25.206,,24.687,0.519,
2026-10-03 02:28:12,-229.0,pre,5.0265,-0.9908,-4.9805,25.208,24.734,25.208,,24.687,0.521,
2026-10-03 02:28:13,-228.0,pre,5.0272,-0.9912,-4.984,25.358,24.658,25.358,,24.687,0.671,
2026-10-03 02:28:14,-227.0,pre,5.0269,-0.9911,-4.984,25.296,24.688,25.296,,24.75,0.546,
2026-10-03 02:28:15,-226.0,pre,5.0273,-0.9913,-4.9845,25.394,24.634,25.394,,24.75,0.644,
2026-10-03 02:28:16,-225.0,pre,5.0267,-0.9911,-4.982,25.322,24.64,25.322,,24.75,0.572,
2026-10-03 02:28:17,-224.0,pre,5.0275,-0.9914,-4.985,25.3,24.728,25.3,,24.75,0.55,
2026-10-03 02:28:18,-223.0,pre,5.0268,-0.9916,-4.9855,25.266,24.68,25.266,,24.75,0.516,
2026-10-03 02:28:19,-222.0,pre,5.0275,-0.9913,-4.985,25.322,24.69,25.322,,24.75,0.572,
2026-10-03 02:28:20,-221.0,pre,5.0273,-0.9912,-4.9845,25.268,24.744,25.268,,24.75,0.518,
2026-10-03 02:28:21,-220.0,pre,5.0276,-0.9914,-4.9855,25.288,24.72,25.288,,24.75,0.538,
2026-10-03 02:28:22,-219.0,pre,5.0283,-0.9915,-4.9855,25.344,24.748,25.344,,24.75,0.594,
2026-10-03 02:28:23,-218.0,pre,5.0282,-0.9918,-4.987,25.362,24.69,25.362,,24.75,0.612,
2026-10-03 02:28:24,-217.0,pre,5.0289,-0.9913,-4.985,25.366,24.738,25.366,,24.75,0.616,
2026-10-03 02:28:25,-216.0,pre,5.0285,-0.9913,-4.985,25.308,24.72,25.308,,24.75,0.558,
2026-10-03 02:28:26,-215.0,pre,5.0288,-0.9921,-4.9895,25.314,24.666,25.314,,24.687,0.627,
2026-10-03 02:28:27,-214.0,pre,5.0289,-0.9917,-4.987,25.31,24.704,25.31,,24.687,0.623,
2026-10-03 02:28:28,-213.0,pre,5.0295,-0.9913,-4.9855,25.32,24.686,25.32,,24.75,0.57,
2026-10-03 02:28:29,-212.0,pre,5.0292,-0.9913,-4.986,25.382,24.624,25.382,,24.75,0.632,
2026-10-03 02:28:30,-211.0,pre,5.0294,-0.9917,-4.987,25.328,24.702,25.328,,24.687,0.641,
2026-10-03 02:28:31,-210.0,pre,5.0296,-0.9912,-4.985,25.396,24.75,25.396,,24.687,0.709,
2026-10-03 02:28:32,-209.0,pre,5.0298,-0.9911,-4.9845,25.266,24.822,25.266,,24.687,0.579,
2026-10-03 02:28:33,-208.0,pre,5.0302,-0.9909,-4.9855,25.338,24.81,25.338,,24.687,0.651,
2026-10-03 02:28:34,-207.0,pre,5.0292,-0.9914,-4.9865,25.402,24.712,25.402,,24.75,0.652,
2026-10-03 02:28:35,-206.0,pre,5.0304,-0.9914,-4.986,25.356,24.704,25.356,,24.75,0.606,
2026-10-03 02:28:36,-205.0,pre,5.0305,-0.9912,-4.9855,25.338,24.802,25.338,,24.75,0.588,
2026-10-03 02:28:37,-204.0,pre,5.031,-0.9911,-4.9855,25.368,24.776,25.368,,24.687,0.681,
2026-10-03 02:28:38,-203.0,pre,5.0306,-0.9912,-4.986,25.346,24.738,25.346,,24.687,0.659,
2026-10-03 02:28:39,-202.0,pre,5.0306,-0.9915,-4.9865,25.326,24.732,25.326,,24.75,0.576,
2026-10-03 02:28:40,-201.0,pre,5.0306,-0.9911,-4.986,25.356,24.806,25.356,,24.75,0.606,
2026-10-03 02:28:41,-200.0,pre,5.0298,-0.9909,-4.985,25.354,24.658,25.354,,24.75,0.604,
2026-10-03 02:28:42,-199.0,pre,5.0307,-0.9908,-4.985,25.318,24.756,25.318,,24.75,0.568,
2026-10-03 02:28:43,-198.0,pre,5.0296,-0.991,-4.985,25.382,24.694,25.382,,24.687,0.695,
2026-10-03 02:28:44,-197.0,pre,5.03,-0.9907,-4.9845,25.412,24.736,25.412,,24.75,0.662,
2026-10-03 02:28:45,-196.0,pre,5.029,-0.9912,-4.984,25.286,24.66,25.286,,24.75,0.536,
2026-10-03 02:28:46,-195.0,pre,5.0293,-0.9911,-4.9855,25.372,24.798,25.372,,24.687,0.685,
2026-10-03 02:28:47,-194.0,pre,5.0284,-0.9911,-4.9845,25.252,24.8,25.252,,24.687,0.565,
2026-10-03 02:28:48,-193.0,pre,5.029,-0.991,-4.984,25.324,24.678,25.324,,24.687,0.637,
2026-10-03 02:28:49,-192.0,pre,5.0291,-0.9911,-4.985,25.236,24.74,25.236,,24.687,0.549,
2026-10-03 02:28:50,-191.0,pre,5.0289,-0.9909,-4.984,25.386,24.64,25.386,,24.75,0.636,
2026-10-03 02:28:51,-190.0,pre,5.03,-0.9904,-4.983,25.302,24.71,25.302,,24.75,0.552,
2026-10-03 02:28:52,-189.0,pre,5.0292,-0.9911,-4.9845,25.3,24.634,25.3,,24.687,0.613,
2026-10-03 02:28:53,-188.0,pre,5.0299,-0.9913,-4.986,25.4,24.686,25.4,,24.687,0.713,
2026-10-03 02:28:54,-187.0,pre,5.0291,-0.991,-4.9835,25.388,24.672,25.388,,24.687,0.701,
2026-10-03 02:28:55,-186.0,pre,5.0296,-0.9909,-4.984,25.32,24.71,25.32,,24.75,0.57,
2026-10-03 02:28:56,-185.0,pre,5.0294,-0.9914,-4.986,25.252,24.68,25.252,,24.75,0.502,
2026-10-03 02:28:57,-184.0,pre,5.0294,-0.9913,-4.986,25.378,24.74,25.378,,24.75,0.628,
2026-10-03 02:28:58,-183.0,pre,5.0301,-0.9911,-4.985,25.298,24.682,25.298,,24.75,0.548,
2026-10-03 02:28:59,-182.0,pre,5.029,-0.9913,-4.985,25.396,24.714,25.396,,24.687,0.709,
2026-10-03 02:29:00,-181.0,pre,5.0305,-0.9913,-4.9875,25.372,24.708,25.372,,24.687,0.685,
2026-10-03 02:29:01,-180.0,pre,5.03,-0.9911,-4.9855,25.356,24.694,25.356,,24.687,0.669,
2026-10-03 02:29:02,-179.0,pre,5.031,-0.9911,-4.986,25.452,24.71,25.452,,24.75,0.702,
2026-10-03 02:29:03,-178.0,pre,5.0304,-0.9912,-4.9865,25.358,24.758,25.358,,24.75,0.608,
2026-10-03 02:29:04,-177.0,pre,5.0306,-0.9906,-4.984,25.34,24.66,25.34,,24.687,0.653,
2026-10-03 02:29:05,-176.0,pre,5.0301,-0.9913,-4.986,25.366,24.712,25.366,,24.687,0.679,
2026-10-03 02:29:06,-175.0,pre,5.0304,-0.9909,-4.9855,25.314,24.744,25.314,,24.75,0.564,
2026-10-03 02:29:07,-174.0,pre,5.0307,-0.991,-4.9855,25.302,24.67,25.302,,24.75,0.552,
2026-10-03 02:29:08,-173.0,pre,5.0301,-0.9914,-4.986,25.34,24.684,25.34,,24.687,0.653,
2026-10-03 02:29:09,-172.0,pre,5.0311,-0.991,-4.986,25.288,24.662,25.288,,24.687,0.601,
2026-10-03 02:29:10,-171.0,pre,5.0302,-0.991,-4.985,25.39,24.748,25.39,,24.687,0.703,
2026-10-03 02:29:11,-170.0,pre,5.0306,-0.9915,-4.9885,25.372,24.706,25.372,,24.75,0.622,
2026-10-03 02:29:12,-169.0,pre,5.0306,-0.9912,-4.986,25.422,24.792,25.422,,24.75,0.672,
2026-10-03 02:29:13,-168.0,pre,5.0308,-0.9914,-4.9875,25.364,24.762,25.364,,24.75,0.614,
2026-10-03 02:29:14,-167.0,pre,5.031,-0.9913,-4.986,25.328,24.75,25.328,,24.75,0.578,
2026-10-03 02:29:15,-166.0,pre,5.0306,-0.9912,-4.9865,25.366,24.796,25.366,,24.75,0.616,
2026-10-03 02:29:16,-165.0,pre,5.0312,-0.9914,-4.987,25.312,24.706,25.312,,24.75,0.562,
2026-10-03 02:29:17,-164.0,pre,5.0304,-0.9916,-4.988,25.358,24.786,25.358,,24.75,0.608,
2026-10-03 02:29:18,-163.0,pre,5.0312,-0.9916,-4.989,25.36,24.794,25.36,,24.687,0.673,
2026-10-03 02:29:19,-162.0,pre,5.0306,-0.9911,-4.986,25.416,24.69,25.416,,24.687,0.729,
2026-10-03 02:29:20,-161.0,pre,5.031,-0.991,-4.9865,25.398,24.668,25.398,,24.687,0.711,
2026-10-03 02:29:21,-160.0,pre,5.0306,-0.9913,-4.9865,25.378,24.684,25.378,,24.687,0.691,
2026-10-03 02:29:22,-159.0,pre,5.0307,-0.9916,-4.988,25.396,24.736,25.396,,24.75,0.646,
2026-10-03 02:29:23,-158.0,pre,5.0308,-0.9912,-4.9855,25.338,24.728,25.338,,24.75,0.588,
2026-10-03 02:29:24,-157.0,pre,5.0305,-0.991,-4.986,25.276,24.712,25.276,,24.687,0.589,
2026-10-03 02:29:25,-156.0,pre,5.0311,-0.9912,-4.9865,25.332,24.758,25.332,,24.687,0.645,
2026-10-03 02:29:26,-155.0,pre,5.0302,-0.9914,-4.986,25.352,24.724,25.352,,24.75,0.602,
2026-10-03 02:29:27,-154.0,pre,5.0311,-0.9914,-4.987,25.348,24.734,25.348,,24.687,0.661,
2026-10-03 02:29:28,-153.0,pre,5.0306,-0.991,-4.9865,25.394,24.708,25.394,,24.687,0.707,
2026-10-03 02:29:29,-152.0,pre,5.031,-0.9915,-4.988,25.316,24.652,25.316,,24.75,0.566,
2026-10-03 02:29:30,-151.0,pre,5.0311,-0.9909,-4.985,25.268,24.694,25.268,,24.75,0.518,
2026-10-03 02:29:31,-150.0,pre,5.0311,-0.9912,-4.9865,25.28,24.688,25.28,,24.687,0.593,
2026-10-03 02:29:32,-149.0,pre,5.0315,-0.9909,-4.986,25.308,24.74,25.308,,24.687,0.621,
2026-10-03 02:29:33,-148.0,pre,5.0316,-0.9908,-4.986,25.402,24.672,25.402,,24.687,0.715,
2026-10-03 02:29:34,-147.0,pre,5.0325,-0.9908,-4.986,25.366,24.776,25.366,,24.687,0.679,
2026-10-03 02:29:35,-146.0,pre,5.0317,-0.991,-4.987,25.344,24.718,25.344,,24.687,0.657,
2026-10-03 02:29:36,-145.0,pre,5.0324,-0.9908,-4.987,25.42,24.772,25.42,,24.687,0.733,
2026-10-03 02:29:37,-144.0,pre,5.0317,-0.9909,-4.9865,25.314,24.648,25.314,,24.687,0.627,
2026-10-03 02:29:38,-143.0,pre,5.0322,-0.9911,-4.987,25.286,24.8,25.286,,24.75,0.536,
2026-10-03 02:29:39,-142.0,pre,5.032,-0.9909,-4.985,25.366,24.728,25.366,,24.75,0.616,
2026-10-03 02:29:40,-141.0,pre,5.0319,-0.9909,-4.985,25.394,24.726,25.394,,24.687,0.707,
2026-10-03 02:29:41,-140.0,pre,5.0322,-0.9909,-4.9855,25.36,24.76,25.36,,24.687,0.673,
2026-10-03 02:29:42,-139.0,pre,5.0317,-0.9909,-4.9855,25.462,24.782,25.462,,24.687,0.775,
2026-10-03 02:29:43,-138.0,pre,5.0321,-0.991,-4.9875,25.428,24.668,25.428,,24.687,0.741,
2026-10-03 02:29:44,-137.0,pre,5.0311,-0.9913,-4.9865,25.396,24.824,25.396,,24.687,0.709,
2026-10-03 02:29:45,-136.0,pre,5.0322,-0.9914,-4.9885,25.29,24.728,25.29,,24.75,0.54,
2026-10-03 02:29:46,-135.0,pre,5.032,-0.9911,-4.9875,25.294,24.718,25.294,,24.75,0.544,
2026-10-03 02:29:47,-134.0,pre,5.0333,-0.9911,-4.9875,25.362,24.76,25.362,,24.75,0.612,
2026-10-03 02:29:48,-133.0,pre,5.0328,-0.9911,-4.9885,25.348,24.732,25.348,,24.75,0.598,
2026-10-03 02:29:49,-132.0,pre,5.0332,-0.9913,-4.989,25.41,24.688,25.41,,24.687,0.723,
2026-10-03 02:29:50,-131.0,pre,5.0334,-0.9911,-4.9885,25.376,24.73,25.376,,24.687,0.689,
2026-10-03 02:29:51,-130.0,pre,5.0321,-0.9911,-4.987,25.36,24.77,25.36,,24.687,0.673,
2026-10-03 02:29:52,-129.0,pre,5.0335,-0.9913,-4.9895,25.338,24.656,25.338,,24.687,0.651,
2026-10-03 02:29:53,-128.0,pre,5.0325,-0.9908,-4.9865,25.462,24.71,25.462,,24.687,0.775,
2026-10-03 02:29:54,-127.0,pre,5.0328,-0.991,-4.986,25.352,24.77,25.352,,24.75,0.602,
2026-10-03 02:29:55,-126.0,pre,5.0329,-0.9907,-4.9865,25.368,24.732,25.368,,24.75,0.618,
2026-10-03 02:29:56,-125.0,pre,5.0345,-0.991,-4.9885,25.408,24.708,25.408,,24.75,0.658,
2026-10-03 02:29:57,-124.0,pre,5.0355,-0.991,-4.9905,25.28,24.73,25.28,,24.75,0.53,
2026-10-03 02:29:58,-123.0,pre,5.0357,-0.9907,-4.988,25.384,24.728,25.384,,24.75,0.634,
2026-10-03 02:29:59,-122.0,pre,5.0361,-0.9911,-4.9905,25.394,24.778,25.394,,24.75,0.644,
2026-10-03 02:30:00,-121.0,pre,5.0345,-0.9913,-4.9905,25.412,24.746,25.412,,24.687,0.725,
2026-10-03 02:30:01,-120.0,pre,5.0337,-0.9914,-4.9895,25.332,24.724,25.332,,24.687,0.645,
2026-10-03 02:30:02,-119.0,pre,5.0329,-0.991,-4.987,25.35,24.756,25.35,,24.687,0.663,
2026-10-03 02:30:03,-118.0,pre,5.0334,-0.9915,-4.9905,25.378,24.726,25.378,,24.687,0.691,
2026-10-03 02:30:04,-117.0,pre,5.0329,-0.9914,-4.99,25.456,24.756,25.456,,24.687,0.769,
2026-10-03 02:30:05,-116.0,pre,5.0339,-0.9914,-4.99,25.428,24.778,25.428,,24.687,0.741,
2026-10-03 02:30:06,-115.0,pre,5.0345,-0.9913,-4.991,25.384,24.738,25.384,,24.687,0.697,
2026-10-03 02:30:07,-114.0,pre,5.0345,-0.9912,-4.989,25.386,24.718,25.386,,24.75,0.636,
2026-10-03 02:30:08,-113.0,pre,5.0355,-0.9915,-4.9925,25.394,24.724,25.394,,24.75,0.644,
2026-10-03 02:30:09,-112.0,pre,5.0355,-0.9913,-4.9905,25.366,24.73,25.366,,24.75,0.616,
2026-10-03 02:30:10,-111.0,pre,5.0367,-0.9912,-4.9915,25.382,24.712,25.382,,24.687,0.695,
2026-10-03 02:30:11,-110.0,pre,5.0367,-0.9912,-4.9915,25.362,24.74,25.362,,24.687,0.675,
2026-10-03 02:30:12,-109.0,pre,5.0369,-0.9914,-4.992,25.404,24.772,25.404,,24.687,0.717,
2026-10-03 02:30:13,-108.0,pre,5.0371,-0.9913,-4.994,25.424,24.716,25.424,,24.687,0.737,
2026-10-03 02:30:14,-107.0,pre,5.0383,-0.9915,-4.9955,25.334,24.688,25.334,,24.687,0.647,
2026-10-03 02:30:15,-106.0,pre,5.0388,-0.991,-4.9935,25.324,24.732,25.324,,24.687,0.637,
2026-10-03 02:30:16,-105.0,pre,5.0393,-0.9909,-4.9935,25.344,24.732,25.344,,24.75,0.594,
2026-10-03 02:30:17,-104.0,pre,5.0399,-0.9913,-4.995,25.334,24.68,25.334,,24.75,0.584,
2026-10-03 02:30:18,-103.0,pre,5.0385,-0.9911,-4.992,25.356,24.69,25.356,,24.75,0.606,
2026-10-03 02:30:19,-102.0,pre,5.0384,-0.991,-4.993,25.416,24.684,25.416,,24.687,0.729,
2026-10-03 02:30:20,-101.0,pre,5.037,-0.9911,-4.9925,25.352,24.8,25.352,,24.687,0.665,
2026-10-03 02:30:21,-100.0,pre,5.0402,-0.991,-4.9945,25.348,24.728,25.348,,24.687,0.661,
2026-10-03 02:30:22,-99.0,pre,5.0376,-0.9912,-4.9925,25.334,24.712,25.334,,24.687,0.647,
2026-10-03 02:30:23,-98.0,pre,5.0385,-0.9912,-4.994,25.412,24.704,25.412,,24.687,0.725,
2026-10-03 02:30:24,-97.0,pre,5.039,-0.9907,-4.9915,25.392,24.592,25.392,,24.687,0.705,
2026-10-03 02:30:25,-96.0,pre,5.0384,-0.9911,-4.9935,25.384,24.694,25.384,,24.75,0.634,
2026-10-03 02:30:26,-95.0,pre,5.0394,-0.9906,-4.9905,25.382,24.786,25.382,,24.75,0.632,
2026-10-03 02:30:27,-94.0,pre,5.0381,-0.9913,-4.994,25.402,24.758,25.402,,24.687,0.715,
2026-10-03 02:30:28,-93.0,pre,5.0376,-0.9912,-4.9925,25.372,24.696,25.372,,24.687,0.685,
2026-10-03 02:30:29,-92.0,pre,5.0361,-0.9909,-4.9905,25.362,24.754,25.362,,24.687,0.675,
2026-10-03 02:30:30,-91.0,pre,5.036,-0.9915,-4.9925,25.394,24.724,25.394,,24.75,0.644,
2026-10-03 02:30:31,-90.0,pre,5.0365,-0.9911,-4.99,25.466,24.772,25.466,,24.75,0.716,
2026-10-03 02:30:32,-89.0,pre,5.0366,-0.991,-4.9915,25.35,24.698,25.35,,24.687,0.663,
2026-10-03 02:30:33,-88.0,pre,5.0358,-0.9908,-4.989,25.466,24.712,25.466,,24.687,0.779,
2026-10-03 02:30:34,-87.0,pre,5.0338,-0.9914,-4.9905,25.32,24.672,25.32,,24.75,0.57,
2026-10-03 02:30:35,-86.0,pre,5.0356,-0.9912,-4.989,25.324,24.706,25.324,,24.75,0.574,
2026-10-03 02:30:36,-85.0,pre,5.0365,-0.9914,-4.993,25.39,24.698,25.39,,24.75,0.64,
2026-10-03 02:30:37,-84.0,pre,5.0361,-0.9913,-4.993,25.38,24.62,25.38,,24.75,0.63,
2026-10-03 02:30:38,-83.0,pre,5.0369,-0.9914,-4.9925,25.366,24.694,25.366,,24.75,0.616,
2026-10-03 02:30:39,-82.0,pre,5.0372,-0.9914,-4.994,25.37,24.662,25.37,,24.687,0.683,
2026-10-03 02:30:40,-81.0,pre,5.0399,-0.9911,-4.9945,25.344,24.772,25.344,,24.687,0.657,
2026-10-03 02:30:41,-80.0,pre,5.0395,-0.9912,-4.9955,25.386,24.71,25.386,,24.687,0.699,
2026-10-03 02:30:42,-79.0,pre,5.0374,-0.9913,-4.9935,25.398,24.706,25.398,,24.687,0.711,
2026-10-03 02:30:43,-78.0,pre,5.0352,-0.9915,-4.992,25.352,24.72,25.352,,24.687,0.665,
2026-10-03 02:30:44,-77.0,pre,5.0363,-0.9917,-4.9945,25.34,24.71,25.34,,24.687,0.653,
2026-10-03 02:30:45,-76.0,pre,5.0356,-0.9915,-4.992,25.298,24.75,25.298,,24.75,0.548,
2026-10-03 02:30:46,-75.0,pre,5.0349,-0.991,-4.9895,25.356,24.784,25.356,,24.75,0.606,
2026-10-03 02:30:47,-74.0,pre,5.0343,-0.9914,-4.9905,25.422,24.736,25.422,,24.75,0.672,
2026-10-03 02:30:48,-73.0,pre,5.0364,-0.9917,-4.9945,25.336,24.704,25.336,,24.75,0.586,
2026-10-03 02:30:49,-72.0,pre,5.0388,-0.9912,-4.9945,25.358,24.68,25.358,,24.75,0.608,
2026-10-03 02:30:50,-71.0,pre,5.0394,-0.9913,-4.9945,25.404,24.774,25.404,,24.75,0.654,
2026-10-03 02:30:51,-70.0,pre,5.0383,-0.9912,-4.993,25.436,24.704,25.436,,24.75,0.686,
2026-10-03 02:30:52,-69.0,pre,5.0356,-0.9912,-4.991,25.386,24.844,25.386,,24.75,0.636,
2026-10-03 02:30:53,-68.0,pre,5.0352,-0.9914,-4.9915,25.424,24.74,25.424,,24.75,0.674,
2026-10-03 02:30:54,-67.0,pre,5.0342,-0.9912,-4.9895,25.32,24.776,25.32,,24.75,0.57,
2026-10-03 02:30:55,-66.0,pre,5.0356,-0.991,-4.9895,25.502,24.736,25.502,,24.687,0.815,
2026-10-03 02:30:56,-65.0,pre,5.0362,-0.9913,-4.9915,25.406,24.692,25.406,,24.687,0.719,
2026-10-03 02:30:57,-64.0,pre,5.0374,-0.9915,-4.9935,25.44,24.808,25.44,,24.75,0.69,
2026-10-03 02:30:58,-63.0,pre,5.0384,-0.9914,-4.9955,25.364,24.736,25.364,,24.75,0.614,
2026-10-03 02:30:59,-62.0,pre,5.0387,-0.9912,-4.9935,25.396,24.708,25.396,,24.75,0.646,
2026-10-03 02:31:00,-61.0,pre,5.0434,-0.991,-4.997,25.478,24.732,25.478,,24.75,0.728,
2026-10-03 02:31:01,-60.0,pre,5.0465,-0.9912,-5.0015,25.388,24.78,25.388,,24.75,0.638,
2026-10-03 02:31:02,-59.0,pre,5.0446,-0.991,-4.999,25.368,24.69,25.368,,24.75,0.618,
2026-10-03 02:31:03,-58.0,pre,5.0421,-0.9913,-4.9975,25.37,24.688,25.37,,24.75,0.62,
2026-10-03 02:31:04,-57.0,pre,5.042,-0.9909,-4.9955,25.286,24.738,25.286,,24.687,0.599,
2026-10-03 02:31:05,-56.0,pre,5.0434,-0.9911,-4.9985,25.304,24.758,25.304,,24.687,0.617,
2026-10-03 02:31:06,-55.0,pre,5.0379,-0.991,-4.992,25.408,24.674,25.408,,24.687,0.721,
2026-10-03 02:31:07,-54.0,pre,5.0329,-0.9912,-4.988,25.436,24.796,25.436,,24.687,0.749,
2026-10-03 02:31:08,-53.0,pre,5.0319,-0.9914,-4.988,25.366,24.752,25.366,,24.75,0.616,
2026-10-03 02:31:09,-52.0,pre,5.0331,-0.9913,-4.9885,25.412,24.832,25.412,,24.75,0.662,
2026-10-03 02:31:10,-51.0,pre,5.042,-0.9912,-4.9975,25.38,24.778,25.38,,24.75,0.63,
2026-10-03 02:31:11,-50.0,pre,5.0491,-0.9909,-5.003,25.452,24.712,25.452,,24.687,0.765,
2026-10-03 02:31:12,-49.0,pre,5.0343,-0.9915,-4.99,25.346,24.75,25.346,,24.687,0.659,
2026-10-03 02:31:13,-48.0,pre,5.0409,-0.9913,-4.9965,25.398,24.716,25.398,,24.75,0.648,
2026-10-03 02:31:14,-47.0,pre,5.0445,-0.9915,-5.0015,25.342,24.704,25.342,,24.75,0.592,
2026-10-03 02:31:15,-46.0,pre,5.0417,-0.9911,-4.997,25.41,24.732,25.41,,24.75,0.66,
2026-10-03 02:31:16,-45.0,pre,5.0442,-0.991,-4.999,25.354,24.718,25.354,,24.75,0.604,
2026-10-03 02:31:17,-44.0,pre,5.0478,-0.9914,-5.004,25.366,24.71,25.366,,24.687,0.679,
2026-10-03 02:31:18,-43.0,pre,5.0508,-0.9909,-5.004,25.432,24.686,25.432,,24.687,0.745,
2026-10-03 02:31:19,-42.0,pre,5.051,-0.9909,-5.0055,25.382,24.638,25.382,,24.687,0.695,
2026-10-03 02:31:20,-41.0,pre,5.0545,-0.9908,-5.008,25.372,24.756,25.372,,24.687,0.685,
2026-10-03 02:31:21,-40.0,pre,5.0515,-0.9913,-5.008,25.394,24.728,25.394,,24.687,0.707,
2026-10-03 02:31:22,-39.0,pre,5.0511,-0.9913,-5.008,25.424,24.792,25.424,,24.75,0.674,
2026-10-03 02:31:23,-38.0,pre,5.0504,-0.9911,-5.0055,25.396,24.752,25.396,,24.75,0.646,
2026-10-03 02:31:24,-37.0,pre,5.05,-0.9912,-5.0045,25.38,24.792,25.38,,24.75,0.63,
2026-10-03 02:31:25,-36.0,pre,5.0505,-0.9913,-5.006,25.344,24.712,25.344,,24.75,0.594,
2026-10-03 02:31:26,-35.0,pre,5.049,-0.9913,-5.005,25.386,24.828,25.386,,24.75,0.636,
2026-10-03 02:31:27,-34.0,pre,5.0498,-0.9913,-5.0055,25.422,24.712,25.422,,24.75,0.672,
2026-10-03 02:31:28,-33.0,pre,5.056,-0.9912,-5.011,25.418,24.826,25.418,,24.687,0.731,
2026-10-03 02:31:29,-32.0,pre,5.0564,-0.9911,-5.0115,25.412,24.744,25.412,,24.687,0.725,
2026-10-03 02:31:30,-31.0,pre,5.0578,-0.9913,-5.0135,25.354,24.714,25.354,,24.687,0.667,
2026-10-03 02:31:31,-30.0,pre,5.0597,-0.9915,-5.017,25.376,24.82,25.376,,24.687,0.689,
2026-10-03 02:31:32,-29.0,pre,5.0518,-0.991,-5.006,25.378,24.722,25.378,,24.687,0.691,
2026-10-03 02:31:33,-28.0,pre,5.0476,-0.9913,-5.0035,25.466,24.714,25.466,,24.75,0.716,
2026-10-03 02:31:34,-27.0,pre,5.053,-0.9913,-5.0085,25.482,24.75,25.482,,24.75,0.732,
2026-10-03 02:31:35,-26.0,pre,5.0428,-0.9911,-4.9965,25.372,24.66,25.372,,24.75,0.622,
2026-10-03 02:31:36,-25.0,pre,5.058,-0.991,-5.0125,25.448,24.74,25.448,,24.75,0.698,
2026-10-03 02:31:37,-24.0,pre,5.0471,-0.9909,-5.001,25.412,24.768,25.412,,24.687,0.725,
2026-10-03 02:31:38,-23.0,pre,5.0471,-0.9915,-5.004,25.428,24.71,25.428,,24.687,0.741,
2026-10-03 02:31:39,-22.0,pre,5.0384,-0.9911,-4.9935,25.436,24.732,25.436,,24.687,0.749,
2026-10-03 02:31:40,-21.0,pre,5.0356,-0.9911,-4.991,25.372,24.714,25.372,,24.75,0.622,
2026-10-03 02:31:41,-20.0,pre,5.0379,-0.9911,-4.993,25.438,24.766,25.438,,24.75,0.688,
2026-10-03 02:31:42,-19.0,pre,5.0555,-0.9911,-5.011,25.394,24.728,25.394,,24.687,0.707,
2026-10-03 02:31:43,-18.0,pre,5.058,-0.9913,-5.0145,25.48,24.692,25.48,,24.687,0.793,
2026-10-03 02:31:44,-17.0,pre,5.0471,-0.9911,-5.002,25.372,24.716,25.372,,24.687,0.685,
2026-10-03 02:31:45,-16.0,pre,5.0411,-0.9913,-4.998,25.346,24.804,25.346,,24.687,0.659,
2026-10-03 02:31:46,-15.0,pre,5.0363,-0.9912,-4.9915,25.472,24.728,25.472,,24.687,0.785,
2026-10-03 02:31:47,-14.0,pre,5.0545,-0.9909,-5.0085,25.412,24.78,25.412,,24.687,0.725,
2026-10-03 02:31:48,-13.0,pre,5.06,-0.9911,-5.0155,25.338,24.656,25.338,,24.687,0.651,
2026-10-03 02:31:49,-12.0,pre,5.061,-0.9911,-5.016,25.402,24.724,25.402,,24.687,0.715,
2026-10-03 02:31:50,-11.0,pre,5.0618,-0.9912,-5.018,25.338,24.77,25.338,,24.687,0.651,
2026-10-03 02:31:51,-10.0,pre,5.0638,-0.9913,-5.0195,25.338,24.702,25.338,,24.75,0.588,
2026-10-03 02:31:52,-9.0,pre,5.0409,-0.9912,-4.997,25.402,24.748,25.402,,24.75,0.652,
2026-10-03 02:31:53,-8.0,pre,5.0373,-0.9911,-4.9925,25.446,24.7,25.446,,24.687,0.759,
2026-10-03 02:31:54,-7.0,pre,5.0322,-0.9912,-4.988,25.344,24.724,25.344,,24.75,0.594,
2026-10-03 02:31:55,-6.0,pre,5.0317,-0.9912,-4.988,25.396,24.716,25.396,,24.75,0.646,
2026-10-03 02:31:56,-5.0,pre,5.0315,-0.9915,-4.9895,25.39,24.674,25.39,,24.75,0.64,
2026-10-03 02:31:57,-4.0,pre,5.0306,-0.9914,-4.987,25.454,24.74,25.454,,24.75,0.704,
2026-10-03 02:31:58,-3.0,pre,5.0301,-0.9912,-4.986,25.414,24.686,25.414,,24.687,0.727,
2026-10-03 02:31:59,-2.0,pre,5.0314,-0.9911,-4.986,25.436,24.768,25.436,,24.687,0.749,
2026-10-03 02:32:00,-1.0,pre,5.0334,-0.9908,-4.987,25.328,24.81,25.328,,24.75,0.578,
2026-10-03 02:32:01,0.0,heat,5.0349,-0.9907,-4.9895,25.388,24.798,25.388,,24.75,0.638,
2026-10-03 02:32:02,1.0,heat,5.0346,-0.9913,-4.99,25.326,24.826,25.326,,24.687,0.639,
2026-10-03 02:32:03,2.0,heat,5.0361,-0.991,-4.99,25.462,24.77,25.462,,24.687,0.775,
2026-10-03 02:32:04,3.0,heat,5.0339,-0.9915,-4.99,25.404,24.856,25.404,,24.687,0.717,
2026-10-03 02:32:05,4.0,heat,5.0359,-0.9911,-4.9905,25.412,24.87,25.412,,24.75,0.662,
2026-10-03 02:32:06,5.0,heat,5.0366,-0.9912,-4.991,25.562,24.988,25.562,,24.75,0.812,
2026-10-03 02:32:07,6.0,heat,5.0466,-0.9913,-5.0035,25.622,25.102,25.622,,24.812,0.81,
2026-10-03 02:32:08,7.0,heat,5.0584,-0.9907,-5.012,25.848,25.306,25.848,,24.812,1.036,
2026-10-03 02:32:09,8.0,heat,5.0705,-0.9912,-5.0265,25.988,25.494,25.988,,24.937,1.051,
2026-10-03 02:32:10,9.0,heat,5.0021,-0.9911,-4.9575,26.154,25.696,26.154,,24.937,1.217,
2026-10-03 02:32:11,10.0,heat,5.0195,-0.9906,-4.9705,26.212,25.816,26.212,,25.125,1.087,
2026-10-03 02:32:12,11.0,heat,5.0663,-0.9908,-5.0205,26.346,25.922,26.346,,25.25,1.096,
2026-10-03 02:32:13,12.0,heat,5.0654,-0.991,-5.0205,26.79,26.16,26.79,,25.25,1.54,
2026-10-03 02:32:14,13.0,heat,5.0647,-0.991,-5.0195,27.794,28.012,28.04,,25.375,2.665,
2026-10-03 02:32:15,14.0,heat,5.0658,-0.991,-5.02,28.792,29.612,29.612,,25.375,4.237,
2026-10-03 02:32:16,15.0,heat,5.0667,-0.991,-5.021,29.64,31.074,31.074,,25.5,5.574,
2026-10-03 02:32:17,16.0,heat,5.069,-0.9906,-5.0215,30.412,32.126,32.126,,25.5,6.626,
2026-10-03 02:32:18,17.0,heat,5.0699,-0.9912,-5.025,30.426,32.106,32.106,,25.625,6.481,
2026-10-03 02:32:19,18.0,heat,5.0698,-0.9907,-5.023,30.1,31.548,31.548,,25.625,5.923,
2026-10-03 02:32:20,19.0,heat,5.0659,-0.9911,-5.02,29.906,30.996,30.996,,25.75,5.246,
2026-10-03 02:32:21,20.0,heat,5.0668,-0.9909,-5.02,29.598,30.72,30.72,,25.875,4.845,
2026-10-03 02:32:22,21.0,heat,5.0668,-0.9912,-5.0225,29.444,30.334,30.334,,25.875,4.459,
2026-10-03 02:32:23,22.0,heat,5.068,-0.991,-5.022,29.242,30.008,30.008,,25.875,4.133,
2026-10-03 02:32:24,23.0,heat,5.0688,-0.9911,-5.023,28.97,29.66,29.66,,25.875,3.785,
2026-10-03 02:32:25,24.0,heat,5.0699,-0.9914,-5.0265,28.836,29.304,29.304,,25.937,3.367,
2026-10-03 02:32:26,25.0,heat,5.0723,-0.9912,-5.0285,28.634,29.02,29.02,,25.937,3.083,
2026-10-03 02:32:27,26.0,heat,5.0729,-0.9911,-5.0275,28.606,28.832,28.832,,25.937,2.895,
2026-10-03 02:32:28,27.0,heat,5.0724,-0.9909,-5.026,28.342,28.622,28.628,,25.937,2.691,
2026-10-03 02:32:29,28.0,heat,5.0731,-0.9912,-5.029,28.474,28.656,28.656,,25.937,2.719,
2026-10-03 02:32:30,29.0,heat,5.074,-0.9907,-5.0275,29.228,29.3,29.346,,26.0,3.346,
2026-10-03 02:32:31,30.0,heat,5.0733,-0.9908,-5.0265,29.916,30.212,30.222,,26.0,4.222,
2026-10-03 02:32:32,31.0,heat,5.0732,-0.9909,-5.0275,30.664,31.192,31.194,,26.062,5.132,
2026-10-03 02:32:33,32.0,heat,5.0765,-0.9909,-5.0295,31.224,32.428,32.428,,26.062,6.366,
2026-10-03 02:32:34,33.0,heat,5.0774,-0.9909,-5.0315,31.378,32.666,32.666,,26.25,6.416,
2026-10-03 02:32:35,34.0,heat,5.0746,-0.9909,-5.0285,31.48,32.448,32.448,,26.25,6.198,
2026-10-03 02:32:36,35.0,heat,5.0739,-0.9907,-5.026,31.602,32.316,32.316,,26.375,5.941,
2026-10-03 02:32:37,36.0,heat,5.0733,-0.9909,-5.027,31.47,32.184,32.184,,26.562,5.622,
2026-10-03 02:32:38,37.0,heat,5.0719,-0.9905,-5.024,31.262,31.754,31.754,,26.562,5.192,
2026-10-03 02:32:39,38.0,heat,5.0723,-0.9908,-5.0255,31.24,31.39,31.426,,26.812,4.614,
2026-10-03 02:32:40,39.0,heat,5.0715,-0.9909,-5.025,31.106,30.978,31.116,,26.812,4.304,
2026-10-03 02:32:41,40.0,heat,5.0713,-0.9913,-5.0275,31.0,30.804,31.016,,27.0,4.016,
2026-10-03 02:32:42,41.0,heat,5.0704,-0.9906,-5.022,30.882,30.368,30.882,,27.0,3.882,
2026-10-03 02:32:43,42.0,heat,5.0696,-0.9911,-5.024,30.8,30.102,30.8,,27.187,3.613,
2026-10-03 02:32:44,43.0,heat,5.0718,-0.9907,-5.024,30.552,29.866,30.552,,27.187,3.365,
2026-10-03 02:32:45,44.0,heat,5.0719,-0.991,-5.0255,30.488,29.688,30.488,,27.437,3.051,
2026-10-03 02:32:46,45.0,heat,5.0737,-0.9907,-5.027,30.342,29.532,30.342,,27.562,2.78,
2026-10-03 02:32:47,46.0,heat,5.073,-0.991,-5.027,30.204,29.312,30.204,,27.562,2.642,
2026-10-03 02:32:48,47.0,heat,5.0734,-0.9905,-5.026,30.114,29.17,30.114,,27.75,2.364,
2026-10-03 02:32:49,48.0,heat,5.07,-0.9906,-5.022,29.898,29.128,29.898,,27.75,2.148,
2026-10-03 02:32:50,49.0,heat,5.0712,-0.9906,-5.0235,29.984,29.122,29.984,,27.875,2.109,
2026-10-03 02:32:51,50.0,heat,5.0699,-0.9905,-5.0225,29.844,29.088,29.844,,27.875,1.969,
2026-10-03 02:32:52,51.0,heat,5.0343,-0.9903,-4.9845,29.748,29.052,29.748,,28.0,1.748,
2026-10-03 02:32:53,52.0,heat,5.0043,-0.9907,-4.9575,29.678,28.99,29.678,,28.0,1.678,
2026-10-03 02:32:54,53.0,heat,5.0169,-0.9909,-4.972,29.562,28.986,29.562,,28.062,1.5,
2026-10-03 02:32:55,54.0,heat,4.9912,-0.9909,-4.947,29.528,29.056,29.528,,28.125,1.403,
2026-10-03 02:32:56,55.0,heat,4.991,-0.9911,-4.9455,29.548,29.086,29.548,,28.125,1.423,
2026-10-03 02:32:57,56.0,heat,5.0056,-0.9905,-4.958,29.926,29.31,29.926,,28.25,1.676,
2026-10-03 02:32:58,57.0,heat,5.0261,-0.9908,-4.98,29.99,29.83,29.996,,28.25,1.746,
2026-10-03 02:32:59,58.0,heat,5.0315,-0.9908,-4.985,30.046,29.898,30.066,,28.312,1.754,
2026-10-03 02:33:00,59.0,heat,5.0176,-0.9909,-4.974,30.294,29.874,30.294,,28.312,1.982,
2026-10-03 02:33:01,60.0,heat,5.0252,-0.9908,-4.98,30.386,30.074,30.394,,28.437,1.957,
2026-10-03 02:33:02,61.0,heat,5.0146,-0.9909,-4.9705,30.544,31.21,31.21,,28.437,2.773,
2026-10-03 02:33:03,62.0,heat,5.0105,-0.9912,-4.9675,31.104,32.52,32.52,,28.5,4.02,
2026-10-03 02:33:04,63.0,heat,5.0252,-0.9913,-4.9825,31.068,33.028,33.028,,28.562,4.466,
2026-10-03 02:33:05,64.0,heat,5.0111,-0.9907,-4.9655,31.262,32.76,32.76,,28.562,4.198,
2026-10-03 02:33:06,65.0,heat,5.0274,-0.9907,-4.981,31.288,32.564,32.564,,28.562,4.002,
2026-10-03 02:33:07,66.0,heat,5.0233,-0.9908,-4.9775,31.192,32.23,32.23,,28.562,3.668,
2026-10-03 02:33:08,67.0,heat,5.0168,-0.9906,-4.9715,31.226,32.068,32.068,,28.625,3.443,
2026-10-03 02:33:09,68.0,heat,5.0158,-0.9906,-4.9705,31.154,31.726,31.726,,28.625,3.101,
2026-10-03 02:33:10,69.0,heat,5.0111,-0.9905,-4.9625,31.418,32.942,32.942,,28.687,4.255,
2026-10-03 02:33:11,70.0,heat,5.0075,-0.9905,-4.96,31.492,33.684,33.684,,28.75,4.934,
2026-10-03 02:33:12,71.0,heat,5.0443,-0.9909,-4.998,31.456,33.428,33.428,,28.75,4.678,
2026-10-03 02:33:13,72.0,heat,5.0449,-0.9907,-4.998,31.552,33.012,33.012,,28.75,4.262,
2026-10-03 02:33:14,73.0,heat,5.042,-0.9905,-4.9935,31.628,32.776,32.776,,28.75,4.026,
2026-10-03 02:33:15,74.0,heat,5.0386,-0.9907,-4.9915,31.606,32.936,32.936,,28.75,4.186,
2026-10-03 02:33:16,75.0,heat,5.0364,-0.9909,-4.99,31.572,32.992,32.992,,28.75,4.242,
2026-10-03 02:33:17,76.0,heat,5.0319,-0.9906,-4.984,31.558,33.214,33.214,,28.812,4.402,
2026-10-03 02:33:18,77.0,heat,5.014,-0.9907,-4.969,31.754,33.634,33.634,,28.812,4.822,
2026-10-03 02:33:19,78.0,heat,4.9847,-0.9904,-4.9365,31.582,33.632,33.632,,28.812,4.82,
2026-10-03 02:33:20,79.0,heat,4.9796,-0.9905,-4.933,31.734,33.722,33.722,,28.875,4.847,
2026-10-03 02:33:21,80.0,heat,4.9859,-0.9904,-4.938,31.728,33.554,33.554,,28.875,4.679,
2026-10-03 02:33:22,81.0,heat,4.9758,-0.9903,-4.9295,31.838,33.198,33.198,,28.937,4.261,
2026-10-03 02:33:23,82.0,heat,4.971,-0.9906,-4.9255,31.818,32.866,32.866,,28.937,3.929,
2026-10-03 02:33:24,83.0,heat,4.9736,-0.9904,-4.9265,31.842,32.866,32.866,,28.937,3.929,
2026-10-03 02:33:25,84.0,heat,4.9756,-0.9905,-4.929,31.854,33.166,33.166,,28.937,4.229,
2026-10-03 02:33:26,85.0,heat,4.963,-0.9907,-4.917,31.764,33.38,33.38,,29.0,4.38,
2026-10-03 02:33:27,86.0,heat,4.9759,-0.9901,-4.9255,31.944,33.132,33.132,,29.0,4.132,
2026-10-03 02:33:28,87.0,heat,4.9599,-0.9899,-4.9095,32.106,33.566,33.566,,29.0,4.566,
2026-10-03 02:33:29,88.0,heat,4.9658,-0.9904,-4.9185,32.158,33.936,33.936,,29.062,4.874,
2026-10-03 02:33:30,89.0,heat,4.971,-0.9903,-4.9215,32.124,33.654,33.654,,29.062,4.592,
2026-10-03 02:33:31,90.0,heat,4.9919,-0.9901,-4.9425,32.156,33.428,33.428,,29.062,4.366,
2026-10-03 02:33:32,91.0,heat,5.0136,-0.9895,-4.961,32.194,33.32,33.32,,29.062,4.258,
2026-10-03 02:33:33,92.0,heat,5.0469,-0.9896,-4.9935,32.14,33.156,33.156,,29.125,4.031,
2026-10-03 02:33:34,93.0,heat,5.0506,-0.9897,-4.9985,32.2,32.848,32.848,,29.125,3.723,
2026-10-03 02:33:35,94.0,heat,5.0504,-0.9896,-4.9965,32.166,32.658,32.658,,29.125,3.533,
2026-10-03 02:33:36,95.0,heat,5.0496,-0.9902,-4.9995,32.338,33.586,33.586,,29.125,4.461,
2026-10-03 02:33:37,96.0,heat,5.0494,-0.9899,-4.9975,32.5,34.606,34.606,,29.187,5.419,
2026-10-03 02:33:38,97.0,heat,5.0503,-0.99,-4.9995,32.808,35.316,35.316,,29.187,6.129,
2026-10-03 02:33:39,98.0,heat,5.0524,-0.99,-5.001,33.002,35.532,35.532,,29.187,6.345,
2026-10-03 02:33:40,99.0,heat,5.0527,-0.9896,-4.9995,33.148,35.842,35.842,,29.187,6.655,
2026-10-03 02:33:41,100.0,heat,5.0525,-0.9895,-4.999,33.638,36.694,36.694,,29.187,7.507,
2026-10-03 02:33:42,101.0,heat,5.0526,-0.9899,-5.0015,33.9,37.216,37.216,,29.25,7.966,
2026-10-03 02:33:43,102.0,heat,5.0541,-0.9901,-5.005,33.916,37.17,37.17,,29.25,7.92,
2026-10-03 02:33:44,103.0,heat,5.0559,-0.9892,-5.0,33.93,36.402,36.402,,29.25,7.152,
2026-10-03 02:33:45,104.0,heat,5.0545,-0.9898,-5.002,33.744,35.652,35.652,,29.25,6.402,
2026-10-03 02:33:46,105.0,heat,5.0509,-0.9898,-4.9995,33.66,35.128,35.128,,29.25,5.878,
2026-10-03 02:33:47,106.0,heat,5.0112,-0.9902,-4.9625,33.418,34.86,34.86,,29.25,5.61,
2026-10-03 02:33:48,107.0,heat,5.0365,-0.99,-4.9855,33.162,34.476,34.476,,29.25,5.226,
2026-10-03 02:33:49,108.0,heat,5.0516,-0.9897,-4.999,32.998,34.136,34.136,,29.187,4.949,
2026-10-03 02:33:50,109.0,heat,5.025,-0.9897,-4.9745,32.806,33.812,33.812,,29.187,4.625,
2026-10-03 02:33:51,110.0,heat,5.0189,-0.9901,-4.969,32.566,33.588,33.588,,29.125,4.463,
2026-10-03 02:33:52,111.0,heat,5.0371,-0.9901,-4.987,32.522,33.202,33.202,,29.125,4.077,
2026-10-03 02:33:53,112.0,heat,4.9854,-0.9898,-4.9345,32.278,32.994,32.994,,29.062,3.932,
2026-10-03 02:33:54,113.0,heat,4.9987,-0.9899,-4.9495,32.056,32.522,32.522,,29.0,3.522,
2026-10-03 02:33:55,114.0,heat,4.9804,-0.9896,-4.929,31.948,32.332,32.332,,29.0,3.332,
2026-10-03 02:33:56,115.0,heat,4.9795,-0.9894,-4.927,31.592,32.17,32.17,,29.0,3.17,
2026-10-03 02:33:57,116.0,heat,4.9765,-0.9895,-4.925,31.6,32.002,32.002,,29.0,3.002,
2026-10-03 02:33:58,117.0,heat,4.9805,-0.9895,-4.9295,31.52,31.764,31.764,,29.0,2.764,
2026-10-03 02:33:59,118.0,heat,4.9981,-0.9898,-4.947,31.49,31.676,31.684,,29.0,2.684,
2026-10-03 02:34:00,119.0,heat,4.9988,-0.9898,-4.9485,31.438,31.53,31.538,,29.0,2.538,
2026-10-03 02:34:01,120.0,heat,5.0312,-0.9895,-4.9785,31.462,31.334,31.48,,29.0,2.48,
2026-10-03 02:34:02,121.0,heat,5.0005,-0.9896,-4.948,31.39,31.228,31.398,,28.937,2.461,
2026-10-03 02:34:03,122.0,heat,4.9949,-0.99,-4.9445,31.29,31.1,31.29,,29.0,2.29,
2026-10-03 02:34:04,123.0,heat,5.0118,-0.99,-4.9615,31.256,31.012,31.27,,29.0,2.27,
2026-10-03 02:34:05,124.0,heat,4.9871,-0.9901,-4.938,31.22,30.96,31.22,,29.0,2.22,
2026-10-03 02:34:06,125.0,heat,5.009,-0.9895,-4.9545,31.166,30.968,31.166,,29.0,2.166,
2026-10-03 02:34:07,126.0,heat,5.004,-0.99,-4.9545,31.19,30.94,31.216,,29.0,2.216,
2026-10-03 02:34:08,127.0,heat,4.991,-0.9901,-4.942,31.094,30.694,31.094,,29.0,2.094,
2026-10-03 02:34:09,128.0,heat,4.9818,-0.99,-4.9325,31.102,30.666,31.102,,29.0,2.102,
2026-10-03 02:34:10,129.0,heat,4.9764,-0.9897,-4.925,30.982,30.7,30.982,,29.0,1.982,
2026-10-03 02:34:11,130.0,heat,4.978,-0.9896,-4.9265,30.888,30.79,30.89,,28.937,1.953,
2026-10-03 02:34:12,131.0,heat,5.0068,-0.99,-4.9575,30.746,30.818,30.818,,28.937,1.881,
2026-10-03 02:34:13,132.0,heat,5.0059,-0.9899,-4.956,30.8,30.862,30.872,,28.937,1.935,
2026-10-03 02:34:14,133.0,heat,5.0026,-0.9896,-4.9515,30.872,30.972,30.98,,28.937,2.043,
2026-10-03 02:34:15,134.0,heat,5.0184,-0.9896,-4.9675,30.774,30.82,30.854,,28.937,1.917,
2026-10-03 02:34:16,135.0,heat,5.0009,-0.9899,-4.949,30.692,30.666,30.712,,28.875,1.837,
2026-10-03 02:34:17,136.0,heat,4.9821,-0.9899,-4.932,30.766,30.662,30.776,,28.875,1.901,
2026-10-03 02:34:18,137.0,heat,4.9852,-0.9896,-4.938,30.7,30.476,30.706,,28.875,1.831,
2026-10-03 02:34:19,138.0,heat,4.9889,-0.9896,-4.938,30.686,30.44,30.686,,28.875,1.811,
2026-10-03 02:34:20,139.0,heat,5.0079,-0.9901,-4.9585,30.738,30.368,30.738,,28.875,1.863,
2026-10-03 02:34:21,140.0,heat,4.9929,-0.9898,-4.9435,30.69,30.284,30.696,,28.812,1.884,
2026-10-03 02:34:22,141.0,heat,4.9935,-0.9897,-4.942,30.636,30.208,30.636,,28.812,1.824,
2026-10-03 02:34:23,142.0,heat,5.0156,-0.9895,-4.962,30.672,30.12,30.672,,28.812,1.86,
2026-10-03 02:34:24,143.0,heat,5.0069,-0.9901,-4.958,30.636,30.076,30.636,,28.812,1.824,
2026-10-03 02:34:25,144.0,heat,5.0279,-0.9901,-4.978,30.568,30.076,30.568,,28.812,1.756,
2026-10-03 02:34:26,145.0,heat,4.993,-0.9898,-4.943,30.554,29.964,30.554,,28.812,1.742,
2026-10-03 02:34:27,146.0,heat,5.002,-0.9899,-4.9525,30.51,29.936,30.51,,28.812,1.698,
2026-10-03 02:34:28,147.0,heat,5.0224,-0.9897,-4.971,30.48,29.86,30.48,,28.812,1.668,
2026-10-03 02:34:29,148.0,heat,4.9889,-0.9902,-4.9415,30.374,29.87,30.374,,28.75,1.624,
2026-10-03 02:34:30,149.0,heat,5.022,-0.9898,-4.972,30.354,29.83,30.354,,28.75,1.604,
2026-10-03 02:34:31,150.0,heat,4.9886,-0.9898,-4.9385,30.32,29.744,30.32,,28.75,1.57,
2026-10-03 02:34:32,151.0,heat,5.0015,-0.9902,-4.952,30.282,29.76,30.282,,28.75,1.532,
2026-10-03 02:34:33,152.0,heat,4.9586,-0.9899,-4.909,30.248,29.742,30.248,,28.75,1.498,
2026-10-03 02:34:34,153.0,heat,4.9753,-0.9901,-4.928,30.21,29.726,30.21,,28.75,1.46,
2026-10-03 02:34:35,154.0,heat,4.9798,-0.9899,-4.9305,30.09,29.712,30.09,,28.75,1.34,
2026-10-03 02:34:36,155.0,heat,4.9842,-0.9901,-4.9325,30.076,29.626,30.076,,28.687,1.389,
2026-10-03 02:34:37,156.0,heat,5.0017,-0.9899,-4.9525,30.032,29.528,30.032,,28.687,1.345,
2026-10-03 02:34:38,157.0,heat,5.0025,-0.9897,-4.9515,29.96,29.524,29.96,,28.687,1.273,
2026-10-03 02:34:39,158.0,heat,4.9995,-0.99,-4.95,29.924,29.548,29.924,,28.687,1.237,
2026-10-03 02:34:40,159.0,heat,5.0119,-0.9895,-4.9605,29.93,29.552,29.93,,28.687,1.243,
2026-10-03 02:34:41,160.0,heat,5.0167,-0.9899,-4.9675,29.856,29.476,29.856,,28.625,1.231,
2026-10-03 02:34:42,161.0,heat,4.9988,-0.99,-4.9485,29.878,29.412,29.878,,28.625,1.253,
2026-10-03 02:34:43,162.0,heat,5.0326,-0.9897,-4.982,29.846,29.366,29.846,,28.625,1.221,
2026-10-03 02:34:44,163.0,heat,5.0244,-0.9896,-4.974,29.888,29.472,29.888,,28.625,1.263,
2026-10-03 02:34:45,164.0,heat,4.9979,-0.9902,-4.9495,29.828,29.486,29.828,,28.625,1.203,
2026-10-03 02:34:46,165.0,heat,5.0185,-0.9898,-4.968,29.798,29.458,29.798,,28.562,1.236,
2026-10-03 02:34:47,166.0,heat,5.0065,-0.9901,-4.9565,29.966,29.554,29.966,,28.562,1.404,
2026-10-03 02:34:48,167.0,heat,4.9849,-0.9895,-4.9325,29.994,29.936,30.008,,28.562,1.446,
2026-10-03 02:34:49,168.0,heat,5.013,-0.9896,-4.9615,29.872,29.958,29.986,,28.562,1.424,
2026-10-03 02:34:50,169.0,heat,4.9899,-0.9896,-4.938,29.868,29.802,29.896,,28.562,1.334,
2026-10-03 02:34:51,170.0,heat,4.9763,-0.9898,-4.9255,29.762,29.792,29.818,,28.562,1.256,
2026-10-03 02:34:52,171.0,heat,4.9939,-0.99,-4.9445,29.75,29.696,29.772,,28.5,1.272,
2026-10-03 02:34:53,172.0,heat,5.0059,-0.9897,-4.954,29.774,29.626,29.782,,28.5,1.282,
2026-10-03 02:34:54,173.0,heat,4.972,-0.9901,-4.9205,29.658,29.55,29.676,,28.5,1.176,
2026-10-03 02:34:55,174.0,heat,5.008,-0.9899,-4.9585,29.684,29.548,29.684,,28.5,1.184,
2026-10-03 02:34:56,175.0,heat,5.0082,-0.9903,-4.96,29.758,29.546,29.758,,28.5,1.258,
2026-10-03 02:34:57,176.0,heat,5.0018,-0.9894,-4.9495,30.18,29.934,30.18,,28.437,1.743,
2026-10-03 02:34:58,177.0,heat,4.9975,-0.9901,-4.948,30.524,30.808,30.808,,28.437,2.371,
2026-10-03 02:34:59,178.0,heat,5.0026,-0.9899,-4.953,30.848,31.462,31.462,,28.437,3.025,
2026-10-03 02:35:00,179.0,heat,4.9795,-0.9897,-4.9285,30.972,31.896,31.896,,28.437,3.459,
2026-10-03 02:35:01,180.0,heat,5.0076,-0.9892,-4.954,31.206,32.364,32.364,,28.375,3.989,
2026-10-03 02:35:02,181.0,heat,5.0121,-0.9899,-4.9625,31.162,32.376,32.376,,28.375,4.001,
2026-10-03 02:35:03,182.0,heat,5.0045,-0.9901,-4.9545,31.212,32.448,32.448,,28.375,4.073,
2026-10-03 02:35:04,183.0,heat,5.005,-0.99,-4.9585,31.132,32.178,32.178,,28.312,3.866,
2026-10-03 02:35:05,184.0,heat,4.9542,-0.9897,-4.904,30.972,31.748,31.748,,28.312,3.436,
2026-10-03 02:35:06,185.0,heat,4.98,-0.9897,-4.929,30.772,31.378,31.378,,28.312,3.066,
2026-10-03 02:35:07,186.0,heat,5.0067,-0.9896,-4.955,30.632,31.104,31.104,,28.312,2.792,
2026-10-03 02:35:08,187.0,heat,4.9988,-0.9899,-4.9475,30.456,30.858,30.858,,28.25,2.608,
2026-10-03 02:35:09,188.0,heat,5.0043,-0.9896,-4.953,30.384,30.726,30.726,,28.25,2.476,
2026-10-03 02:35:10,189.0,heat,4.9864,-0.9897,-4.9355,30.246,30.522,30.522,,28.25,2.272,
2026-10-03 02:35:11,190.0,heat,4.9758,-0.9899,-4.927,30.212,30.39,30.394,,28.25,2.144,
2026-10-03 02:35:12,191.0,heat,5.0044,-0.9897,-4.953,30.382,30.484,30.488,,28.25,2.238,
2026-10-03 02:35:13,192.0,heat,4.9984,-0.99,-4.949,30.44,30.868,30.868,,28.25,2.618,
2026-10-03 02:35:14,193.0,heat,5.0004,-0.9894,-4.95,30.49,31.04,31.04,,28.25,2.79,
2026-10-03 02:35:15,194.0,heat,4.9755,-0.99,-4.9265,30.53,31.218,31.218,,28.25,2.968,
2026-10-03 02:35:16,195.0,heat,4.9531,-0.9898,-4.9025,30.656,31.494,31.494,,28.25,3.244,
2026-10-03 02:35:17,196.0,heat,4.9475,-0.9897,-4.8975,30.708,31.632,31.632,,28.25,3.382,
2026-10-03 02:35:18,197.0,heat,4.9869,-0.9896,-4.935,30.718,31.708,31.708,,28.25,3.458,
2026-10-03 02:35:19,198.0,heat,4.9761,-0.9898,-4.926,30.806,31.802,31.802,,28.25,3.552,
2026-10-03 02:35:20,199.0,heat,4.9664,-0.9903,-4.9185,30.846,32.166,32.166,,28.25,3.916,
2026-10-03 02:35:21,200.0,heat,4.9599,-0.99,-4.9105,31.154,32.352,32.352,,28.25,4.102,
2026-10-03 02:35:22,201.0,heat,5.0212,-0.9898,-4.971,31.296,32.37,32.37,,28.187,4.183,
2026-10-03 02:35:23,202.0,heat,5.0218,-0.9896,-4.97,31.336,32.42,32.42,,28.187,4.233,
2026-10-03 02:35:24,203.0,heat,4.9875,-0.9896,-4.9385,31.268,32.37,32.37,,28.187,4.183,
2026-10-03 02:35:25,204.0,heat,4.9879,-0.99,-4.9375,31.258,32.08,32.08,,28.187,3.893,
2026-10-03 02:35:26,205.0,heat,4.9925,-0.9897,-4.9395,31.016,31.796,31.796,,28.125,3.671,
2026-10-03 02:35:27,206.0,heat,4.9424,-0.9896,-4.892,30.878,31.454,31.454,,28.125,3.329,
2026-10-03 02:35:28,207.0,heat,4.9461,-0.9898,-4.8945,30.72,31.214,31.214,,28.125,3.089,
2026-10-03 02:35:29,208.0,heat,4.9741,-0.9899,-4.9265,30.62,30.974,30.974,,28.125,2.849,
2026-10-03 02:35:30,209.0,heat,4.9833,-0.9896,-4.9325,30.532,30.788,30.788,,28.125,2.663,
2026-10-03 02:35:31,210.0,heat,4.9994,-0.9896,-4.9475,30.508,30.704,30.704,,28.125,2.579,
2026-10-03 02:35:32,211.0,heat,5.0018,-0.9896,-4.9505,30.33,30.546,30.564,,28.125,2.439,
2026-10-03 02:35:33,212.0,heat,5.0121,-0.99,-4.962,30.45,30.4,30.458,,28.125,2.333,
2026-10-03 02:35:34,213.0,heat,5.0456,-0.9896,-4.9935,30.304,30.558,30.558,,28.125,2.433,
2026-10-03 02:35:35,214.0,heat,5.046,-0.9895,-4.9925,30.34,30.314,30.368,,28.125,2.243,
2026-10-03 02:35:36,215.0,heat,5.0828,-0.9893,-5.029,30.286,30.17,30.292,,28.125,2.167,
2026-10-03 02:35:37,216.0,heat,5.063,-0.9896,-5.01,30.314,29.938,30.314,,28.125,2.189,
2026-10-03 02:35:38,217.0,heat,5.0565,-0.9897,-5.0055,30.198,29.972,30.198,,28.125,2.073,
2026-10-03 02:35:39,218.0,heat,5.0446,-0.9894,-4.99,30.856,30.742,30.884,,28.125,2.759,
2026-10-03 02:35:40,219.0,heat,5.0508,-0.9895,-4.998,31.11,31.466,31.474,,28.125,3.349,
2026-10-03 02:35:41,220.0,heat,5.063,-0.9898,-5.0125,31.152,31.884,31.884,,28.125,3.759,
2026-10-03 02:35:42,221.0,heat,5.0582,-0.9897,-5.006,31.17,31.732,31.732,,28.125,3.607,
2026-10-03 02:35:43,222.0,heat,5.037,-0.9893,-4.9835,30.964,31.376,31.376,,28.125,3.251,
2026-10-03 02:35:44,223.0,heat,5.0688,-0.9896,-5.0155,30.988,31.05,31.062,,28.187,2.875,
2026-10-03 02:35:45,224.0,heat,5.0742,-0.9893,-5.0205,30.856,30.858,30.918,,28.187,2.731,
2026-10-03 02:35:46,225.0,heat,5.0751,-0.9892,-5.0205,30.702,30.662,30.732,,28.25,2.482,
2026-10-03 02:35:47,226.0,heat,5.0756,-0.9895,-5.0225,30.758,30.52,30.766,,28.312,2.454,
2026-10-03 02:35:48,227.0,heat,5.0748,-0.9895,-5.0215,30.704,30.588,30.718,,28.312,2.406,
2026-10-03 02:35:49,228.0,heat,5.0764,-0.9898,-5.024,30.706,30.526,30.706,,28.375,2.331,
2026-10-03 02:35:50,229.0,heat,5.0765,-0.9896,-5.0235,30.62,30.32,30.62,,28.375,2.245,
2026-10-03 02:35:51,230.0,heat,5.0785,-0.9895,-5.0245,30.648,30.162,30.648,,28.437,2.211,
2026-10-03 02:35:52,231.0,heat,5.0798,-0.9892,-5.0245,30.664,30.064,30.664,,28.437,2.227,
2026-10-03 02:35:53,232.0,heat,5.0798,-0.9893,-5.024,30.672,30.052,30.672,,28.5,2.172,
2026-10-03 02:35:54,233.0,heat,5.0811,-0.9898,-5.03,30.736,30.022,30.736,,28.5,2.236,
2026-10-03 02:35:55,234.0,heat,5.0807,-0.9893,-5.026,30.706,29.97,30.706,,28.562,2.144,
2026-10-03 02:35:56,235.0,heat,5.079,-0.9892,-5.0245,30.692,29.984,30.692,,28.625,2.067,
2026-10-03 02:35:57,236.0,heat,5.078,-0.9893,-5.0225,30.626,29.924,30.626,,28.625,2.001,
2026-10-03 02:35:58,237.0,heat,5.0789,-0.989,-5.0215,30.594,29.94,30.594,,28.75,1.844,
2026-10-03 02:35:59,238.0,heat,5.079,-0.9889,-5.0225,30.48,29.836,30.48,,28.75,1.73,
2026-10-03 02:36:00,239.0,heat,5.0789,-0.9891,-5.0235,30.52,29.838,30.52,,28.812,1.708,
2026-10-03 02:36:01,240.0,heat,5.0787,-0.9891,-5.0235,30.462,29.776,30.462,,28.812,1.65,
2026-10-03 02:36:02,241.0,heat,5.0794,-0.9892,-5.0235,30.464,29.718,30.464,,28.937,1.527,
2026-10-03 02:36:03,242.0,heat,5.0813,-0.9893,-5.0265,30.43,29.672,30.43,,28.937,1.493,
2026-10-03 02:36:04,243.0,heat,5.0805,-0.9892,-5.0255,30.41,29.594,30.41,,29.062,1.348,
2026-10-03 02:36:05,244.0,heat,5.0803,-0.989,-5.025,30.484,29.558,30.484,,29.125,1.359,
2026-10-03 02:36:06,245.0,heat,5.079,-0.9897,-5.0265,30.434,29.54,30.434,,29.125,1.309,
2026-10-03 02:36:07,246.0,heat,5.0792,-0.9893,-5.025,30.26,29.406,30.26,,29.125,1.135,
2026-10-03 02:36:08,247.0,heat,5.0788,-0.9892,-5.024,30.2,29.518,30.2,,29.125,1.075,
2026-10-03 02:36:09,248.0,heat,5.078,-0.9893,-5.025,30.204,29.462,30.204,,29.125,1.079,
2026-10-03 02:36:10,249.0,heat,5.0793,-0.9891,-5.025,30.122,29.446,30.122,,29.125,0.997,
2026-10-03 02:36:11,250.0,heat,5.0787,-0.9896,-5.0265,30.018,29.24,30.018,,29.125,0.893,
2026-10-03 02:36:12,251.0,heat,5.0796,-0.9892,-5.025,29.89,29.258,29.89,,29.125,0.765,
2026-10-03 02:36:13,252.0,heat,5.0782,-0.9896,-5.025,29.862,29.228,29.862,,29.0,0.862,
2026-10-03 02:36:14,253.0,heat,5.078,-0.9892,-5.0235,29.802,29.136,29.802,,28.937,0.865,
2026-10-03 02:36:15,254.0,heat,5.0779,-0.9895,-5.025,29.8,29.114,29.8,,28.937,0.863,
2026-10-03 02:36:16,255.0,heat,5.0822,-0.9894,-5.028,29.738,29.036,29.738,,28.875,0.863,
2026-10-03 02:36:17,256.0,heat,5.0819,-0.9894,-5.028,29.676,29.104,29.676,,28.875,0.801,
2026-10-03 02:36:18,257.0,heat,5.0792,-0.9894,-5.0255,29.7,29.022,29.7,,28.812,0.888,
2026-10-03 02:36:19,258.0,heat,5.0805,-0.9895,-5.0285,29.572,28.924,29.572,,28.812,0.76,
2026-10-03 02:36:20,259.0,heat,5.0851,-0.9894,-5.0315,29.594,28.912,29.594,,28.75,0.844,
2026-10-03 02:36:21,260.0,heat,5.0922,-0.9896,-5.04,29.544,28.812,29.544,,28.687,0.857,
2026-10-03 02:36:22,261.0,heat,5.089,-0.9893,-5.0355,30.308,29.668,30.308,,28.687,1.621,
2026-10-03 02:36:23,262.0,heat,5.0867,-0.9894,-5.0335,31.24,31.012,31.262,,28.625,2.637,
2026-10-03 02:36:24,263.0,heat,5.087,-0.9893,-5.0335,32.848,33.254,33.26,,28.625,4.635,
2026-10-03 02:36:25,264.0,heat,5.0898,-0.9895,-5.037,34.386,35.39,35.39,,28.687,6.703,
2026-10-03 02:36:26,265.0,heat,5.0897,-0.9894,-5.037,36.146,37.916,37.916,,28.687,9.229,
2026-10-03 02:36:27,266.0,heat,5.0907,-0.9896,-5.0385,36.988,39.292,39.292,,28.812,10.48,
2026-10-03 02:36:28,267.0,heat,5.0878,-0.9895,-5.035,36.896,38.38,38.38,,28.812,9.568,
2026-10-03 02:36:29,268.0,heat,5.0867,-0.9897,-5.0355,36.856,37.622,37.622,,29.0,8.622,
2026-10-03 02:36:30,269.0,heat,5.087,-0.9896,-5.0345,36.814,37.036,37.038,,29.187,7.851,
2026-10-03 02:36:31,270.0,heat,5.0862,-0.9895,-5.0325,36.786,36.89,36.908,,29.187,7.721,
2026-10-03 02:36:32,271.0,heat,5.0874,-0.9895,-5.035,37.074,36.834,37.074,,29.5,7.574,
2026-10-03 02:36:33,272.0,heat,5.0872,-0.9898,-5.0355,38.066,38.24,38.252,,29.5,8.752,
2026-10-03 02:36:34,273.0,heat,5.087,-0.9898,-5.036,38.458,38.812,38.812,,29.687,9.125,
2026-10-03 02:36:35,274.0,heat,5.0865,-0.9894,-5.033,38.524,38.794,38.794,,29.687,9.107,
2026-10-03 02:36:36,275.0,heat,5.0862,-0.9896,-5.0335,38.298,38.442,38.466,,29.875,8.591,
2026-10-03 02:36:37,276.0,heat,5.0872,-0.9891,-5.0325,38.084,37.898,38.1,,29.875,8.225,
2026-10-03 02:36:38,277.0,heat,5.0878,-0.989,-5.032,37.748,37.362,37.748,,30.125,7.623,
2026-10-03 02:36:39,278.0,heat,5.0879,-0.9893,-5.0335,37.178,36.888,37.178,,30.312,6.866,
2026-10-03 02:36:40,279.0,heat,5.0855,-0.9892,-5.03,36.898,36.332,36.898,,30.312,6.586,
2026-10-03 02:36:41,280.0,heat,5.0835,-0.9896,-5.0305,36.788,36.014,36.788,,30.5,6.288,
2026-10-03 02:36:42,281.0,heat,5.0822,-0.9894,-5.0295,36.568,35.706,36.568,,30.5,6.068,
2026-10-03 02:36:43,282.0,heat,5.0815,-0.9891,-5.026,36.326,35.536,36.326,,30.687,5.639,
2026-10-03 02:36:44,283.0,heat,5.0816,-0.9891,-5.026,36.12,35.27,36.12,,30.687,5.433,
2026-10-03 02:36:45,284.0,heat,5.079,-0.9895,-5.0275,36.12,35.046,36.12,,30.875,5.245,
2026-10-03 02:36:46,285.0,heat,5.08,-0.99,-5.03,35.864,34.736,35.864,,30.875,4.989,
2026-10-03 02:36:47,286.0,heat,5.0793,-0.9895,-5.0265,35.668,34.502,35.668,,31.0,4.668,
2026-10-03 02:36:48,287.0,heat,5.0793,-0.9893,-5.0255,35.642,34.506,35.642,,31.125,4.517,
2026-10-03 02:36:49,288.0,heat,5.0793,-0.9897,-5.027,35.534,34.886,35.534,,31.125,4.409,
2026-10-03 02:36:50,289.0,heat,5.0788,-0.9898,-5.0275,35.606,34.64,35.606,,31.25,4.356,
2026-10-03 02:36:51,290.0,heat,5.0783,-0.9894,-5.0235,35.522,35.208,35.526,,31.25,4.276,
2026-10-03 02:36:52,291.0,heat,5.0782,-0.9898,-5.0255,35.338,35.046,35.342,,31.375,3.967,
2026-10-03 02:36:53,292.0,heat,5.0792,-0.9895,-5.027,35.248,34.696,35.248,,31.375,3.873,
2026-10-03 02:36:54,293.0,heat,5.0792,-0.9894,-5.0255,35.26,34.628,35.26,,31.437,3.823,
2026-10-03 02:36:55,294.0,heat,5.0802,-0.9893,-5.0265,35.23,34.314,35.23,,31.437,3.793,
2026-10-03 02:36:56,295.0,heat,5.0781,-0.989,-5.022,35.25,33.982,35.25,,31.562,3.688,
2026-10-03 02:36:57,296.0,heat,5.0788,-0.9891,-5.0245,35.262,33.766,35.262,,31.687,3.575,
2026-10-03 02:36:58,297.0,heat,5.0785,-0.9895,-5.025,35.068,33.504,35.068,,31.687,3.381,
2026-10-03 02:36:59,298.0,heat,5.0796,-0.9892,-5.025,35.108,33.558,35.108,,31.812,3.296,
2026-10-03 02:37:00,299.0,heat,5.0798,-0.9899,-5.0275,35.05,33.456,35.05,,31.812,3.238,
2026-10-03 02:37:01,300.0,heat,5.0791,-0.9892,-5.0245,34.932,33.304,34.932,,31.875,3.057,
2026-10-03 02:37:02,301.0,heat,5.0794,-0.9893,-5.026,34.944,33.192,34.944,,31.875,3.069,
2026-10-03 02:37:03,302.0,heat,5.0793,-0.9892,-5.0245,34.864,32.936,34.864,,32.0,2.864,
2026-10-03 02:37:04,303.0,heat,5.0807,-0.9891,-5.0255,34.96,33.092,34.96,,32.0,2.96,
2026-10-03 02:37:05,304.0,heat,5.0792,-0.9891,-5.0235,35.756,35.33,35.768,,32.062,3.706,
2026-10-03 02:37:06,305.0,heat,5.0795,-0.9893,-5.026,36.394,36.898,36.898,,32.187,4.711,
2026-10-03 02:37:07,306.0,heat,5.0789,-0.9891,-5.0235,36.946,37.82,37.82,,32.187,5.633,
2026-10-03 02:37:08,307.0,heat,5.0795,-0.9891,-5.024,37.332,38.232,38.232,,32.312,5.92,
2026-10-03 02:37:09,308.0,heat,5.0805,-0.9887,-5.0235,37.826,38.698,38.698,,32.312,6.386,
2026-10-03 02:37:10,309.0,heat,5.0805,-0.9891,-5.026,38.404,39.976,39.976,,32.437,7.539,
2026-10-03 02:37:11,310.0,heat,5.2485,-0.495,-2.516,38.738,40.896,40.896,,32.437,8.459,
2026-10-03 02:37:12,311.0,between,5.4174,-0.0004,-0.002,38.568,40.042,40.042,,32.562,7.48,
2026-10-03 02:37:13,312.0,between,5.42,-0.0004,-0.0015,38.728,39.716,39.716,,32.687,7.029,
2026-10-03 02:37:14,313.0,between,5.4204,-0.0004,-0.001,38.804,40.12,40.12,,32.687,7.433,
2026-10-03 02:37:15,314.0,between,5.4215,-0.0004,-0.0015,39.068,40.834,40.834,,32.812,8.022,
2026-10-03 02:37:16,315.0,between,5.4218,-0.0004,-0.0005,38.74,40.134,40.134,,32.812,7.322,
2026-10-03 02:37:17,316.0,between,5.4228,-0.0004,-0.001,38.772,39.532,39.532,,32.875,6.657,
2026-10-03 02:37:18,317.0,between,5.4232,-0.0004,-0.0005,38.414,39.094,39.094,,32.875,6.219,
2026-10-03 02:37:19,318.0,between,5.4232,-0.0004,0.0,38.022,38.57,38.57,,32.812,5.758,
2026-10-03 02:37:20,319.0,between,5.4239,-0.0004,-0.0015,37.718,38.098,38.098,,32.812,5.286,
2026-10-03 02:37:21,320.0,between,5.4233,-0.0004,-0.0005,37.422,37.632,37.64,,32.687,4.953,
2026-10-03 02:37:22,321.0,between,5.4242,-0.0004,-0.0015,37.132,37.206,37.214,,32.562,4.652,
2026-10-03 02:37:23,322.0,between,5.424,-0.0004,-0.001,36.834,36.804,36.898,,32.562,4.336,
2026-10-03 02:37:24,323.0,between,5.4243,-0.0004,-0.0015,36.656,36.4,36.656,,32.375,4.281,
2026-10-03 02:37:25,324.0,between,5.4244,-0.0004,-0.0015,36.354,36.112,36.354,,32.375,3.979,
2026-10-03 02:37:26,325.0,between,5.4243,-0.0004,-0.002,36.138,35.718,36.138,,32.25,3.888,
2026-10-03 02:37:27,326.0,between,5.4246,-0.0004,-0.0005,35.95,35.45,35.95,,32.25,3.7,
2026-10-03 02:37:28,327.0,between,5.4243,-0.0004,-0.001,35.732,35.126,35.732,,32.062,3.67,
2026-10-03 02:37:29,328.0,between,5.4249,-0.0004,-0.001,35.532,34.876,35.532,,32.062,3.47,
2026-10-03 02:37:30,329.0,between,5.4242,-0.0004,-0.002,35.428,34.592,35.428,,31.875,3.553,
2026-10-03 02:37:31,330.0,between,5.4249,-0.0004,-0.0015,35.352,34.286,35.352,,31.812,3.54,
2026-10-03 02:37:32,331.0,between,5.4244,-0.0004,-0.002,35.054,34.072,35.054,,31.812,3.242,
2026-10-03 02:37:33,332.0,between,5.4248,-0.0004,-0.001,34.866,33.986,34.866,,31.625,3.241,
2026-10-03 02:37:34,333.0,between,5.4244,-0.0004,-0.0015,34.704,33.71,34.704,,31.625,3.079,
2026-10-03 02:37:35,334.0,between,5.4245,-0.0004,-0.002,34.566,33.592,34.566,,31.5,3.066,
2026-10-03 02:37:36,335.0,between,5.4248,-0.0004,-0.0005,34.47,33.43,34.47,,31.5,2.97,
2026-10-03 02:37:37,336.0,between,5.4242,-0.0004,-0.0005,34.308,33.302,34.308,,31.375,2.933,
2026-10-03 02:37:38,337.0,between,5.425,-0.0004,-0.0015,34.212,33.208,34.212,,31.375,2.837,
2026-10-03 02:37:39,338.0,between,5.4243,-0.0004,-0.0025,34.156,33.056,34.156,,31.25,2.906,
2026-10-03 02:37:40,339.0,between,5.4249,-0.0004,-0.001,33.97,32.968,33.97,,31.125,2.845,
2026-10-03 02:37:41,340.0,between,5.4243,-0.0004,-0.001,33.858,32.776,33.858,,31.125,2.733,
2026-10-03 02:37:42,341.0,between,5.4246,-0.0004,-0.0005,33.798,32.726,33.798,,31.0,2.798,
2026-10-03 02:37:43,342.0,between,5.4246,-0.0004,-0.0005,33.682,32.58,33.682,,31.0,2.682,
2026-10-03 02:37:44,343.0,between,4.1059,-0.0004,-0.0005,33.676,32.564,33.676,,30.875,2.801,
2026-10-03 02:37:45,344.0,between,2.5282,-0.0004,0.0,33.574,32.536,33.574,,30.875,2.699,
2026-10-03 02:37:46,345.0,between,,,,33.496,32.504,33.496,,30.75,2.746,
2026-10-03 02:37:47,346.0,between,,,,33.388,32.366,33.388,,30.75,2.638,
2026-10-03 02:37:48,347.0,between,,,,33.354,32.24,33.354,,30.625,2.729,
2026-10-03 02:37:49,348.0,between,,,,33.276,32.17,33.276,,30.5,2.776,
2026-10-03 02:37:50,349.0,between,,,,33.176,32.034,33.176,,30.5,2.676,
2026-10-03 02:37:51,350.0,between,,,,33.166,31.984,33.166,,30.437,2.729,
2026-10-03 02:37:52,351.0,between,,,,33.034,31.992,33.034,,30.437,2.597,
2026-10-03 02:37:53,352.0,between,,,,32.982,31.886,32.982,,30.312,2.67,
2026-10-03 02:37:54,353.0,between,,,,32.854,31.882,32.854,,30.312,2.542,
2026-10-03 02:37:55,354.0,between,,,,32.878,31.8,32.878,,30.25,2.628,
2026-10-03 02:37:56,355.0,between,,,,32.858,31.676,32.858,,30.125,2.733,
2026-10-03 02:37:57,356.0,between,,,,32.762,31.624,32.762,,30.125,2.637,
2026-10-03 02:37:58,357.0,between,,,,32.706,31.62,32.706,,30.062,2.644,
2026-10-03 02:37:59,358.0,between,,,,32.696,31.544,32.696,,30.062,2.634,
2026-10-03 02:38:00,359.0,between,,,,32.594,31.494,32.594,,29.937,2.657,
2026-10-03 02:38:01,360.0,between,,,,32.568,31.516,32.568,,29.937,2.631,
2026-10-03 02:38:02,361.0,between,,,,32.49,31.408,32.49,,29.875,2.615,
2026-10-03 02:38:03,362.0,between,,,,32.378,31.348,32.378,,29.875,2.503,
2026-10-03 02:38:04,363.0,between,,,,32.398,31.248,32.398,,29.812,2.586,
2026-10-03 02:38:05,364.0,between,,,,32.326,31.226,32.326,,29.687,2.639,
2026-10-03 02:38:06,365.0,between,,,,32.242,31.124,32.242,,29.687,2.555,
2026-10-03 02:38:07,366.0,between,,,,32.194,31.15,32.194,,29.625,2.569,
2026-10-03 02:38:08,367.0,between,,,,32.184,31.008,32.184,,29.625,2.559,
2026-10-03 02:38:09,368.0,between,,,,32.116,31.044,32.116,,29.562,2.554,
2026-10-03 02:38:10,369.0,between,,,,31.982,31.022,31.982,,29.562,2.42,
2026-10-03 02:38:11,370.0,between,,,,31.994,30.924,31.994,,29.437,2.557,
2026-10-03 02:38:12,371.0,between,,,,31.99,30.886,31.99,,29.437,2.553,
2026-10-03 02:38:13,372.0,between,,,,31.854,30.836,31.854,,29.375,2.479,
2026-10-03 02:38:14,373.0,between,,,,31.864,30.8,31.864,,29.312,2.552,
2026-10-03 02:38:15,374.0,between,,,,31.708,30.76,31.708,,29.312,2.396,
2026-10-03 02:38:16,375.0,between,,,,31.816,30.774,31.816,,29.25,2.566,
2026-10-03 02:38:17,376.0,between,,,,31.684,30.68,31.684,,29.25,2.434,
2026-10-03 02:38:18,377.0,between,,,,31.67,30.558,31.67,,29.187,2.483,
2026-10-03 02:38:19,378.0,between,,,,31.652,30.584,31.652,,29.187,2.465,
2026-10-03 02:38:20,379.0,between,,,,31.614,30.504,31.614,,29.125,2.489,
2026-10-03 02:38:21,380.0,between,,,,31.582,30.51,31.582,,29.125,2.457,
2026-10-03 02:38:22,381.0,between,,,,31.51,30.436,31.51,,29.062,2.448,
2026-10-03 02:38:23,382.0,between,,,,31.442,30.402,31.442,,29.0,2.442,
2026-10-03 02:38:24,383.0,between,,,,31.336,30.446,31.336,,29.0,2.336,
2026-10-03 02:38:25,384.0,between,,,,31.456,30.394,31.456,,28.937,2.519,
2026-10-03 02:38:26,385.0,between,,,,31.384,30.252,31.384,,28.937,2.447,
2026-10-03 02:38:27,386.0,between,,,,31.29,30.428,31.29,,28.875,2.415,
2026-10-03 02:38:28,387.0,between,,,,31.32,30.234,31.32,,28.875,2.445,
2026-10-03 02:38:29,388.0,between,,,,31.264,30.344,31.264,,28.812,2.452,
2026-10-03 02:38:30,389.0,between,,,,31.144,30.232,31.144,,28.812,2.332,
2026-10-03 02:38:31,390.0,between,,,,31.148,30.23,31.148,,28.75,2.398,
2026-10-03 02:38:32,391.0,between,,,,31.092,30.244,31.092,,28.687,2.405,
2026-10-03 02:38:33,392.0,between,,,,31.1,30.056,31.1,,28.687,2.413,
2026-10-03 02:38:34,393.0,between,,,,31.056,30.128,31.056,,28.625,2.431,
2026-10-03 02:38:35,394.0,between,,,,31.012,30.08,31.012,,28.625,2.387,
2026-10-03 02:38:36,395.0,between,,,,30.946,30.018,30.946,,28.562,2.384,
2026-10-03 02:38:37,396.0,between,,,,30.9,29.974,30.9,,28.562,2.338,
2026-10-03 02:38:38,397.0,between,,,,30.914,29.982,30.914,,28.5,2.414,
2026-10-03 02:38:39,398.0,between,,,,30.784,29.958,30.784,,28.437,2.347,
2026-10-03 02:38:40,399.0,between,,,,30.878,29.806,30.878,,28.437,2.441,
2026-10-03 02:38:41,400.0,between,,,,30.806,29.898,30.806,,28.375,2.431,
2026-10-03 02:38:42,401.0,between,,,,30.79,29.776,30.79,,28.375,2.415,
2026-10-03 02:38:43,402.0,between,,,,30.736,29.82,30.736,,28.312,2.424,
2026-10-03 02:38:44,403.0,between,,,,30.754,29.804,30.754,,28.312,2.442,
2026-10-03 02:38:45,404.0,between,,,,30.77,29.724,30.77,,28.25,2.52,
2026-10-03 02:38:46,405.0,between,,,,30.664,29.708,30.664,,28.25,2.414,
2026-10-03 02:38:47,406.0,between,,,,30.658,29.688,30.658,,28.25,2.408,
2026-10-03 02:38:48,407.0,between,,,,30.66,29.672,30.66,,28.187,2.473,
2026-10-03 02:38:49,408.0,between,,,,30.578,29.668,30.578,,28.187,2.391,
2026-10-03 02:38:50,409.0,between,,,,30.636,29.572,30.636,,28.125,2.511,
2026-10-03 02:38:51,410.0,between,,,,30.598,29.576,30.598,,28.125,2.473,
2026-10-03 02:38:52,411.0,between,,,,30.524,29.522,30.524,,28.062,2.462,
2026-10-03 02:38:53,412.0,between,,,,30.492,29.556,30.492,,28.062,2.43,
2026-10-03 02:38:54,413.0,between,,,,30.486,29.612,30.486,,28.062,2.424,
2026-10-03 02:38:55,414.0,between,,,,30.478,29.498,30.478,,28.062,2.416,
2026-10-03 02:38:56,415.0,between,,,,30.436,29.51,30.436,,28.0,2.436,
2026-10-03 02:38:57,416.0,between,,,,30.432,29.496,30.432,,27.937,2.495,
2026-10-03 02:38:58,417.0,between,,,,30.384,29.458,30.384,,27.937,2.447,
2026-10-03 02:38:59,418.0,between,,,,30.352,29.466,30.352,,27.937,2.415,
2026-10-03 02:39:00,419.0,between,,,,30.304,29.35,30.304,,27.937,2.367,
2026-10-03 02:39:01,420.0,between,,,,30.23,29.416,30.23,,27.875,2.355,
2026-10-03 02:39:02,421.0,between,,,,30.282,29.338,30.282,,27.875,2.407,
2026-10-03 02:39:03,422.0,between,,,,30.28,29.31,30.28,,27.812,2.468,
2026-10-03 02:39:04,423.0,between,,,,30.178,29.338,30.178,,27.812,2.366,
2026-10-03 02:39:05,424.0,between,,,,30.196,29.292,30.196,,27.75,2.446,
2026-10-03 02:39:06,425.0,between,,,,30.178,29.272,30.178,,27.75,2.428,
2026-10-03 02:39:07,426.0,between,,,,30.172,29.198,30.172,,27.75,2.422,
2026-10-03 02:39:08,427.0,between,,,,30.11,29.268,30.11,,27.687,2.423,
2026-10-03 02:39:09,428.0,between,,,,30.086,29.208,30.086,,27.687,2.399,
2026-10-03 02:39:10,429.0,between,,,,30.044,29.122,30.044,,27.687,2.357,
2026-10-03 02:39:11,430.0,between,,,,30.08,29.168,30.08,,27.687,2.393,
2026-10-03 02:39:12,431.0,between,,,,30.082,29.16,30.082,,27.625,2.457,
2026-10-03 02:39:13,432.0,between,,,,30.008,29.09,30.008,,27.625,2.383,
2026-10-03 02:39:14,433.0,between,,,,29.962,29.114,29.962,,27.562,2.4,
2026-10-03 02:39:15,434.0,between,,,,29.974,29.112,29.974,,27.562,2.412,
2026-10-03 02:39:16,435.0,between,,,,30.012,29.022,30.012,,27.562,2.45,
2026-10-03 02:39:17,436.0,between,,,,29.906,28.994,29.906,,27.5,2.406,
2026-10-03 02:39:18,437.0,between,,,,29.842,28.966,29.842,,27.5,2.342,
2026-10-03 02:39:19,438.0,between,,,,29.902,28.984,29.902,,27.437,2.465,
2026-10-03 02:39:20,439.0,between,,,,29.9,28.894,29.9,,27.437,2.463,
2026-10-03 02:39:21,440.0,between,,,,29.928,28.942,29.928,,27.437,2.491,
2026-10-03 02:39:22,441.0,between,,,,29.788,28.884,29.788,,27.375,2.413,
2026-10-03 02:39:23,442.0,between,,,,29.768,28.934,29.768,,27.375,2.393,
2026-10-03 02:39:24,443.0,between,,,,29.836,28.866,29.836,,27.375,2.461,
2026-10-03 02:39:25,444.0,between,,,,29.69,28.804,29.69,,27.375,2.315,
2026-10-03 02:39:26,445.0,between,,,,29.684,28.784,29.684,,27.312,2.372,
2026-10-03 02:39:27,446.0,between,,,,29.688,28.746,29.688,,27.312,2.376,
2026-10-03 02:39:28,447.0,between,,,,29.694,28.736,29.694,,27.312,2.382,
2026-10-03 02:39:29,448.0,between,,,,29.66,28.74,29.66,,27.312,2.348,
2026-10-03 02:39:30,449.0,between,,,,29.6,28.754,29.6,,27.25,2.35,
2026-10-03 02:39:31,450.0,between,,,,29.546,28.712,29.546,,27.25,2.296,
2026-10-03 02:39:32,451.0,between,,,,29.604,28.546,29.604,,27.25,2.354,
2026-10-03 02:39:33,452.0,between,,,,29.592,28.654,29.592,,27.187,2.405,
2026-10-03 02:39:34,453.0,between,,,,29.55,28.638,29.55,,27.187,2.363,
2026-10-03 02:39:35,454.0,between,,,,29.5,28.62,29.5,,27.187,2.313,
2026-10-03 02:39:36,455.0,between,,,,29.452,28.532,29.452,,27.187,2.265,
2026-10-03 02:39:37,456.0,between,,,,29.492,28.578,29.492,,27.125,2.367,
2026-10-03 02:39:38,457.0,between,,,,29.418,28.516,29.418,,27.125,2.293,
2026-10-03 02:39:39,458.0,between,,,,29.396,28.526,29.396,,27.125,2.271,
2026-10-03 02:39:40,459.0,between,,,,29.38,28.552,29.38,,27.062,2.318,
2026-10-03 02:39:41,460.0,between,,,,29.422,28.476,29.422,,27.062,2.36,
2026-10-03 02:39:42,461.0,between,,,,29.448,28.396,29.448,,27.062,2.386,
2026-10-03 02:39:43,462.0,between,,,,29.328,28.496,29.328,,27.062,2.266,
2026-10-03 02:39:44,463.0,between,,,,29.302,28.43,29.302,,27.0,2.302,
2026-10-03 02:39:45,464.0,between,,,,29.338,28.398,29.338,,27.0,2.338,
2026-10-03 02:39:46,465.0,between,,,,29.294,28.392,29.294,,27.0,2.294,
2026-10-03 02:39:47,466.0,between,,,,29.32,28.418,29.32,,27.0,2.32,
2026-10-03 02:39:48,467.0,between,,,,29.278,28.386,29.278,,27.0,2.278,
2026-10-03 02:39:49,468.0,between,,,,29.226,28.428,29.226,,26.937,2.289,
2026-10-03 02:39:50,469.0,between,,,,29.202,28.372,29.202,,26.937,2.265,
2026-10-03 02:39:51,470.0,between,,,,29.156,28.306,29.156,,26.937,2.219,
2026-10-03 02:39:52,471.0,between,,,,29.124,28.282,29.124,,26.937,2.187,
2026-10-03 02:39:53,472.0,between,,,,29.126,28.394,29.126,,26.875,2.251,
2026-10-03 02:39:54,473.0,between,,,,29.104,28.276,29.104,,26.875,2.229,
2026-10-03 02:39:55,474.0,between,,,,29.114,28.316,29.114,,26.875,2.239,
2026-10-03 02:39:56,475.0,between,,,,29.1,28.352,29.1,,26.875,2.225,
2026-10-03 02:39:57,476.0,between,,,,29.088,28.28,29.088,,26.812,2.276,
2026-10-03 02:39:58,477.0,between,,,,29.044,28.238,29.044,,26.812,2.232,
2026-10-03 02:39:59,478.0,between,,,,29.126,28.214,29.126,,26.812,2.314,
2026-10-03 02:40:00,479.0,between,,,,29.126,28.25,29.126,,26.812,2.314,
2026-10-03 02:40:01,480.0,between,,,,29.096,28.196,29.096,,26.812,2.284,
2026-10-03 02:40:02,481.0,between,,,,28.992,28.242,28.992,,26.75,2.242,
2026-10-03 02:40:03,482.0,between,,,,28.988,28.168,28.988,,26.75,2.238,
2026-10-03 02:40:04,483.0,between,,,,28.916,28.1,28.916,,26.75,2.166,
2026-10-03 02:40:05,484.0,between,,,,28.982,28.1,28.982,,26.687,2.295,
2026-10-03 02:40:06,485.0,between,,,,28.936,28.108,28.936,,26.687,2.249,
2026-10-03 02:40:07,486.0,between,,,,28.944,28.218,28.944,,26.687,2.257,
2026-10-03 02:40:08,487.0,between,,,,29.004,28.246,29.004,,26.687,2.317,
2026-10-03 02:40:09,488.0,between,,,,29.038,28.226,29.038,,26.687,2.351,
2026-10-03 02:40:10,489.0,between,,,,29.05,28.162,29.05,,26.687,2.363,
2026-10-03 02:40:11,490.0,between,,,,29.052,28.284,29.052,,26.625,2.427,
2026-10-03 02:40:12,491.0,between,4.8435,-0.891,-4.3175,29.134,28.23,29.134,,26.625,2.509,
2026-10-03 02:40:13,492.0,between,4.9697,-0.9791,-4.866,29.416,28.47,29.416,,26.625,2.791,
2026-10-03 02:40:14,493.0,between,4.9711,-0.9886,-4.9145,29.284,28.574,29.284,,26.625,2.659,
2026-10-03 02:40:15,494.0,between,4.9789,-0.9897,-4.9275,29.42,28.428,29.42,,26.625,2.795,
2026-10-03 02:40:16,495.0,between,4.9785,-0.9901,-4.9285,29.326,28.398,29.326,,26.625,2.701,
2026-10-03 02:40:17,496.0,between,4.979,-0.9904,-4.9305,29.226,28.296,29.226,,26.625,2.601,
2026-10-03 02:40:18,497.0,between,4.9774,-0.9903,-4.93,29.28,28.34,29.28,,26.562,2.718,
2026-10-03 02:40:19,498.0,between,4.9764,-0.9903,-4.9285,29.286,28.27,29.286,,26.562,2.724,
2026-10-03 02:40:20,499.0,between,4.9819,-0.9903,-4.9345,29.164,28.308,29.164,,26.562,2.602,
2026-10-03 02:40:21,500.0,between,4.9865,-0.9901,-4.9375,29.128,28.248,29.128,,26.562,2.566,
2026-10-03 02:40:22,501.0,between,5.0012,-0.9903,-4.954,29.12,28.22,29.12,,26.562,2.558,
2026-10-03 02:40:23,502.0,between,5.0108,-0.9904,-4.9625,29.076,28.222,29.076,,26.562,2.514,
2026-10-03 02:40:24,503.0,between,5.0156,-0.9903,-4.9675,28.982,28.182,28.982,,26.562,2.42,
2026-10-03 02:40:25,504.0,between,5.019,-0.9903,-4.971,28.99,28.204,28.99,,26.562,2.428,
2026-10-03 02:40:26,505.0,between,5.0228,-0.9901,-4.973,29.018,28.19,29.018,,26.562,2.456,
2026-10-03 02:40:27,506.0,between,5.0171,-0.9905,-4.9705,28.928,28.154,28.928,,26.562,2.366,
2026-10-03 02:40:28,507.0,between,5.0198,-0.9904,-4.9735,28.958,28.118,28.958,,26.562,2.396,
2026-10-03 02:40:29,508.0,between,5.0172,-0.9904,-4.9705,28.904,27.976,28.904,,26.5,2.404,
2026-10-03 02:40:30,509.0,between,5.0174,-0.9902,-4.9695,28.968,28.08,28.968,,26.5,2.468,
2026-10-03 02:40:31,510.0,between,5.0188,-0.9904,-4.9715,28.904,28.006,28.904,,26.5,2.404,
2026-10-03 02:40:32,511.0,between,5.0206,-0.9902,-4.972,28.97,27.986,28.97,,26.5,2.47,
2026-10-03 02:40:33,512.0,between,5.0305,-0.9902,-4.983,28.782,28.014,28.782,,26.5,2.282,
2026-10-03 02:40:34,513.0,between,5.0288,-0.9903,-4.9805,28.702,27.984,28.702,,26.5,2.202,
2026-10-03 02:40:35,514.0,between,5.0231,-0.9905,-4.9755,28.85,27.956,28.85,,26.5,2.35,
2026-10-03 02:40:36,515.0,between,5.0125,-0.9909,-4.968,28.784,27.934,28.784,,26.5,2.284,
2026-10-03 02:40:37,516.0,between,5.0141,-0.9905,-4.969,28.88,27.956,28.88,,26.5,2.38,
2026-10-03 02:40:38,517.0,between,5.0262,-0.9903,-4.9785,28.764,27.92,28.764,,26.437,2.327,
2026-10-03 02:40:39,518.0,between,5.0414,-0.9906,-4.995,28.77,27.936,28.77,,26.437,2.333,
2026-10-03 02:40:40,519.0,between,5.0415,-0.9905,-4.9935,28.654,27.904,28.654,,26.437,2.217,
2026-10-03 02:40:41,520.0,between,5.0425,-0.9904,-4.9935,28.688,27.908,28.688,,26.437,2.251,
2026-10-03 02:40:42,521.0,between,5.0436,-0.9903,-4.995,28.802,27.926,28.802,,26.437,2.365,
2026-10-03 02:40:43,522.0,between,5.0452,-0.9903,-4.9955,28.758,27.952,28.758,,26.437,2.321,
2026-10-03 02:40:44,523.0,between,5.0471,-0.9901,-4.997,28.652,27.804,28.652,,26.437,2.215,
2026-10-03 02:40:45,524.0,between,5.0509,-0.9904,-5.002,28.682,27.762,28.682,,26.437,2.245,
2026-10-03 02:40:46,525.0,between,5.0501,-0.9901,-4.9995,28.59,27.746,28.59,,26.437,2.153,
2026-10-03 02:40:47,526.0,between,5.0426,-0.9901,-4.9915,28.642,27.82,28.642,,26.437,2.205,
2026-10-03 02:40:48,527.0,between,5.0439,-0.9899,-4.993,28.676,27.796,28.676,,26.437,2.239,
2026-10-03 02:40:49,528.0,between,5.0395,-0.9905,-4.9905,28.698,27.778,28.698,,26.375,2.323,
2026-10-03 02:40:50,529.0,between,5.0391,-0.9904,-4.991,28.592,27.718,28.592,,26.375,2.217,
2026-10-03 02:40:51,530.0,between,5.0336,-0.9904,-4.985,28.556,27.738,28.556,,26.375,2.181,
2026-10-03 02:40:52,531.0,between,5.029,-0.9906,-4.981,28.516,27.764,28.516,,26.375,2.141,
2026-10-03 02:40:53,532.0,between,5.0314,-0.9907,-4.9855,28.562,27.718,28.562,,26.375,2.187,
2026-10-03 02:40:54,533.0,between,5.0212,-0.9908,-4.9755,28.476,27.714,28.476,,26.375,2.101,
2026-10-03 02:40:55,534.0,between,5.0236,-0.9906,-4.976,28.526,27.682,28.526,,26.375,2.151,
2026-10-03 02:40:56,535.0,between,5.0352,-0.9904,-4.9865,28.476,27.732,28.476,,26.375,2.101,
2026-10-03 02:40:57,536.0,between,5.0372,-0.9903,-4.9895,28.55,27.7,28.55,,26.375,2.175,
2026-10-03 02:40:58,537.0,between,5.0364,-0.9905,-4.989,28.562,27.782,28.562,,26.375,2.187,
2026-10-03 02:40:59,538.0,between,5.038,-0.9904,-4.9885,28.632,27.838,28.632,,26.375,2.257,
2026-10-03 02:41:00,539.0,between,5.0345,-0.9904,-4.9865,28.732,27.87,28.732,,26.375,2.357,
2026-10-03 02:41:01,540.0,between,5.0295,-0.9904,-4.9815,28.926,27.926,28.926,,26.437,2.489,
2026-10-03 02:41:02,541.0,between,5.0295,-0.9899,-4.9795,28.89,27.93,28.89,,26.437,2.453,
2026-10-03 02:41:03,542.0,between,5.02,-0.9895,-4.968,28.872,27.95,28.872,,26.562,2.31,
2026-10-03 02:41:04,543.0,between,5.0135,-0.9899,-4.963,28.8,27.878,28.8,,26.562,2.238,
2026-10-03 02:41:05,544.0,between,5.026,-0.9903,-4.9785,28.83,27.848,28.83,,26.687,2.143,
2026-10-03 02:41:06,545.0,between,5.0271,-0.9905,-4.9805,28.84,27.928,28.84,,26.75,2.09,
2026-10-03 02:41:07,546.0,between,5.0208,-0.9901,-4.9725,28.748,27.926,28.748,,26.75,1.998,
2026-10-03 02:41:08,547.0,between,5.0182,-0.9898,-4.968,28.756,27.798,28.756,,26.75,2.006,
2026-10-03 02:41:09,548.0,between,5.018,-0.9901,-4.97,28.712,27.83,28.712,,26.75,1.962,
2026-10-03 02:41:10,549.0,between,5.022,-0.9897,-4.9715,28.69,27.866,28.69,,26.75,1.94,
2026-10-03 02:41:11,550.0,between,5.0229,-0.9892,-4.9695,28.616,27.77,28.616,,26.75,1.866,
2026-10-03 02:41:12,551.0,between,5.0104,-0.9896,-4.9585,28.64,27.752,28.64,,26.75,1.89,
2026-10-03 02:41:13,552.0,between,5.0198,-0.9901,-4.9705,28.496,27.766,28.496,,26.75,1.746,
2026-10-03 02:41:14,553.0,between,5.0196,-0.9899,-4.9705,28.574,27.692,28.574,,26.75,1.824,
2026-10-03 02:41:15,554.0,between,5.0105,-0.9899,-4.96,28.596,27.758,28.596,,26.75,1.846,
2026-10-03 02:41:16,555.0,between,5.0025,-0.9901,-4.9535,28.564,27.7,28.564,,26.75,1.814,
2026-10-03 02:41:17,556.0,between,5.0199,-0.9902,-4.972,28.53,27.668,28.53,,26.75,1.78,
2026-10-03 02:41:18,557.0,between,5.0296,-0.9899,-4.9795,28.504,27.676,28.504,,26.75,1.754,
2026-10-03 02:41:19,558.0,between,5.0295,-0.9899,-4.9795,28.454,27.634,28.454,,26.687,1.767,
2026-10-03 02:41:20,559.0,between,5.0274,-0.9903,-4.98,28.48,27.64,28.48,,26.687,1.793,
2026-10-03 02:41:21,560.0,between,5.0085,-0.9901,-4.9605,28.552,27.604,28.552,,26.687,1.865,
2026-10-03 02:41:22,561.0,between,5.011,-0.9901,-4.9615,28.436,27.572,28.436,,26.687,1.749,
2026-10-03 02:41:23,562.0,between,5.026,-0.9905,-4.98,28.404,27.564,28.404,,26.687,1.717,
2026-10-03 02:41:24,563.0,between,5.0283,-0.9899,-4.9795,28.34,27.584,28.34,,26.687,1.653,
2026-10-03 02:41:25,564.0,between,4.9976,-0.99,-4.949,28.342,27.564,28.342,,26.687,1.655,
2026-10-03 02:41:26,565.0,between,4.9955,-0.9902,-4.9465,28.336,27.518,28.336,,26.625,1.711,
2026-10-03 02:41:27,566.0,between,4.9963,-0.9901,-4.9475,28.314,27.52,28.314,,26.625,1.689,
2026-10-03 02:41:28,567.0,between,4.9965,-0.9903,-4.948,28.404,27.762,28.404,,26.625,1.779,
2026-10-03 02:41:29,568.0,between,4.9971,-0.9899,-4.947,28.462,27.828,28.462,,26.625,1.837,
2026-10-03 02:41:30,569.0,between,5.0135,-0.99,-4.965,28.678,28.024,28.678,,26.625,2.053,
2026-10-03 02:41:31,570.0,between,5.0328,-0.9902,-4.9845,28.642,28.288,28.642,,26.625,2.017,
2026-10-03 02:41:32,571.0,between,5.034,-0.9902,-4.985,28.724,28.358,28.724,,26.687,2.037,
2026-10-03 02:41:33,572.0,between,5.0349,-0.9902,-4.9855,28.648,28.544,28.674,,26.812,1.862,
2026-10-03 02:41:34,573.0,between,5.0346,-0.9903,-4.986,28.86,28.81,28.87,,26.812,2.058,
2026-10-03 02:41:35,574.0,between,5.0358,-0.9903,-4.986,28.908,28.872,28.934,,26.875,2.059,
2026-10-03 02:41:36,575.0,between,5.037,-0.9901,-4.987,28.984,28.846,28.99,,26.875,2.115,
2026-10-03 02:41:37,576.0,between,5.0389,-0.9898,-4.987,29.116,28.79,29.116,,27.0,2.116,
2026-10-03 02:41:38,577.0,between,5.0399,-0.9897,-4.987,29.198,28.794,29.198,,27.0,2.198,
2026-10-03 02:41:39,578.0,between,5.0392,-0.9902,-4.989,29.158,28.768,29.158,,27.125,2.033,
2026-10-03 02:41:40,579.0,between,5.041,-0.9901,-4.99,29.184,28.714,29.184,,27.125,2.059,
2026-10-03 02:41:41,580.0,between,5.043,-0.9899,-4.9905,29.18,28.704,29.18,,27.25,1.93,
2026-10-03 02:41:42,581.0,between,5.0475,-0.9898,-4.996,29.07,28.638,29.07,,27.312,1.758,
2026-10-03 02:41:43,582.0,between,5.0511,-0.9896,-4.9985,29.004,28.56,29.004,,27.312,1.692,
2026-10-03 02:41:44,583.0,between,5.0524,-0.9903,-5.003,28.914,28.404,28.914,,27.375,1.539,
2026-10-03 02:41:45,584.0,between,5.0489,-0.9901,-4.9975,28.826,28.378,28.826,,27.375,1.451,
2026-10-03 02:41:46,585.0,between,5.0484,-0.9899,-4.998,28.814,28.296,28.814,,27.375,1.439,
2026-10-03 02:41:47,586.0,between,5.0471,-0.9902,-4.998,28.742,28.316,28.742,,27.375,1.367,
2026-10-03 02:41:48,587.0,between,5.0465,-0.9903,-4.9975,28.836,28.29,28.836,,27.375,1.461,
2026-10-03 02:41:49,588.0,between,5.0451,-0.9905,-4.9965,28.866,28.35,28.866,,27.312,1.554,
2026-10-03 02:41:50,589.0,between,5.045,-0.9902,-4.995,28.812,28.218,28.812,,27.312,1.5,
2026-10-03 02:41:51,590.0,between,5.0449,-0.9903,-4.9955,28.902,28.214,28.902,,27.312,1.59,
2026-10-03 02:41:52,591.0,between,5.0439,-0.9902,-4.994,28.792,28.186,28.792,,27.312,1.48,
2026-10-03 02:41:53,592.0,between,5.0422,-0.9905,-4.9935,28.82,28.164,28.82,,27.375,1.445,
2026-10-03 02:41:54,593.0,between,5.0421,-0.9904,-4.9925,28.828,28.186,28.828,,27.375,1.453,
2026-10-03 02:41:55,594.0,between,5.0407,-0.9901,-4.9895,28.738,28.104,28.738,,27.375,1.363,
2026-10-03 02:41:56,595.0,heat,5.0419,-0.9903,-4.9925,28.834,28.076,28.834,,27.375,1.459,
2026-10-03 02:41:57,596.0,heat,5.0406,-0.9901,-4.99,28.796,28.11,28.796,,27.437,1.359,
2026-10-03 02:41:58,597.0,heat,5.0352,-0.9899,-4.984,28.774,28.078,28.774,,27.5,1.274,
2026-10-03 02:41:59,598.0,heat,5.0294,-0.9901,-4.981,28.712,28.092,28.712,,27.5,1.212,
2026-10-03 02:42:00,599.0,heat,5.0362,-0.9899,-4.985,28.744,28.126,28.744,,27.562,1.182,
2026-10-03 02:42:01,600.0,heat,5.0382,-0.9901,-4.988,28.706,28.048,28.706,,27.562,1.144,
2026-10-03 02:42:02,601.0,heat,5.0358,-0.9905,-4.9885,28.664,28.026,28.664,,27.687,0.977,
2026-10-03 02:42:03,602.0,heat,5.0346,-0.9899,-4.984,28.848,28.062,28.848,,27.687,1.161,
2026-10-03 02:42:04,603.0,heat,5.0326,-0.9901,-4.983,28.948,28.14,28.948,,27.75,1.198,
2026-10-03 02:42:05,604.0,heat,5.0322,-0.9904,-4.9855,29.012,28.28,29.012,,27.75,1.262,
2026-10-03 02:42:06,605.0,heat,5.0308,-0.9903,-4.984,29.118,28.286,29.118,,27.875,1.243,
2026-10-03 02:42:07,606.0,heat,5.0319,-0.9899,-4.982,29.12,28.426,29.12,,28.0,1.12,
2026-10-03 02:42:08,607.0,heat,5.0274,-0.9901,-4.979,29.112,28.416,29.112,,28.0,1.112,
2026-10-03 02:42:09,608.0,heat,5.0281,-0.9895,-4.978,29.264,28.412,29.264,,28.062,1.202,
2026-10-03 02:42:10,609.0,heat,5.0315,-0.9903,-4.984,29.27,28.526,29.27,,28.062,1.208,
2026-10-03 02:42:11,610.0,heat,5.0285,-0.9902,-4.9805,29.212,28.594,29.212,,28.125,1.087,
2026-10-03 02:42:12,611.0,heat,5.0238,-0.9897,-4.973,29.436,28.728,29.436,,28.125,1.311,
2026-10-03 02:42:13,612.0,heat,5.0151,-0.9901,-4.9665,29.412,28.926,29.412,,28.25,1.162,
2026-10-03 02:42:14,613.0,heat,5.0202,-0.9902,-4.9725,29.532,29.028,29.532,,28.25,1.282,
2026-10-03 02:42:15,614.0,heat,5.0193,-0.9902,-4.971,29.628,28.982,29.628,,28.375,1.253,
2026-10-03 02:42:16,615.0,heat,4.9984,-0.9902,-4.95,29.674,29.128,29.674,,28.5,1.174,
2026-10-03 02:42:17,616.0,heat,4.9951,-0.99,-4.946,29.752,29.112,29.752,,28.5,1.252,
2026-10-03 02:42:18,617.0,heat,4.9769,-0.9904,-4.929,29.764,29.198,29.764,,28.562,1.202,
2026-10-03 02:42:19,618.0,heat,5.0174,-0.9898,-4.967,29.752,29.33,29.752,,28.562,1.19,
2026-10-03 02:42:20,619.0,heat,5.0334,-0.9898,-4.983,29.864,29.37,29.864,,28.687,1.177,
2026-10-03 02:42:21,620.0,heat,5.036,-0.9897,-4.985,29.906,29.262,29.906,,28.687,1.219,
2026-10-03 02:42:22,621.0,heat,5.0357,-0.9901,-4.985,29.902,29.344,29.902,,28.75,1.152,
2026-10-03 02:42:23,622.0,heat,5.039,-0.99,-4.988,30.038,29.49,30.038,,28.75,1.288,
2026-10-03 02:42:24,623.0,heat,5.0429,-0.9901,-4.9925,30.066,29.404,30.066,,28.812,1.254,
2026-10-03 02:42:25,624.0,heat,5.0466,-0.9903,-4.998,30.1,29.392,30.1,,28.875,1.225,
2026-10-03 02:42:26,625.0,heat,5.057,-0.9906,-5.008,30.104,29.384,30.104,,28.875,1.229,
2026-10-03 02:42:27,626.0,heat,5.0505,-0.9903,-5.001,30.062,29.492,30.062,,28.937,1.125,
2026-10-03 02:42:28,627.0,heat,5.0452,-0.9899,-4.9945,30.198,29.502,30.198,,28.937,1.261,
2026-10-03 02:42:29,628.0,heat,5.0444,-0.9899,-4.9935,30.204,29.512,30.204,,29.0,1.204,
2026-10-03 02:42:30,629.0,heat,5.0446,-0.99,-4.9925,30.228,29.516,30.228,,29.0,1.228,
2026-10-03 02:42:31,630.0,heat,5.0429,-0.9905,-4.994,30.334,29.43,30.334,,29.125,1.209,
2026-10-03 02:42:32,631.0,heat,5.0437,-0.9903,-4.9945,30.252,29.51,30.252,,29.125,1.127,
2026-10-03 02:42:33,632.0,heat,5.0438,-0.9902,-4.994,30.26,29.438,30.26,,29.187,1.073,
2026-10-03 02:42:34,633.0,heat,5.0439,-0.9898,-4.992,30.258,29.392,30.258,,29.25,1.008,
2026-10-03 02:42:35,634.0,heat,5.0425,-0.9901,-4.991,30.344,29.348,30.344,,29.25,1.094,
2026-10-03 02:42:36,635.0,heat,5.0412,-0.99,-4.9905,30.318,29.29,30.318,,29.312,1.006,
2026-10-03 02:42:37,636.0,heat,5.0406,-0.9899,-4.989,30.302,29.206,30.302,,29.312,0.99,
2026-10-03 02:42:38,637.0,heat,5.0394,-0.9899,-4.9875,30.284,29.284,30.284,,29.437,0.847,
2026-10-03 02:42:39,638.0,heat,5.0385,-0.9901,-4.988,30.308,29.214,30.308,,29.437,0.871,
2026-10-03 02:42:40,639.0,heat,5.0342,-0.9902,-4.985,30.276,29.12,30.276,,29.437,0.839,
2026-10-03 02:42:41,640.0,heat,5.0274,-0.9902,-4.98,30.316,29.05,30.316,,29.5,0.816,
2026-10-03 02:42:42,641.0,heat,5.0286,-0.9898,-4.979,30.31,29.122,30.31,,29.5,0.81,
2026-10-03 02:42:43,642.0,heat,5.0356,-0.99,-4.985,30.426,29.198,30.426,,29.5,0.926,
2026-10-03 02:42:44,643.0,heat,5.0256,-0.9901,-4.9765,30.296,29.254,30.296,,29.5,0.796,
2026-10-03 02:42:45,644.0,heat,5.0332,-0.99,-4.983,30.25,29.386,30.25,,29.5,0.75,
2026-10-03 02:42:46,645.0,heat,5.0211,-0.9899,-4.972,30.264,29.318,30.264,,29.5,0.764,
2026-10-03 02:42:47,646.0,heat,4.9909,-0.9898,-4.9405,30.228,29.466,30.228,,29.562,0.666,
2026-10-03 02:42:48,647.0,heat,4.991,-0.9894,-4.9395,30.256,29.422,30.256,,29.562,0.694,
2026-10-03 02:42:49,648.0,heat,5.012,-0.9896,-4.9615,30.21,29.504,30.21,,29.562,0.648,
2026-10-03 02:42:50,649.0,heat,4.9975,-0.9895,-4.945,30.178,29.516,30.178,,29.562,0.616,
2026-10-03 02:42:51,650.0,heat,5.0074,-0.9901,-4.9585,30.286,29.528,30.286,,29.562,0.724,
2026-10-03 02:42:52,651.0,heat,4.9914,-0.9898,-4.9395,30.13,29.514,30.13,,29.562,0.568,
2026-10-03 02:42:53,652.0,heat,4.9899,-0.9899,-4.94,30.1,29.538,30.1,,29.562,0.538,
2026-10-03 02:42:54,653.0,heat,4.9974,-0.9894,-4.9445,30.052,29.456,30.052,,29.562,0.49,
2026-10-03 02:42:55,654.0,heat,5.0134,-0.9895,-4.961,29.98,29.352,29.98,,29.562,0.418,
2026-10-03 02:42:56,655.0,heat,4.9953,-0.9897,-4.944,29.892,29.298,29.892,,29.562,0.33,
2026-10-03 02:42:57,656.0,heat,5.0004,-0.9894,-4.9485,29.76,29.158,29.76,,29.562,0.198,
2026-10-03 02:42:58,657.0,heat,5.0039,-0.9891,-4.95,29.71,29.164,29.71,,29.5,0.21,
2026-10-03 02:42:59,658.0,heat,5.0043,-0.9896,-4.952,29.658,29.148,29.658,,29.437,0.221,
2026-10-03 02:43:00,659.0,heat,5.0025,-0.9898,-4.953,29.598,29.032,29.598,,29.437,0.161,
2026-10-03 02:43:01,660.0,heat,5.0028,-0.9897,-4.9525,29.612,28.924,29.612,,29.437,0.175,
2026-10-03 02:43:02,661.0,heat,5.0027,-0.9895,-4.9505,29.548,28.866,29.548,,29.437,0.111,
2026-10-03 02:43:03,662.0,heat,5.0045,-0.9891,-4.95,29.576,28.84,29.576,,29.375,0.201,
2026-10-03 02:43:04,663.0,heat,5.0052,-0.9898,-4.954,29.618,28.9,29.618,,29.375,0.243,
2026-10-03 02:43:05,664.0,heat,5.0039,-0.9897,-4.954,29.618,28.926,29.618,,29.312,0.306,
2026-10-03 02:43:06,665.0,heat,5.0037,-0.9899,-4.954,29.688,28.806,29.688,,29.312,0.376,
2026-10-03 02:43:07,666.0,heat,5.0062,-0.9898,-4.9555,29.61,28.734,29.61,,29.312,0.298,
2026-10-03 02:43:08,667.0,heat,5.0061,-0.9897,-4.9545,29.458,28.762,29.458,,29.312,0.146,
2026-10-03 02:43:09,668.0,heat,5.0082,-0.9896,-4.957,29.452,28.706,29.452,,29.312,0.14,
2026-10-03 02:43:10,669.0,heat,5.0074,-0.9896,-4.955,29.546,28.712,29.546,,29.25,0.296,
2026-10-03 02:43:11,670.0,heat,5.0067,-0.9897,-4.956,29.464,28.618,29.464,,29.25,0.214,
2026-10-03 02:43:12,671.0,heat,5.008,-0.9894,-4.955,29.448,28.552,29.448,,29.25,0.198,
2026-10-03 02:43:13,672.0,heat,5.0078,-0.9898,-4.9585,29.45,28.492,29.45,,29.25,0.2,
2026-10-03 02:43:14,673.0,heat,5.0089,-0.9898,-4.9585,29.42,28.502,29.42,,29.25,0.17,
2026-10-03 02:43:15,674.0,heat,5.0238,-0.9896,-4.9735,29.422,28.458,29.422,,29.25,0.172,
2026-10-03 02:43:16,675.0,heat,5.0101,-0.9895,-4.9575,29.41,28.512,29.41,,29.312,0.098,
2026-10-03 02:43:17,676.0,heat,5.0099,-0.9899,-4.96,29.478,28.516,29.478,,29.312,0.166,
2026-10-03 02:43:18,677.0,heat,5.0055,-0.99,-4.956,29.468,28.484,29.468,,29.312,0.156,
2026-10-03 02:43:19,678.0,heat,5.0044,-0.9899,-4.9545,29.5,28.426,29.5,,29.312,0.188,
2026-10-03 02:43:20,679.0,heat,5.0055,-0.9899,-4.955,29.488,28.368,29.488,,29.312,0.176,
2026-10-03 02:43:21,680.0,heat,5.006,-0.9899,-4.9565,29.522,28.44,29.522,,29.375,0.147,
2026-10-03 02:43:22,681.0,heat,5.0039,-0.9898,-4.9525,29.524,28.414,29.524,,29.375,0.149,
2026-10-03 02:43:23,682.0,heat,5.0039,-0.9899,-4.954,29.542,28.4,29.542,,29.437,0.105,
2026-10-03 02:43:24,683.0,heat,5.0035,-0.9899,-4.9545,29.592,28.298,29.592,,29.5,0.092,
2026-10-03 02:43:25,684.0,heat,5.0015,-0.9897,-4.9505,29.644,28.218,29.644,,29.5,0.144,
2026-10-03 02:43:26,685.0,heat,5.009,-0.9896,-4.9565,29.666,28.444,29.666,,29.562,0.104,
2026-10-03 02:43:27,686.0,heat,5.0073,-0.9898,-4.958,29.732,28.46,29.732,,29.562,0.17,
2026-10-03 02:43:28,687.0,heat,5.0058,-0.9897,-4.955,29.62,28.456,29.62,,29.562,0.058,
2026-10-03 02:43:29,688.0,heat,5.0031,-0.9895,-4.952,29.768,28.39,29.768,,29.562,0.206,
2026-10-03 02:43:30,689.0,heat,5.0036,-0.9898,-4.953,29.686,28.52,29.686,,29.625,0.061,
2026-10-03 02:43:31,690.0,heat,5.0044,-0.9898,-4.9545,29.714,28.568,29.714,,29.625,0.089,
2026-10-03 02:43:32,691.0,heat,5.0028,-0.9898,-4.9525,29.722,28.506,29.722,,29.687,0.035,
2026-10-03 02:43:33,692.0,heat,5.0039,-0.9895,-4.9515,29.606,28.476,29.606,,29.75,-0.144,
2026-10-03 02:43:34,693.0,heat,5.0049,-0.9895,-4.953,29.582,28.49,29.582,,29.75,-0.168,
2026-10-03 02:43:35,694.0,heat,5.0045,-0.9895,-4.9535,29.486,28.426,29.486,,29.687,-0.201,
2026-10-03 02:43:36,695.0,heat,5.0058,-0.9898,-4.955,29.456,28.426,29.456,,29.687,-0.231,
2026-10-03 02:43:37,696.0,heat,5.0082,-0.9899,-4.9585,29.336,28.394,29.336,,29.687,-0.351,
2026-10-03 02:43:38,697.0,heat,5.0096,-0.9895,-4.9575,29.378,28.326,29.378,,29.687,-0.309,
2026-10-03 02:43:39,698.0,heat,5.0058,-0.9897,-4.955,29.368,28.312,29.368,,29.562,-0.194,
2026-10-03 02:43:40,699.0,heat,5.0048,-0.9899,-4.955,29.28,28.328,29.28,,29.562,-0.282,
2026-10-03 02:43:41,700.0,heat,5.0064,-0.9898,-4.956,29.238,28.23,29.238,,29.562,-0.324,
2026-10-03 02:43:42,701.0,heat,5.0077,-0.9901,-4.958,29.228,28.216,29.228,,29.5,-0.272,
2026-10-03 02:43:43,702.0,heat,5.0073,-0.9898,-4.9575,29.138,28.318,29.138,,29.5,-0.362,
2026-10-03 02:43:44,703.0,heat,5.0059,-0.9899,-4.955,29.214,28.314,29.214,,29.437,-0.223,
2026-10-03 02:43:45,704.0,heat,5.004,-0.9897,-4.9525,29.23,28.18,29.23,,29.437,-0.207,
2026-10-03 02:43:46,705.0,heat,5.0029,-0.9898,-4.9525,29.286,28.32,29.286,,29.437,-0.151,
2026-10-03 02:43:47,706.0,heat,5.0055,-0.9896,-4.9545,29.278,28.392,29.278,,29.437,-0.159,
2026-10-03 02:43:48,707.0,heat,5.0046,-0.9894,-4.9515,29.398,28.548,29.398,,29.5,-0.102,
2026-10-03 02:43:49,708.0,heat,5.0033,-0.9895,-4.9515,29.39,28.618,29.39,,29.5,-0.11,
2026-10-03 02:43:50,709.0,heat,5.0029,-0.9896,-4.951,29.552,28.654,29.552,,29.5,0.052,
2026-10-03 02:43:51,710.0,heat,5.0066,-0.9897,-4.956,29.618,28.76,29.618,,29.562,0.056,
2026-10-03 02:43:52,711.0,heat,5.0018,-0.9895,-4.95,29.72,28.856,29.72,,29.562,0.158,
2026-10-03 02:43:53,712.0,heat,5.0006,-0.9897,-4.9495,29.844,29.276,30.082,,29.687,0.395,
2026-10-03 02:43:54,713.0,heat,5.0,-0.9891,-4.947,29.816,28.994,29.816,,29.687,0.129,
2026-10-03 02:43:55,714.0,heat,5.003,-0.9897,-4.952,29.896,29.052,29.896,,29.812,0.084,
2026-10-03 02:43:56,715.0,heat,5.0059,-0.9899,-4.9555,30.098,29.12,30.098,,29.812,0.286,
2026-10-03 02:43:57,716.0,heat,5.0073,-0.9901,-4.9575,30.2,29.168,30.2,,29.937,0.263,
2026-10-03 02:43:58,717.0,heat,5.0096,-0.9898,-4.958,30.108,29.28,30.108,,29.937,0.171,
2026-10-03 02:43:59,718.0,heat,5.0223,-0.9899,-4.972,30.11,29.352,30.11,,30.125,-0.015,
2026-10-03 02:44:00,719.0,heat,5.0167,-0.9896,-4.9655,30.094,29.412,30.094,,30.312,-0.218,
2026-10-03 02:44:01,720.0,heat,5.0131,-0.9903,-4.9655,30.164,29.476,30.164,,30.312,-0.148,
2026-10-03 02:44:02,721.0,heat,5.0093,-0.9899,-4.9605,30.104,29.498,30.104,,30.5,-0.396,
2026-10-03 02:44:03,722.0,heat,5.0059,-0.9898,-4.955,30.25,29.554,30.25,,30.5,-0.25,
2026-10-03 02:44:04,723.0,heat,5.0039,-0.99,-4.9545,30.134,29.578,30.134,,30.625,-0.491,
2026-10-03 02:44:05,724.0,heat,5.0016,-0.9902,-4.9525,30.154,29.504,30.154,,30.625,-0.471,
2026-10-03 02:44:06,725.0,heat,5.0038,-0.9899,-4.9535,30.302,29.554,30.302,,30.812,-0.51,
2026-10-03 02:44:07,726.0,heat,5.0006,-0.9895,-4.9495,30.304,29.604,30.304,,30.812,-0.508,
2026-10-03 02:44:08,727.0,heat,5.0012,-0.9898,-4.951,30.264,29.652,30.264,,30.937,-0.673,
2026-10-03 02:44:09,728.0,heat,5.0015,-0.9896,-4.9505,30.46,29.718,30.46,,31.062,-0.602,
2026-10-03 02:44:10,729.0,heat,5.0032,-0.9901,-4.9535,30.4,29.806,30.404,,31.062,-0.658,
2026-10-03 02:44:11,730.0,heat,5.0052,-0.9895,-4.953,30.488,29.85,30.488,,31.25,-0.762,
2026-10-03 02:44:12,731.0,heat,5.0086,-0.9897,-4.958,30.422,29.95,30.422,,31.25,-0.828,
2026-10-03 02:44:13,732.0,heat,5.0124,-0.9897,-4.9605,30.488,30.044,30.488,,31.375,-0.887,
2026-10-03 02:44:14,733.0,heat,5.0119,-0.9896,-4.96,30.522,29.988,30.522,,31.375,-0.853,
2026-10-03 02:44:15,734.0,heat,5.0116,-0.9895,-4.959,30.466,30.096,30.466,,31.5,-1.034,
2026-10-03 02:44:16,735.0,heat,5.0102,-0.9893,-4.9565,30.322,29.912,30.322,,31.562,-1.24,
2026-10-03 02:44:17,736.0,heat,5.0111,-0.9899,-4.9595,30.208,29.844,30.208,,31.562,-1.354,
2026-10-03 02:44:18,737.0,heat,5.0268,-0.9896,-4.975,30.192,29.656,30.192,,31.562,-1.37,
2026-10-03 02:44:19,738.0,heat,5.0361,-0.9899,-4.9845,30.058,29.632,30.058,,31.562,-1.504,
2026-10-03 02:44:20,739.0,heat,5.0388,-0.9897,-4.9875,29.98,29.498,29.98,,31.5,-1.52,
2026-10-03 02:44:21,740.0,heat,5.0405,-0.9897,-4.9875,29.878,29.26,29.878,,31.5,-1.622,
2026-10-03 02:44:22,741.0,heat,5.0404,-0.99,-4.9895,29.772,29.174,29.772,,31.375,-1.603,
2026-10-03 02:44:23,742.0,heat,5.0412,-0.9903,-4.991,29.756,29.042,29.756,,31.375,-1.619,
2026-10-03 02:44:24,743.0,heat,5.042,-0.9899,-4.9905,29.624,29.062,29.624,,31.25,-1.626,
2026-10-03 02:44:25,744.0,heat,5.0442,-0.9899,-4.993,29.636,29.022,29.636,,31.125,-1.489,
2026-10-03 02:44:26,745.0,heat,5.0435,-0.9901,-4.993,29.536,28.952,29.536,,31.125,-1.589,
2026-10-03 02:44:27,746.0,heat,5.0406,-0.9904,-4.992,29.494,28.894,29.494,,31.0,-1.506,
2026-10-03 02:44:28,747.0,heat,5.04,-0.9901,-4.9895,29.498,28.82,29.498,,31.0,-1.502,
2026-10-03 02:44:29,748.0,heat,5.0249,-0.9902,-4.976,29.39,28.666,29.39,,30.937,-1.547,
2026-10-03 02:44:30,749.0,heat,5.0213,-0.9903,-4.9735,29.326,28.768,29.326,,30.937,-1.611,
2026-10-03 02:44:31,750.0,heat,5.025,-0.99,-4.976,29.374,28.618,29.374,,30.812,-1.438,
2026-10-03 02:44:32,751.0,heat,5.0262,-0.9899,-4.976,29.34,28.604,29.34,,30.812,-1.472,
2026-10-03 02:44:33,752.0,heat,5.0249,-0.9897,-4.9745,29.288,28.592,29.288,,30.687,-1.399,
2026-10-03 02:44:34,753.0,heat,5.0258,-0.9899,-4.9755,29.252,28.512,29.252,,30.562,-1.31,
2026-10-03 02:44:35,754.0,heat,5.0259,-0.9899,-4.975,29.34,28.438,29.34,,30.562,-1.222,
2026-10-03 02:44:36,755.0,heat,5.0299,-0.99,-4.981,29.216,28.45,29.216,,30.5,-1.284,
2026-10-03 02:44:37,756.0,heat,5.029,-0.9896,-4.977,29.114,28.362,29.114,,30.5,-1.386,
2026-10-03 02:44:38,757.0,heat,5.0295,-0.99,-4.9795,29.098,28.426,29.098,,30.375,-1.277,
2026-10-03 02:44:39,758.0,heat,5.0374,-0.99,-4.9875,29.088,28.31,29.088,,30.375,-1.287,
2026-10-03 02:44:40,759.0,heat,5.0282,-0.9894,-4.976,29.106,28.312,29.106,,30.25,-1.144,
2026-10-03 02:44:41,760.0,heat,5.0319,-0.9896,-4.98,29.092,28.41,29.092,,30.25,-1.158,
2026-10-03 02:44:42,761.0,heat,5.0346,-0.9898,-4.984,29.07,28.29,29.07,,30.187,-1.117,
2026-10-03 02:44:43,762.0,heat,5.0331,-0.9896,-4.9815,29.096,28.258,29.096,,30.062,-0.966,
2026-10-03 02:44:44,763.0,heat,5.0311,-0.9898,-4.9805,29.024,28.218,29.024,,30.062,-1.038,
2026-10-03 02:44:45,764.0,heat,5.0282,-0.9897,-4.978,29.074,28.43,29.074,,30.0,-0.926,
2026-10-03 02:44:46,765.0,heat,5.0332,-0.9902,-4.9845,29.204,28.618,29.204,,30.0,-0.796,
2026-10-03 02:44:47,766.0,heat,5.0396,-0.9899,-4.987,29.246,28.838,29.246,,29.937,-0.691,
2026-10-03 02:44:48,767.0,heat,5.0309,-0.9898,-4.981,29.218,28.848,29.218,,29.937,-0.719,
2026-10-03 02:44:49,768.0,heat,5.0474,-0.9902,-4.9985,29.214,28.87,29.214,,29.937,-0.723,
2026-10-03 02:44:50,769.0,heat,5.0485,-0.9896,-4.995,29.218,28.906,29.218,,29.937,-0.719,
2026-10-03 02:44:51,770.0,heat,5.0356,-0.9899,-4.984,29.32,28.972,29.32,,29.937,-0.617,
2026-10-03 02:44:52,771.0,heat,5.0306,-0.9897,-4.979,29.416,29.406,29.49,,29.937,-0.447,
2026-10-03 02:44:53,772.0,heat,5.0242,-0.9898,-4.974,29.478,29.528,29.536,,29.937,-0.401,
2026-10-03 02:44:54,773.0,heat,5.0277,-0.99,-4.978,29.736,29.674,29.772,,29.937,-0.165,
2026-10-03 02:44:55,774.0,heat,5.0349,-0.9894,-4.983,29.728,29.7,29.784,,29.937,-0.153,
2026-10-03 02:44:56,775.0,heat,5.0342,-0.99,-4.985,29.966,29.538,29.966,,30.062,-0.096,
2026-10-03 02:44:57,776.0,heat,5.0252,-0.99,-4.9745,29.852,29.558,29.858,,30.062,-0.204,
2026-10-03 02:44:58,777.0,heat,5.0325,-0.9898,-4.982,29.956,29.666,29.964,,30.187,-0.223,
2026-10-03 02:44:59,778.0,heat,5.0445,-0.9895,-4.9905,29.864,29.696,29.864,,30.312,-0.448,
2026-10-03 02:45:00,779.0,heat,5.0438,-0.99,-4.9925,29.894,29.874,29.934,,30.312,-0.378,
2026-10-03 02:45:01,780.0,heat,5.0494,-0.9899,-4.998,29.892,29.796,29.91,,30.437,-0.527,
2026-10-03 02:45:02,781.0,heat,5.0496,-0.9895,-4.9965,29.956,29.85,29.964,,30.437,-0.473,
2026-10-03 02:45:03,782.0,heat,5.0499,-0.9894,-4.997,30.02,29.846,30.02,,30.5,-0.48,
2026-10-03 02:45:04,783.0,heat,5.0503,-0.9899,-4.9985,30.192,29.858,30.192,,30.5,-0.308,
2026-10-03 02:45:05,784.0,heat,5.0459,-0.9901,-4.9955,30.22,29.96,30.22,,30.625,-0.405,
2026-10-03 02:45:06,785.0,heat,5.0414,-0.9896,-4.989,30.106,29.872,30.114,,30.625,-0.511,
2026-10-03 02:45:07,786.0,heat,5.0396,-0.9899,-4.9885,30.032,29.846,30.04,,30.75,-0.71,
2026-10-03 02:45:08,787.0,heat,5.0288,-0.9898,-4.98,29.932,29.752,29.944,,30.812,-0.868,
2026-10-03 02:45:09,788.0,heat,5.0162,-0.9898,-4.965,29.892,29.586,29.892,,30.812,-0.92,
2026-10-03 02:45:10,789.0,heat,5.0491,-0.9902,-5.003,29.788,29.548,29.788,,30.75,-0.962,
2026-10-03 02:45:11,790.0,heat,5.0449,-0.9896,-4.994,29.742,29.446,29.742,,30.75,-1.008,
2026-10-03 02:45:12,791.0,heat,5.0596,-0.9899,-5.0075,29.572,29.29,29.572,,30.687,-1.115,
2026-10-03 02:45:13,792.0,heat,5.0601,-0.9896,-5.0075,29.512,29.246,29.512,,30.687,-1.175,
2026-10-03 02:45:14,793.0,heat,5.0498,-0.9899,-4.9985,29.524,29.15,29.524,,30.625,-1.101,
2026-10-03 02:45:15,794.0,heat,5.0678,-0.9895,-5.0145,29.464,29.13,29.464,,30.625,-1.161,
2026-10-03 02:45:16,795.0,heat,5.0434,-0.9896,-4.99,29.474,28.978,29.474,,30.562,-1.088,
2026-10-03 02:45:17,796.0,heat,5.049,-0.9901,-4.999,29.334,28.994,29.334,,30.437,-1.103,
2026-10-03 02:45:18,797.0,heat,5.0388,-0.9899,-4.993,29.4,28.978,29.4,,30.437,-1.037,
2026-10-03 02:45:19,798.0,heat,5.0458,-0.9898,-4.9975,29.358,28.866,29.358,,30.375,-1.017,
2026-10-03 02:45:20,799.0,heat,5.0457,-0.9897,-4.9935,29.296,28.844,29.296,,30.375,-1.079,
2026-10-03 02:45:21,800.0,heat,5.058,-0.9897,-5.0065,29.31,28.798,29.31,,30.312,-1.002,
2026-10-03 02:45:22,801.0,heat,5.0489,-0.9902,-5.0,29.512,29.516,29.732,,30.312,-0.58,
2026-10-03 02:45:23,802.0,heat,5.063,-0.99,-5.0125,29.97,30.652,30.652,,30.187,0.465,
2026-10-03 02:45:24,803.0,heat,5.0394,-0.9899,-4.988,29.988,30.56,30.56,,30.187,0.373,
2026-10-03 02:45:25,804.0,heat,5.057,-0.99,-5.0105,30.144,30.478,30.478,,30.125,0.353,
2026-10-03 02:45:26,805.0,heat,5.0409,-0.9902,-4.991,30.186,30.624,30.624,,30.125,0.499,
2026-10-03 02:45:27,806.0,heat,5.0295,-0.9897,-4.9775,30.214,30.392,30.4,,30.125,0.275,
2026-10-03 02:45:28,807.0,heat,5.041,-0.9901,-4.9905,31.16,31.352,31.416,,30.125,1.291,
2026-10-03 02:45:29,808.0,heat,5.0391,-0.9897,-4.988,32.616,33.298,33.298,,30.125,3.173,
2026-10-03 02:45:30,809.0,heat,5.0417,-0.9897,-4.99,33.69,35.048,35.048,,30.062,4.986,
2026-10-03 02:45:31,810.0,heat,5.0441,-0.99,-4.9935,33.496,35.596,35.596,,30.062,5.534,
2026-10-03 02:45:32,811.0,heat,5.0449,-0.9895,-4.9915,33.17,35.156,35.156,,30.062,5.094,
2026-10-03 02:45:33,812.0,heat,5.0518,-0.9894,-4.9995,32.818,34.37,34.37,,30.062,4.308,
2026-10-03 02:45:34,813.0,heat,5.0437,-0.9895,-4.9905,32.32,33.746,33.746,,30.125,3.621,
2026-10-03 02:45:35,814.0,heat,5.0449,-0.9899,-4.993,32.062,33.262,33.262,,30.125,3.137,
2026-10-03 02:45:36,815.0,heat,5.0461,-0.9895,-4.9925,31.764,32.856,32.856,,30.125,2.731,
2026-10-03 02:45:37,816.0,heat,5.0522,-0.9898,-5.0015,31.526,32.56,32.56,,30.125,2.435,
2026-10-03 02:45:38,817.0,heat,5.0491,-0.9896,-4.9955,31.62,32.228,32.228,,30.125,2.103,
2026-10-03 02:45:39,818.0,heat,5.0436,-0.9898,-4.993,31.496,32.054,32.054,,30.062,1.992,
2026-10-03 02:45:40,819.0,heat,5.04,-0.9897,-4.988,31.186,31.696,31.696,,30.062,1.634,
2026-10-03 02:45:41,820.0,heat,5.0395,-0.9894,-4.986,31.03,31.584,31.584,,30.0,1.584,
2026-10-03 02:45:42,821.0,heat,5.0428,-0.9895,-4.989,31.014,31.57,31.57,,29.937,1.633,
2026-10-03 02:45:43,822.0,heat,5.0431,-0.9896,-4.9905,31.026,31.394,31.394,,29.937,1.457,
2026-10-03 02:45:44,823.0,heat,5.044,-0.99,-4.9925,30.952,31.276,31.276,,29.875,1.401,
2026-10-03 02:45:45,824.0,heat,5.0435,-0.9896,-4.991,30.766,31.158,31.158,,29.875,1.283,
2026-10-03 02:45:46,825.0,heat,5.0442,-0.9899,-4.994,30.706,31.02,31.02,,29.812,1.208,
2026-10-03 02:45:47,826.0,heat,5.0441,-0.9902,-4.995,30.672,30.978,30.978,,29.812,1.166,
2026-10-03 02:45:48,827.0,heat,5.0446,-0.9904,-4.9965,30.718,31.032,31.032,,29.75,1.282,
2026-10-03 02:45:49,828.0,heat,5.0472,-0.99,-4.9965,30.752,30.974,30.974,,29.75,1.224,
2026-10-03 02:45:50,829.0,heat,5.0443,-0.9902,-4.994,31.022,31.198,31.2,,29.687,1.513,
2026-10-03 02:45:51,830.0,heat,5.0509,-0.9901,-5.0,31.3,31.346,31.386,,29.625,1.761,
2026-10-03 02:45:52,831.0,heat,5.0535,-0.9899,-5.003,31.742,31.864,31.886,,29.625,2.261,
2026-10-03 02:45:53,832.0,heat,5.0586,-0.99,-5.008,31.836,32.334,32.334,,29.562,2.772,
2026-10-03 02:45:54,833.0,heat,5.0825,-0.9899,-5.0315,31.844,32.518,32.518,,29.562,2.956,
2026-10-03 02:45:55,834.0,heat,5.0748,-0.9899,-5.0235,31.824,32.712,32.712,,29.5,3.212,
2026-10-03 02:45:56,835.0,heat,5.0646,-0.9898,-5.014,31.802,32.73,32.73,,29.5,3.23,
2026-10-03 02:45:57,836.0,heat,5.0564,-0.99,-5.0045,31.784,32.766,32.766,,29.437,3.329,
2026-10-03 02:45:58,837.0,heat,5.0555,-0.9895,-5.0025,31.886,32.798,32.798,,29.437,3.361,
2026-10-03 02:45:59,838.0,heat,5.0541,-0.9895,-5.001,31.712,32.766,32.766,,29.437,3.329,
2026-10-03 02:46:00,839.0,heat,5.0547,-0.9894,-5.001,31.69,32.624,32.624,,29.375,3.249,
2026-10-03 02:46:01,840.0,heat,5.0555,-0.9895,-5.003,31.56,32.462,32.462,,29.375,3.087,
2026-10-03 02:46:02,841.0,heat,5.0569,-0.9894,-5.004,31.57,32.152,32.152,,29.312,2.84,
2026-10-03 02:46:03,842.0,heat,5.0551,-0.9893,-5.0005,31.284,31.892,31.892,,29.312,2.58,
2026-10-03 02:46:04,843.0,heat,5.0549,-0.9899,-5.0045,31.302,31.78,31.78,,29.25,2.53,
2026-10-03 02:46:05,844.0,heat,5.0568,-0.9896,-5.0045,31.274,31.912,31.912,,29.25,2.662,
2026-10-03 02:46:06,845.0,heat,5.0574,-0.9896,-5.005,31.612,32.07,32.07,,29.187,2.883,
2026-10-03 02:46:07,846.0,heat,5.0571,-0.9895,-5.0045,31.792,32.426,32.426,,29.187,3.239,
2026-10-03 02:46:08,847.0,heat,5.0555,-0.9895,-5.003,31.842,32.706,32.706,,29.187,3.519,
2026-10-03 02:46:09,848.0,heat,5.0545,-0.9895,-5.0015,31.842,32.82,32.82,,29.125,3.695,
2026-10-03 02:46:10,849.0,heat,5.0518,-0.9896,-4.9985,31.724,32.282,32.282,,29.125,3.157,
2026-10-03 02:46:11,850.0,heat,5.0522,-0.9896,-4.999,31.664,32.11,32.11,,29.062,3.048,
2026-10-03 02:46:12,851.0,heat,5.0515,-0.99,-5.0005,31.562,32.008,32.008,,29.062,2.946,
2026-10-03 02:46:13,852.0,heat,5.0542,-0.9899,-5.0035,31.282,31.728,31.728,,29.062,2.666,
2026-10-03 02:46:14,853.0,heat,5.053,-0.9896,-5.0005,31.18,31.46,31.46,,29.062,2.398,
2026-10-03 02:46:15,854.0,heat,5.0541,-0.9897,-5.002,30.868,31.334,31.334,,29.0,2.334,
2026-10-03 02:46:16,855.0,heat,5.0582,-0.9894,-5.004,30.938,31.188,31.188,,29.0,2.188,
2026-10-03 02:46:17,856.0,heat,5.0563,-0.9901,-5.006,30.832,31.176,31.176,,29.0,2.176,
2026-10-03 02:46:18,857.0,heat,5.0574,-0.9898,-5.0065,30.972,31.548,31.548,,28.937,2.611,
2026-10-03 02:46:19,858.0,heat,5.055,-0.9896,-5.002,31.118,31.586,31.586,,28.937,2.649,
2026-10-03 02:46:20,859.0,heat,5.0552,-0.9894,-5.0015,31.052,31.676,31.676,,28.937,2.739,
2026-10-03 02:46:21,860.0,heat,5.0544,-0.9896,-5.0015,31.152,31.466,31.472,,28.937,2.535,
2026-10-03 02:46:22,861.0,heat,5.0559,-0.99,-5.006,31.226,31.906,31.906,,28.937,2.969,
2026-10-03 02:46:23,862.0,heat,5.06,-0.9896,-5.0075,31.444,32.552,32.552,,28.937,3.615,
2026-10-03 02:46:24,863.0,heat,5.0619,-0.9897,-5.009,31.582,33.072,33.072,,28.875,4.197,
2026-10-03 02:46:25,864.0,heat,5.0646,-0.9892,-5.0105,31.598,33.55,33.55,,28.875,4.675,
2026-10-03 02:46:26,865.0,heat,5.0642,-0.9893,-5.01,31.658,33.608,33.608,,28.875,4.733,
2026-10-03 02:46:27,866.0,heat,5.066,-0.9898,-5.015,31.836,33.738,33.738,,28.875,4.863,
2026-10-03 02:46:28,867.0,heat,5.0685,-0.9894,-5.015,31.726,33.424,33.424,,28.875,4.549,
2026-10-03 02:46:29,868.0,heat,5.0685,-0.9894,-5.014,31.816,33.17,33.17,,28.875,4.295,
2026-10-03 02:46:30,869.0,heat,5.0605,-0.9894,-5.0055,31.948,33.118,33.118,,28.875,4.243,
2026-10-03 02:46:31,870.0,heat,5.0579,-0.9897,-5.0055,32.064,32.848,32.848,,28.937,3.911,
2026-10-03 02:46:32,871.0,heat,5.0606,-0.9895,-5.0065,32.27,32.82,32.82,,28.937,3.883,
2026-10-03 02:46:33,872.0,heat,5.0628,-0.9893,-5.009,32.196,33.138,33.138,,28.937,4.201,
2026-10-03 02:46:34,873.0,heat,5.0675,-0.9895,-5.015,31.936,32.85,32.85,,28.937,3.913,
2026-10-03 02:46:35,874.0,heat,5.0641,-0.9895,-5.011,32.06,32.678,32.678,,29.0,3.678,
2026-10-03 02:46:36,875.0,heat,5.067,-0.9898,-5.0145,32.004,32.742,32.742,,29.0,3.742,
2026-10-03 02:46:37,876.0,heat,5.0629,-0.9895,-5.0095,31.99,32.652,32.652,,29.0,3.652,
2026-10-03 02:46:38,877.0,heat,5.0623,-0.9897,-5.0105,31.98,32.622,32.622,,29.0,3.622,
2026-10-03 02:46:39,878.0,heat,5.0596,-0.9897,-5.0075,32.108,32.466,32.466,,29.0,3.466,
2026-10-03 02:46:40,879.0,heat,5.0594,-0.9893,-5.006,32.09,32.448,32.448,,29.062,3.386,
2026-10-03 02:46:41,880.0,heat,5.0594,-0.9894,-5.0055,32.078,32.448,32.448,,29.062,3.386,
2026-10-03 02:46:42,881.0,heat,5.0597,-0.9896,-5.007,32.16,32.378,32.384,,29.062,3.322,
2026-10-03 02:46:43,882.0,heat,5.0604,-0.9899,-5.0095,32.302,32.414,32.45,,29.062,3.388,
2026-10-03 02:46:44,883.0,heat,5.0618,-0.9895,-5.0095,32.336,32.514,32.514,,29.062,3.452,
2026-10-03 02:46:45,884.0,heat,5.0854,-0.9899,-5.034,32.562,32.678,32.68,,29.125,3.555,
2026-10-03 02:46:46,885.0,heat,5.0746,-0.9898,-5.0235,32.486,32.71,32.71,,29.125,3.585,
2026-10-03 02:46:47,886.0,heat,5.0632,-0.9896,-5.011,32.7,32.772,32.8,,29.187,3.613,
2026-10-03 02:46:48,887.0,heat,5.0601,-0.9896,-5.007,32.976,32.992,33.02,,29.187,3.833,
2026-10-03 02:46:49,888.0,heat,5.059,-0.9898,-5.0075,33.106,33.048,33.132,,29.375,3.757,
2026-10-03 02:46:50,889.0,heat,5.0637,-0.9897,-5.011,33.164,33.138,33.206,,29.375,3.831,
2026-10-03 02:46:51,890.0,heat,5.0586,-0.9898,-5.0065,33.372,33.214,33.378,,29.625,3.753,
2026-10-03 02:46:52,891.0,heat,5.0613,-0.9897,-5.009,33.526,33.338,33.528,,29.937,3.591,
2026-10-03 02:46:53,892.0,heat,5.061,-0.9897,-5.0095,33.744,33.356,33.744,,29.937,3.807,
2026-10-03 02:46:54,893.0,heat,5.061,-0.9893,-5.0065,34.04,33.462,34.04,,30.125,3.915,
2026-10-03 02:46:55,894.0,heat,5.0612,-0.9892,-5.006,34.084,33.348,34.084,,30.125,3.959,
2026-10-03 02:46:56,895.0,heat,5.0576,-0.9893,-5.0045,34.166,33.264,34.166,,30.375,3.791,
2026-10-03 02:46:57,896.0,heat,5.0575,-0.9892,-5.0035,34.21,33.174,34.21,,30.375,3.835,
2026-10-03 02:46:58,897.0,heat,5.0582,-0.9895,-5.0045,34.236,33.268,34.236,,30.562,3.674,
2026-10-03 02:46:59,898.0,heat,5.0631,-0.9895,-5.011,34.246,33.176,34.246,,30.562,3.684,
2026-10-03 02:47:00,899.0,heat,5.0639,-0.9892,-5.01,34.248,33.174,34.248,,30.687,3.561,
2026-10-03 02:47:01,900.0,heat,5.0622,-0.9894,-5.008,34.222,33.022,34.222,,30.812,3.41,
2026-10-03 02:47:02,901.0,heat,5.0594,-0.9889,-5.0035,34.248,33.082,34.248,,30.812,3.436,
2026-10-03 02:47:03,902.0,heat,5.0631,-0.9889,-5.0065,34.432,33.146,34.432,,30.937,3.495,
2026-10-03 02:47:04,903.0,heat,5.0556,-0.9891,-5.0,34.626,33.126,34.626,,30.937,3.689,
2026-10-03 02:47:05,904.0,heat,5.0583,-0.9892,-5.003,34.744,33.24,34.744,,31.062,3.682,
2026-10-03 02:47:06,905.0,heat,5.0542,-0.989,-4.999,34.988,33.256,34.988,,31.062,3.926,
2026-10-03 02:47:07,906.0,heat,5.0549,-0.9889,-4.999,35.084,33.35,35.084,,31.187,3.897,
2026-10-03 02:47:08,907.0,heat,5.0551,-0.989,-5.0005,35.204,33.246,35.204,,31.187,4.017,
2026-10-03 02:47:09,908.0,heat,5.0545,-0.9891,-4.9995,35.354,33.37,35.354,,31.375,3.979,
2026-10-03 02:47:10,909.0,heat,5.0533,-0.9891,-4.998,35.5,33.292,35.5,,31.562,3.938,
2026-10-03 02:47:11,910.0,heat,5.0508,-0.9891,-4.995,35.594,33.296,35.594,,31.562,4.032,
2026-10-03 02:47:12,911.0,heat,5.0529,-0.9893,-4.9985,35.582,33.382,35.582,,31.687,3.895,
2026-10-03 02:47:13,912.0,heat,5.0511,-0.9893,-4.9965,35.68,33.438,35.68,,31.687,3.993,
2026-10-03 02:47:14,913.0,heat,5.053,-0.9887,-4.996,35.838,33.678,35.838,,31.812,4.026,
2026-10-03 02:47:15,914.0,heat,5.0538,-0.9887,-4.997,35.99,34.026,35.99,,31.812,4.178,
2026-10-03 02:47:16,915.0,heat,5.054,-0.9888,-4.997,36.098,34.492,36.098,,32.0,4.098,
2026-10-03 02:47:17,916.0,heat,5.0535,-0.9892,-4.999,36.208,34.732,36.208,,32.0,4.208,
2026-10-03 02:47:18,917.0,heat,5.0526,-0.989,-4.9965,36.226,34.75,36.226,,32.25,3.976,
2026-10-03 02:47:19,918.0,heat,5.0555,-0.9887,-4.998,36.356,34.948,36.356,,32.5,3.856,
2026-10-03 02:47:20,919.0,heat,5.0555,-0.989,-4.9995,36.348,35.064,36.348,,32.5,3.848,
2026-10-03 02:47:21,920.0,heat,5.0582,-0.9888,-5.0005,36.408,35.102,36.408,,32.75,3.658,
2026-10-03 02:47:22,921.0,heat,5.06,-0.989,-5.0035,36.432,35.182,36.432,,32.75,3.682,
2026-10-03 02:47:23,922.0,heat,5.075,-0.9888,-5.018,36.43,35.198,36.43,,33.0,3.43,
2026-10-03 02:47:24,923.0,heat,5.089,-0.9886,-5.031,36.602,35.166,36.602,,33.0,3.602,
2026-10-03 02:47:25,924.0,heat,5.0918,-0.9889,-5.036,36.57,35.19,36.57,,33.187,3.383,
2026-10-03 02:47:26,925.0,heat,5.0951,-0.9893,-5.041,36.706,35.342,36.706,,33.187,3.519,
2026-10-03 02:47:27,926.0,heat,5.0889,-0.9886,-5.0305,36.838,35.478,36.838,,33.437,3.401,
2026-10-03 02:47:28,927.0,heat,5.088,-0.9887,-5.031,36.75,35.54,36.75,,33.625,3.125,
2026-10-03 02:47:29,928.0,heat,5.0976,-0.989,-5.0425,36.862,35.486,36.862,,33.625,3.237,
2026-10-03 02:47:30,929.0,heat,5.0921,-0.989,-5.0365,36.7,35.394,36.7,,33.875,2.825,
2026-10-03 02:47:31,930.0,heat,5.0668,-0.9886,-5.0085,36.688,35.26,36.688,,33.875,2.813,
2026-10-03 02:47:32,931.0,heat,5.065,-0.9885,-5.0065,36.828,35.008,36.828,,34.187,2.641,
2026-10-03 02:47:33,932.0,heat,5.0624,-0.9887,-5.0045,36.778,34.898,36.778,,34.187,2.591,
2026-10-03 02:47:34,933.0,heat,5.0549,-0.9891,-4.999,36.944,34.916,36.944,,34.437,2.507,
2026-10-03 02:47:35,934.0,heat,5.0563,-0.9889,-5.0,37.046,34.804,37.046,,34.75,2.296,
2026-10-03 02:47:36,935.0,heat,5.0535,-0.9887,-4.996,37.15,34.65,37.15,,34.75,2.4,
2026-10-03 02:47:37,936.0,heat,5.0558,-0.9886,-4.9985,37.286,34.554,37.286,,35.062,2.224,
2026-10-03 02:47:38,937.0,heat,5.0538,-0.989,-4.9975,37.362,34.502,37.362,,35.062,2.3,
2026-10-03 02:47:39,938.0,heat,5.0519,-0.9891,-4.9975,37.482,34.542,37.482,,35.437,2.045,
2026-10-03 02:47:40,939.0,heat,5.0535,-0.9888,-4.9965,37.632,34.546,37.632,,35.437,2.195,
2026-10-03 02:47:41,940.0,heat,5.0574,-0.9886,-4.9995,37.71,34.622,37.71,,35.812,1.898,
2026-10-03 02:47:42,941.0,heat,5.0625,-0.9891,-5.007,37.92,34.776,37.92,,35.812,2.108,
2026-10-03 02:47:43,942.0,heat,5.0634,-0.989,-5.008,38.016,34.93,38.016,,36.187,1.829,
2026-10-03 02:47:44,943.0,heat,5.0573,-0.9888,-5.0,37.914,35.282,37.914,,36.562,1.352,
2026-10-03 02:47:45,944.0,heat,5.0577,-0.9882,-4.9975,38.078,35.562,38.078,,36.562,1.516,
2026-10-03 02:47:46,945.0,heat,5.0595,-0.9886,-5.0015,38.29,35.622,38.29,,36.875,1.415,
2026-10-03 02:47:47,946.0,heat,5.0587,-0.9887,-5.001,38.36,35.766,38.36,,36.875,1.485,
2026-10-03 02:47:48,947.0,heat,5.06,-0.989,-5.004,38.508,35.876,38.508,,37.187,1.321,
2026-10-03 02:47:49,948.0,heat,5.0572,-0.9886,-4.9985,38.596,36.284,38.596,,37.187,1.409,
2026-10-03 02:47:50,949.0,heat,5.0525,-0.9886,-4.995,38.718,36.9,38.718,,37.375,1.343,
2026-10-03 02:47:51,950.0,heat,5.0544,-0.9888,-4.998,38.8,37.118,38.8,,37.375,1.425,
2026-10-03 02:47:52,951.0,heat,5.0551,-0.9889,-4.9975,38.788,37.208,38.788,,37.5,1.288,
2026-10-03 02:47:53,952.0,heat,5.0596,-0.9887,-5.002,38.786,37.016,38.786,,37.5,1.286,
2026-10-03 02:47:54,953.0,heat,5.059,-0.9889,-5.003,38.76,36.778,38.76,,37.5,1.26,
2026-10-03 02:47:55,954.0,heat,5.0585,-0.9887,-5.0,38.71,36.45,38.71,,37.625,1.085,
2026-10-03 02:47:56,955.0,heat,5.0585,-0.9886,-5.0005,38.534,36.166,38.534,,37.625,0.909,
2026-10-03 02:47:57,956.0,heat,5.0557,-0.9885,-4.9975,38.406,36.012,38.406,,37.687,0.719,
2026-10-03 02:47:58,957.0,heat,5.055,-0.9884,-4.996,38.268,35.726,38.268,,37.687,0.581,
2026-10-03 02:47:59,958.0,heat,5.059,-0.9884,-5.0,38.244,35.562,38.244,,37.875,0.369,
2026-10-03 02:48:00,959.0,heat,5.0574,-0.9887,-5.0005,37.924,35.468,37.924,,37.875,0.049,
2026-10-03 02:48:01,960.0,heat,5.0584,-0.9887,-5.001,37.896,35.386,37.896,,38.0,-0.104,
2026-10-03 02:48:02,961.0,heat,5.0575,-0.9885,-4.9995,38.168,36.006,38.168,,38.062,0.106,
2026-10-03 02:48:03,962.0,heat,5.055,-0.9883,-4.9955,38.002,36.58,38.002,,38.062,-0.06,
2026-10-03 02:48:04,963.0,heat,5.0547,-0.9886,-4.9975,37.948,36.718,37.948,,38.125,-0.177,
2026-10-03 02:48:05,964.0,heat,5.0537,-0.9882,-4.9935,37.88,36.59,37.88,,38.125,-0.245,
2026-10-03 02:48:06,965.0,heat,5.054,-0.9881,-4.994,37.776,36.38,37.776,,38.25,-0.474,
2026-10-03 02:48:07,966.0,heat,5.0555,-0.9881,-4.996,37.862,36.236,37.862,,38.25,-0.388,
2026-10-03 02:48:08,967.0,heat,5.0552,-0.9882,-4.9945,37.776,36.154,37.776,,38.375,-0.599,
2026-10-03 02:48:09,968.0,heat,5.059,-0.9884,-4.9995,37.674,36.186,37.674,,38.375,-0.701,
2026-10-03 02:48:10,969.0,heat,5.0581,-0.9881,-4.998,37.67,36.248,37.67,,38.562,-0.892,
2026-10-03 02:48:11,970.0,heat,5.0619,-0.9881,-5.0015,37.67,36.39,37.67,,38.75,-1.08,
2026-10-03 02:48:12,971.0,heat,5.0596,-0.9881,-4.998,37.738,36.646,37.738,,38.75,-1.012,
2026-10-03 02:48:13,972.0,heat,5.0556,-0.9881,-4.9965,37.818,37.056,37.818,,39.0,-1.182,
2026-10-03 02:48:14,973.0,heat,5.0572,-0.988,-4.9965,38.112,37.684,38.112,,39.0,-0.888,
2026-10-03 02:48:15,974.0,heat,5.0529,-0.988,-4.9915,38.494,38.048,38.494,,39.187,-0.693,
2026-10-03 02:48:16,975.0,heat,5.0515,-0.9884,-4.991,38.82,38.206,38.82,,39.187,-0.367,
2026-10-03 02:48:17,976.0,heat,5.0518,-0.9884,-4.993,38.936,38.548,38.936,,39.375,-0.439,
2026-10-03 02:48:18,977.0,heat,5.0532,-0.9884,-4.994,39.024,38.716,39.024,,39.375,-0.351,
2026-10-03 02:48:19,978.0,heat,5.0488,-0.988,-4.988,39.26,38.938,39.26,,39.562,-0.302,
2026-10-03 02:48:20,979.0,heat,5.0466,-0.9883,-4.9875,39.454,38.93,39.454,,39.75,-0.296,
2026-10-03 02:48:21,980.0,heat,5.0459,-0.9882,-4.9865,39.492,38.714,39.492,,39.75,-0.258,
2026-10-03 02:48:22,981.0,heat,5.0501,-0.9882,-4.9915,39.24,38.102,39.24,,39.875,-0.635,
2026-10-03 02:48:23,982.0,heat,5.0334,-0.9881,-4.974,39.048,37.608,39.048,,39.875,-0.827,
2026-10-03 02:48:24,983.0,heat,5.0309,-0.9882,-4.972,38.964,37.284,38.964,,40.0,-1.036,
2026-10-03 02:48:25,984.0,heat,5.0236,-0.9883,-4.9645,38.716,37.064,38.716,,40.0,-1.284,
2026-10-03 02:48:26,985.0,heat,5.019,-0.9884,-4.962,38.606,36.816,38.606,,40.125,-1.519,
2026-10-03 02:48:27,986.0,heat,5.0461,-0.9886,-4.9885,38.528,36.622,38.528,,40.125,-1.597,
2026-10-03 02:48:28,987.0,heat,5.0479,-0.988,-4.987,38.548,36.434,38.548,,40.25,-1.702,
2026-10-03 02:48:29,988.0,heat,5.0246,-0.9884,-4.965,38.45,36.454,38.45,,40.437,-1.987,
2026-10-03 02:48:30,989.0,heat,5.0344,-0.9885,-4.977,38.526,36.664,38.526,,40.437,-1.911,
2026-10-03 02:48:31,990.0,heat,5.0406,-0.9881,-4.9795,38.462,36.728,38.462,,40.562,-2.1,
2026-10-03 02:48:32,991.0,heat,5.0455,-0.988,-4.985,38.548,36.546,38.548,,40.562,-2.014,
2026-10-03 02:48:33,992.0,heat,5.0461,-0.9883,-4.987,38.43,36.472,38.43,,40.75,-2.32,
2026-10-03 02:48:34,993.0,heat,5.0691,-0.9882,-5.0085,38.42,36.498,38.42,,40.75,-2.33,
2026-10-03 02:48:35,994.0,heat,5.0851,-0.988,-5.025,38.504,36.176,38.504,,41.0,-2.496,
2026-10-03 02:48:36,995.0,heat,5.0862,-0.9874,-5.022,38.45,36.006,38.45,,41.0,-2.55,
2026-10-03 02:48:37,996.0,heat,5.0854,-0.9875,-5.0225,38.522,35.87,38.522,,41.187,-2.665,
2026-10-03 02:48:38,997.0,heat,5.0841,-0.9878,-5.022,38.464,35.71,38.464,,41.437,-2.973,
2026-10-03 02:48:39,998.0,heat,5.0824,-0.9877,-5.02,38.402,35.682,38.402,,41.437,-3.035,
2026-10-03 02:48:40,999.0,heat,5.082,-0.9872,-5.0175,38.268,35.576,38.268,,41.625,-3.357,
2026-10-03 02:48:41,1000.0,heat,5.0817,-0.9872,-5.016,38.362,35.488,38.362,,41.625,-3.263,
2026-10-03 02:48:42,1001.0,heat,5.0801,-0.9878,-5.018,38.29,35.462,38.29,,41.75,-3.46,
2026-10-03 02:48:43,1002.0,heat,5.0705,-0.9876,-5.0075,38.264,35.49,38.264,,41.75,-3.486,
2026-10-03 02:48:44,1003.0,heat,5.0534,-0.9877,-4.9905,38.24,35.356,38.24,,41.937,-3.697,
2026-10-03 02:48:45,1004.0,heat,5.0439,-0.9878,-4.9825,38.056,35.206,38.056,,42.062,-4.006,
2026-10-03 02:48:46,1005.0,heat,5.0441,-0.9877,-4.9825,37.854,35.088,37.854,,42.062,-4.208,
2026-10-03 02:48:47,1006.0,heat,5.0484,-0.9878,-4.9885,37.608,35.058,37.608,,42.125,-4.517,
2026-10-03 02:48:48,1007.0,heat,5.052,-0.9879,-4.9905,37.42,34.902,37.42,,42.125,-4.705,
2026-10-03 02:48:49,1008.0,heat,5.0357,-0.9877,-4.974,37.198,34.72,37.198,,42.0,-4.802,
2026-10-03 02:48:50,1009.0,heat,5.0296,-0.9879,-4.969,37.102,34.632,37.102,,42.0,-4.898,
2026-10-03 02:48:51,1010.0,heat,5.0334,-0.9882,-4.9755,36.854,34.544,36.854,,41.875,-5.021,
2026-10-03 02:48:52,1011.0,heat,5.0364,-0.9879,-4.9765,36.68,34.546,36.68,,41.875,-5.195,
2026-10-03 02:48:53,1012.0,heat,5.0288,-0.9879,-4.9665,36.494,34.462,36.494,,41.687,-5.193,
2026-10-03 02:48:54,1013.0,heat,5.0232,-0.988,-4.9645,36.46,34.354,36.46,,41.437,-4.977,
2026-10-03 02:48:55,1014.0,heat,5.0265,-0.9879,-4.9655,36.246,34.286,36.246,,41.437,-5.191,
2026-10-03 02:48:56,1015.0,heat,5.0429,-0.9882,-4.983,36.238,34.172,36.238,,41.25,-5.012,
2026-10-03 02:48:57,1016.0,heat,5.0494,-0.988,-4.988,36.228,34.128,36.228,,41.25,-5.022,
2026-10-03 02:48:58,1017.0,heat,5.0459,-0.9877,-4.9845,35.974,34.01,35.974,,41.0,-5.026,
2026-10-03 02:48:59,1018.0,heat,5.042,-0.9881,-4.983,35.874,34.036,35.874,,41.0,-5.126,
2026-10-03 02:49:00,1019.0,heat,5.04,-0.9879,-4.98,35.764,34.044,35.764,,40.75,-4.986,
2026-10-03 02:49:01,1020.0,heat,5.0411,-0.9877,-4.9805,35.718,33.894,35.718,,40.75,-5.032,
2026-10-03 02:49:02,1021.0,heat,5.043,-0.9875,-4.98,35.614,33.888,35.614,,40.562,-4.948,
2026-10-03 02:49:03,1022.0,heat,5.0434,-0.9881,-4.9835,35.526,33.864,35.526,,40.312,-4.786,
2026-10-03 02:49:04,1023.0,heat,5.04,-0.9883,-4.982,35.482,33.728,35.482,,40.312,-4.83,
2026-10-03 02:49:05,1024.0,heat,5.0384,-0.9875,-4.977,35.414,33.764,35.414,,40.062,-4.648,
2026-10-03 02:49:06,1025.0,heat,5.035,-0.9872,-4.9705,35.218,33.594,35.218,,40.062,-4.844,
2026-10-03 02:49:07,1026.0,heat,5.0331,-0.9873,-4.971,35.202,33.6,35.202,,39.875,-4.673,
2026-10-03 02:49:08,1027.0,heat,5.0224,-0.9877,-4.9615,35.168,33.53,35.168,,39.875,-4.707,
2026-10-03 02:49:09,1028.0,heat,5.0429,-0.9882,-4.985,34.99,33.45,34.99,,39.625,-4.635,
2026-10-03 02:49:10,1029.0,heat,5.0129,-0.9876,-4.9525,35.016,33.48,35.016,,39.625,-4.609,
2026-10-03 02:49:11,1030.0,heat,4.9963,-0.9881,-4.9375,35.018,33.446,35.018,,39.437,-4.419,
2026-10-03 02:49:12,1031.0,heat,4.963,-0.9879,-4.9035,35.284,33.574,35.284,,39.25,-3.966,
2026-10-03 02:49:13,1032.0,heat,4.9555,-0.9881,-4.8975,35.48,33.634,35.48,,39.25,-3.77,
2026-10-03 02:49:14,1033.0,heat,4.9836,-0.9877,-4.9215,35.708,33.602,35.708,,39.125,-3.417,
2026-10-03 02:49:15,1034.0,heat,4.9853,-0.988,-4.926,35.706,33.514,35.706,,39.125,-3.419,
2026-10-03 02:49:16,1035.0,heat,4.9903,-0.9878,-4.9295,35.718,33.466,35.718,,39.125,-3.407,
2026-10-03 02:49:17,1036.0,heat,4.9916,-0.988,-4.932,35.602,33.458,35.602,,39.125,-3.523,
2026-10-03 02:49:18,1037.0,heat,5.0015,-0.988,-4.9425,35.566,33.39,35.566,,39.0,-3.434,
2026-10-03 02:49:19,1038.0,heat,5.0055,-0.9874,-4.9435,35.422,33.314,35.422,,39.0,-3.578,
2026-10-03 02:49:20,1039.0,heat,5.007,-0.9881,-4.948,35.22,33.046,35.22,,38.875,-3.655,
2026-10-03 02:49:21,1040.0,heat,5.0222,-0.9881,-4.963,35.21,33.02,35.21,,38.75,-3.54,
2026-10-03 02:49:22,1041.0,heat,5.035,-0.9883,-4.978,35.222,32.89,35.222,,38.75,-3.528,
2026-10-03 02:49:23,1042.0,heat,5.0422,-0.9879,-4.981,35.044,32.778,35.044,,38.562,-3.518,
2026-10-03 02:49:24,1043.0,heat,5.048,-0.9878,-4.9865,34.972,32.79,34.972,,38.562,-3.59,
2026-10-03 02:49:25,1044.0,heat,5.0488,-0.9883,-4.9885,34.844,32.806,34.844,,38.375,-3.531,
2026-10-03 02:49:26,1045.0,heat,5.0498,-0.988,-4.99,34.746,32.81,34.746,,38.375,-3.629,
2026-10-03 02:49:27,1046.0,heat,5.0502,-0.9875,-4.9865,34.694,32.75,34.694,,38.25,-3.556,
2026-10-03 02:49:28,1047.0,heat,5.0493,-0.9877,-4.9875,34.58,32.73,34.58,,38.25,-3.67,
2026-10-03 02:49:29,1048.0,heat,5.0445,-0.988,-4.985,34.486,32.584,34.486,,38.062,-3.576,
2026-10-03 02:49:30,1049.0,heat,5.0438,-0.9881,-4.984,34.4,32.622,34.4,,37.875,-3.475,
2026-10-03 02:49:31,1050.0,heat,5.0233,-0.9877,-4.962,34.346,32.602,34.346,,37.875,-3.529,
2026-10-03 02:49:32,1051.0,heat,5.0395,-0.9875,-4.978,34.18,32.532,34.18,,37.687,-3.507,
2026-10-03 02:49:33,1052.0,heat,5.0493,-0.9879,-4.988,34.194,32.486,34.194,,37.687,-3.493,
2026-10-03 02:49:34,1053.0,heat,5.0346,-0.9881,-4.9755,34.134,32.502,34.134,,37.5,-3.366,
2026-10-03 02:49:35,1054.0,heat,5.0323,-0.9879,-4.972,33.992,32.458,33.992,,37.5,-3.508,
2026-10-03 02:49:36,1055.0,heat,5.0519,-0.9878,-4.991,33.986,32.386,33.986,,37.312,-3.326,
2026-10-03 02:49:37,1056.0,heat,5.0575,-0.9875,-4.9935,33.886,32.322,33.886,,37.125,-3.239,
2026-10-03 02:49:38,1057.0,heat,5.0548,-0.988,-4.9935,33.874,32.22,33.874,,37.125,-3.251,
2026-10-03 02:49:39,1058.0,heat,5.0414,-0.988,-4.981,33.818,32.28,33.818,,36.937,-3.119,
2026-10-03 02:49:40,1059.0,heat,5.0538,-0.9877,-4.9915,33.776,32.186,33.776,,36.937,-3.161,
2026-10-03 02:49:41,1060.0,heat,5.0554,-0.9878,-4.9935,33.706,32.122,33.706,,36.812,-3.106,
2026-10-03 02:49:42,1061.0,heat,5.0481,-0.988,-4.9885,33.742,32.144,33.742,,36.812,-3.07,
2026-10-03 02:49:43,1062.0,heat,5.0287,-0.9878,-4.9675,33.538,32.154,33.538,,36.625,-3.087,
2026-10-03 02:49:44,1063.0,heat,4.9882,-0.9874,-4.926,33.596,32.026,33.596,,36.625,-3.029,
2026-10-03 02:49:45,1064.0,heat,5.0078,-0.9874,-4.945,33.622,31.954,33.622,,36.437,-2.815,
2026-10-03 02:49:46,1065.0,heat,5.034,-0.9881,-4.9745,33.442,31.852,33.442,,36.25,-2.808,
2026-10-03 02:49:47,1066.0,heat,5.0411,-0.9875,-4.979,33.422,31.87,33.422,,36.25,-2.828,
2026-10-03 02:49:48,1067.0,heat,5.0058,-0.9878,-4.945,33.464,31.71,33.464,,36.125,-2.661,
2026-10-03 02:49:49,1068.0,heat,4.9802,-0.988,-4.921,33.47,31.632,33.47,,36.125,-2.655,
2026-10-03 02:49:50,1069.0,heat,5.0274,-0.9882,-4.969,33.264,31.458,33.264,,36.0,-2.736,
2026-10-03 02:49:51,1070.0,heat,4.9971,-0.9883,-4.939,33.178,30.906,33.178,,36.0,-2.822,
2026-10-03 02:49:52,1071.0,heat,4.9435,-0.9879,-4.885,33.068,30.494,33.068,,35.812,-2.744,
2026-10-03 02:49:53,1072.0,heat,5.002,-0.9878,-4.941,32.798,32.112,33.384,,35.812,-2.428,
2026-10-03 02:49:54,1073.0,heat,5.0114,-0.9882,-4.951,32.398,29.7,32.398,,35.625,-3.227,
2026-10-03 02:49:55,1074.0,heat,4.9519,-0.9881,-4.8945,30.756,29.692,30.756,,35.5,-4.744,
2026-10-03 02:49:56,1075.0,between,1.2118,-0.1981,-0.9725,30.724,29.932,30.724,,35.5,-4.776,
2026-10-03 02:49:57,1076.0,between,0.68,-0.0004,0.0,32.098,30.264,32.098,,35.312,-3.214,
2026-10-03 02:49:58,1077.0,between,,,,32.0344,30.54,32.0344,,35.312,-3.2776,
2026-10-03 02:49:59,1078.0,between,,,,33.014,30.086,33.014,,35.187,-2.173,
2026-10-03 02:50:00,1079.0,between,,,,32.974,31.504,32.974,,35.187,-2.213,
2026-10-03 02:50:01,1080.0,between,,,,32.922,31.424,33.362,,35.0,-1.638,
2026-10-03 02:50:02,1081.0,between,,,,32.908,35.34,35.348,,35.0,0.348,
2026-10-03 02:50:03,1082.0,between,,,,32.872,32.62,33.078,,34.875,-1.797,
2026-10-03 02:50:04,1083.0,between,,,,32.9,32.14,32.9,,34.75,-1.85,
2026-10-03 02:50:05,1084.0,between,,,,32.838,32.274,32.9,,34.75,-1.85,
2026-10-03 02:50:06,1085.0,between,,,,32.754,30.9071,32.754,,34.625,-1.871,
2026-10-03 02:50:07,1086.0,between,,,,32.69,30.694,32.69,,34.625,-1.935,
2026-10-03 02:50:08,1087.0,between,,,,32.736,30.87,32.736,,34.5,-1.764,
2026-10-03 02:50:09,1088.0,between,,,,32.67,31.22,32.67,,34.5,-1.83,
2026-10-03 02:50:10,1089.0,between,,,,32.668,31.374,32.668,,34.375,-1.707,
2026-10-03 02:50:11,1090.0,between,,,,32.722,31.036,32.722,,34.375,-1.653,
2026-10-03 02:50:12,1091.0,between,,,,32.576,30.222,32.576,,34.25,-1.674,
2026-10-03 02:50:13,1092.0,between,,,,32.592,30.736,32.592,,34.187,-1.595,
2026-10-03 02:50:14,1093.0,between,,,,32.556,31.002,32.556,,34.187,-1.631,
2026-10-03 02:50:15,1094.0,between,,,,32.51,31.106,32.51,,34.062,-1.552,
2026-10-03 02:50:16,1095.0,between,,,,32.546,31.148,32.546,,34.062,-1.516,
2026-10-03 02:50:17,1096.0,between,,,,32.442,31.138,32.442,,34.0,-1.558,
2026-10-03 02:50:18,1097.0,between,,,,32.438,31.048,32.438,,34.0,-1.562,
2026-10-03 02:50:19,1098.0,between,,,,32.522,31.188,32.522,,33.875,-1.353,
2026-10-03 02:50:20,1099.0,between,,,,32.408,31.242,32.408,,33.812,-1.404,
2026-10-03 02:50:21,1100.0,between,,,,32.378,31.14,32.378,,33.812,-1.434,
2026-10-03 02:50:22,1101.0,between,,,,32.342,31.244,32.342,,33.687,-1.345,
2026-10-03 02:50:23,1102.0,between,,,,32.36,31.228,32.36,,33.687,-1.327,
2026-10-03 02:50:24,1103.0,between,,,,32.32,31.434,32.32,,33.625,-1.305,
2026-10-03 02:50:25,1104.0,between,,,,32.25,31.22,32.25,,33.625,-1.375,
2026-10-03 02:50:26,1105.0,between,,,,32.348,31.264,32.348,,33.5,-1.152,
2026-10-03 02:50:27,1106.0,between,,,,32.274,30.194,32.274,,33.5,-1.226,
2026-10-03 02:50:28,1107.0,between,,,,32.242,30.504,32.242,,33.437,-1.195,
2026-10-03 02:50:29,1108.0,between,,,,32.274,30.542,32.274,,33.375,-1.101,
2026-10-03 02:50:30,1109.0,between,,,,32.222,30.616,32.222,,33.375,-1.153,
2026-10-03 02:50:31,1110.0,between,,,,32.18,30.74,32.18,,33.25,-1.07,
2026-10-03 02:50:32,1111.0,between,,,,32.248,30.632,32.248,,33.25,-1.002,
2026-10-03 02:50:33,1112.0,between,,,,32.18,30.778,32.18,,33.187,-1.007,
2026-10-03 02:50:34,1113.0,between,,,,32.172,30.8,32.172,,33.187,-1.015,
2026-10-03 02:50:35,1114.0,between,,,,32.1,30.826,32.1,,33.125,-1.025,
2026-10-03 02:50:36,1115.0,between,,,,32.082,30.976,32.082,,33.125,-1.043,
2026-10-03 02:50:37,1116.0,between,,,,32.028,30.858,32.028,,33.0,-0.972,
2026-10-03 02:50:38,1117.0,between,,,,32.02,30.968,32.02,,32.937,-0.917,
2026-10-03 02:50:39,1118.0,between,,,,32.002,30.854,32.002,,32.937,-0.935,
2026-10-03 02:50:40,1119.0,between,,,,31.992,30.868,31.992,,32.875,-0.883,
2026-10-03 02:50:41,1120.0,between,,,,31.912,30.866,31.912,,32.875,-0.963,
2026-10-03 02:50:42,1121.0,between,,,,31.906,30.796,31.906,,32.812,-0.906,
2026-10-03 02:50:43,1122.0,between,,,,31.916,30.866,31.916,,32.812,-0.896,
2026-10-03 02:50:44,1123.0,between,,,,31.914,30.79,31.914,,32.75,-0.836,
2026-10-03 02:50:45,1124.0,between,,,,31.976,30.804,31.976,,32.75,-0.774,
2026-10-03 02:50:46,1125.0,between,,,,31.874,30.784,31.874,,32.625,-0.751,
2026-10-03 02:50:47,1126.0,between,,,,31.806,30.8,31.806,,32.625,-0.819,
2026-10-03 02:50:48,1127.0,between,,,,31.838,30.714,31.838,,32.625,-0.787,
2026-10-03 02:50:49,1128.0,between,,,,31.72,30.726,31.72,,32.5,-0.78,
2026-10-03 02:50:50,1129.0,between,,,,31.752,30.626,31.752,,32.5,-0.748,
2026-10-03 02:50:51,1130.0,between,,,,31.724,30.698,31.724,,32.437,-0.713,
2026-10-03 02:50:52,1131.0,between,,,,31.666,30.654,31.666,,32.437,-0.771,
2026-10-03 02:50:53,1132.0,between,,,,31.664,30.722,31.664,,32.375,-0.711,
2026-10-03 02:50:54,1133.0,between,,,,31.648,30.58,31.648,,32.375,-0.727,
2026-10-03 02:50:55,1134.0,between,,,,31.668,30.526,31.668,,32.312,-0.644,
2026-10-03 02:50:56,1135.0,between,,,,31.608,30.494,31.608,,32.25,-0.642,
2026-10-03 02:50:57,1136.0,between,,,,31.518,30.538,31.518,,32.25,-0.732,
2026-10-03 02:50:58,1137.0,between,,,,31.6,30.518,31.6,,32.187,-0.587,
2026-10-03 02:50:59,1138.0,between,,,,31.446,30.444,31.446,,32.187,-0.741,
2026-10-03 02:51:00,1139.0,between,,,,31.482,30.326,31.482,,32.125,-0.643,
2026-10-03 02:51:01,1140.0,between,,,,31.44,30.332,31.44,,32.125,-0.685,
2026-10-03 02:51:02,1141.0,between,,,,31.458,30.43,31.458,,32.062,-0.604,
2026-10-03 02:51:03,1142.0,between,,,,31.418,30.276,31.418,,32.062,-0.644,
2026-10-03 02:51:04,1143.0,between,,,,31.414,30.356,31.414,,32.0,-0.586,
2026-10-03 02:51:05,1144.0,between,,,,31.332,30.408,31.332,,31.937,-0.605,
2026-10-03 02:51:06,1145.0,between,,,,31.278,30.354,31.278,,31.937,-0.659,
2026-10-03 02:51:07,1146.0,between,,,,31.406,30.332,31.406,,31.875,-0.469,
2026-10-03 02:51:08,1147.0,between,,,,31.294,30.242,31.294,,31.875,-0.581,
2026-10-03 02:51:09,1148.0,between,,,,31.248,30.294,31.248,,31.812,-0.564,
2026-10-03 02:51:10,1149.0,between,,,,31.168,30.324,31.168,,31.812,-0.644,
2026-10-03 02:51:11,1150.0,between,,,,31.194,30.238,31.194,,31.812,-0.618,
2026-10-03 02:51:12,1151.0,between,,,,31.142,30.144,31.142,,31.75,-0.608,
2026-10-03 02:51:13,1152.0,between,,,,31.148,30.14,31.148,,31.75,-0.602,
2026-10-03 02:51:14,1153.0,between,,,,30.962,30.064,30.962,,31.687,-0.725,
2026-10-03 02:51:15,1154.0,between,,,,31.15,30.134,31.15,,31.687,-0.537,
2026-10-03 02:51:16,1155.0,between,,,,31.108,30.01,31.108,,31.625,-0.517,
2026-10-03 02:51:17,1156.0,between,,,,31.074,30.082,31.074,,31.625,-0.551,
2026-10-03 02:51:18,1157.0,between,,,,31.104,30.028,31.104,,31.625,-0.521,
2026-10-03 02:51:19,1158.0,between,,,,30.988,30.054,30.988,,31.625,-0.637,
2026-10-03 02:51:20,1159.0,between,,,,31.026,30.034,31.026,,31.562,-0.536,
2026-10-03 02:51:21,1160.0,between,,,,30.996,29.912,30.996,,31.5,-0.504,
2026-10-03 02:51:22,1161.0,between,,,,31.0,29.946,31.0,,31.5,-0.5,
2026-10-03 02:51:23,1162.0,between,,,,30.954,29.962,30.954,,31.437,-0.483,
2026-10-03 02:51:24,1163.0,between,,,,31.024,29.986,31.024,,31.437,-0.413,
2026-10-03 02:51:25,1164.0,between,,,,30.992,29.928,30.992,,31.375,-0.383,
2026-10-03 02:51:26,1165.0,between,,,,31.012,29.908,31.012,,31.375,-0.363,
2026-10-03 02:51:27,1166.0,between,,,,30.95,29.942,30.95,,31.312,-0.362,
2026-10-03 02:51:28,1167.0,between,,,,30.91,29.868,30.91,,31.312,-0.402,
2026-10-03 02:51:29,1168.0,between,,,,30.876,29.806,30.876,,31.312,-0.436,
2026-10-03 02:51:30,1169.0,between,,,,30.874,29.824,30.874,,31.25,-0.376,
2026-10-03 02:51:31,1170.0,between,,,,30.878,29.762,30.878,,31.25,-0.372,
2026-10-03 02:51:32,1171.0,between,,,,30.912,29.756,30.912,,31.187,-0.275,
2026-10-03 02:51:33,1172.0,between,,,,30.86,29.698,30.86,,31.187,-0.327,
2026-10-03 02:51:34,1173.0,between,,,,30.822,29.606,30.822,,31.125,-0.303,
2026-10-03 02:51:35,1174.0,between,,,,30.928,29.564,30.928,,31.125,-0.197,
2026-10-03 02:51:36,1175.0,between,,,,30.794,29.55,30.794,,31.062,-0.268,
2026-10-03 02:51:37,1176.0,between,,,,30.76,29.552,30.76,,31.062,-0.302,
2026-10-03 02:51:38,1177.0,between,,,,30.762,29.582,30.762,,31.062,-0.3,
2026-10-03 02:51:39,1178.0,between,,,,30.784,29.57,30.784,,31.0,-0.216,
2026-10-03 02:51:40,1179.0,between,,,,30.706,29.502,30.706,,31.0,-0.294,
2026-10-03 02:51:41,1180.0,between,,,,30.76,29.608,30.76,,30.937,-0.177,
2026-10-03 02:51:42,1181.0,between,,,,30.636,29.504,30.636,,30.937,-0.301,
2026-10-03 02:51:43,1182.0,between,,,,30.682,29.566,30.682,,30.875,-0.193,
2026-10-03 02:51:44,1183.0,between,,,,30.684,29.55,30.684,,30.875,-0.191,
2026-10-03 02:51:45,1184.0,between,,,,30.682,29.524,30.682,,30.812,-0.13,
2026-10-03 02:51:46,1185.0,between,,,,30.666,29.554,30.666,,30.812,-0.146,
2026-10-03 02:51:47,1186.0,between,,,,30.666,29.602,30.666,,30.812,-0.146,
2026-10-03 02:51:48,1187.0,between,,,,30.674,29.498,30.674,,30.75,-0.076,
2026-10-03 02:51:49,1188.0,between,,,,30.634,29.566,30.634,,30.75,-0.116,
2026-10-03 02:51:50,1189.0,between,,,,30.64,29.598,30.64,,30.687,-0.047,
2026-10-03 02:51:51,1190.0,between,,,,30.6,29.452,30.6,,30.687,-0.087,
2026-10-03 02:51:52,1191.0,between,,,,30.522,29.452,30.522,,30.625,-0.103,
2026-10-03 02:51:53,1192.0,between,,,,30.554,29.502,30.554,,30.625,-0.071,
2026-10-03 02:51:54,1193.0,between,,,,30.548,29.416,30.548,,30.625,-0.077,
2026-10-03 02:51:55,1194.0,between,,,,30.578,29.412,30.578,,30.562,0.016,
2026-10-03 02:51:56,1195.0,between,,,,30.574,29.448,30.574,,30.562,0.012,
2026-10-03 02:51:57,1196.0,between,,,,30.5,29.388,30.5,,30.5,0.0,
2026-10-03 02:51:58,1197.0,between,,,,30.538,29.318,30.538,,30.5,0.038,
2026-10-03 02:51:59,1198.0,between,,,,30.558,29.458,30.558,,30.437,0.121,
2026-10-03 02:52:00,1199.0,between,,,,30.486,29.452,30.486,,30.437,0.049,
2026-10-03 02:52:01,1200.0,between,,,,30.486,29.354,30.486,,30.437,0.049,
2026-10-03 02:52:02,1201.0,between,,,,30.456,29.388,30.456,,30.437,0.019,
2026-10-03 02:52:03,1202.0,between,,,,30.442,29.316,30.442,,30.375,0.067,
2026-10-03 02:52:04,1203.0,between,,,,30.392,29.272,30.392,,30.312,0.08,
2026-10-03 02:52:05,1204.0,between,,,,30.43,29.262,30.43,,30.312,0.118,
2026-10-03 02:52:06,1205.0,between,,,,30.348,29.296,30.348,,30.312,0.036,
2026-10-03 02:52:07,1206.0,between,,,,30.274,29.154,30.274,,30.312,-0.038,
2026-10-03 02:52:08,1207.0,between,,,,30.31,29.226,30.31,,30.25,0.06,
2026-10-03 02:52:09,1208.0,between,,,,30.284,29.206,30.284,,30.25,0.034,
2026-10-03 02:52:10,1209.0,between,,,,30.27,29.188,30.27,,30.187,0.083,
2026-10-03 02:52:11,1210.0,between,,,,30.298,29.224,30.298,,30.187,0.111,
2026-10-03 02:52:12,1211.0,between,,,,30.236,29.234,30.236,,30.187,0.049,
2026-10-03 02:52:13,1212.0,between,,,,30.214,29.246,30.214,,30.125,0.089,
2026-10-03 02:52:14,1213.0,between,,,,30.306,29.19,30.306,,30.125,0.181,
2026-10-03 02:52:15,1214.0,between,,,,30.256,29.232,30.256,,30.062,0.194,
2026-10-03 02:52:16,1215.0,between,,,,30.194,29.232,30.194,,30.062,0.132,
2026-10-03 02:52:17,1216.0,between,,,,30.176,29.2,30.176,,30.062,0.114,
2026-10-03 02:52:18,1217.0,between,,,,30.136,29.162,30.136,,30.062,0.074,
2026-10-03 02:52:19,1218.0,between,,,,30.168,29.16,30.168,,30.0,0.168,
2026-10-03 02:52:20,1219.0,between,,,,30.066,29.144,30.066,,30.0,0.066,
2026-10-03 02:52:21,1220.0,between,,,,30.104,29.076,30.104,,29.937,0.167,
2026-10-03 02:52:22,1221.0,between,,,,30.058,29.072,30.058,,29.937,0.121,
2026-10-03 02:52:23,1222.0,between,,,,30.078,29.066,30.078,,29.937,0.141,
2026-10-03 02:52:24,1223.0,between,,,,30.092,29.06,30.092,,29.875,0.217,
2026-10-03 02:52:25,1224.0,between,,,,30.08,29.06,30.08,,29.875,0.205,
2026-10-03 02:52:26,1225.0,between,,,,30.012,28.994,30.012,,29.875,0.137,
2026-10-03 02:52:27,1226.0,between,,,,30.02,29.024,30.02,,29.875,0.145,
2026-10-03 02:52:28,1227.0,between,,,,30.102,29.034,30.102,,29.812,0.29,
2026-10-03 02:52:29,1228.0,between,,,,29.998,29.056,29.998,,29.812,0.186,
2026-10-03 02:52:30,1229.0,between,,,,30.11,29.0,30.11,,29.75,0.36,
2026-10-03 02:52:31,1230.0,between,,,,29.906,28.982,29.906,,29.75,0.156,
2026-10-03 02:52:32,1231.0,between,,,,29.942,28.922,29.942,,29.75,0.192,
2026-10-03 02:52:33,1232.0,between,,,,30.018,28.958,30.018,,29.687,0.331,
2026-10-03 02:52:34,1233.0,between,,,,29.956,28.944,29.956,,29.687,0.269,
2026-10-03 02:52:35,1234.0,between,,,,29.954,28.958,29.954,,29.625,0.329,
2026-10-03 02:52:36,1235.0,between,,,,29.924,28.93,29.924,,29.625,0.299,
2026-10-03 02:52:37,1236.0,between,,,,29.972,28.888,29.972,,29.625,0.347,
2026-10-03 02:52:38,1237.0,between,,,,29.91,28.894,29.91,,29.562,0.348,
2026-10-03 02:52:39,1238.0,between,,,,29.964,28.928,29.964,,29.562,0.402,
2026-10-03 02:52:40,1239.0,between,,,,29.912,28.882,29.912,,29.562,0.35,
2026-10-03 02:52:41,1240.0,between,,,,29.808,28.928,29.808,,29.562,0.246,
2026-10-03 02:52:42,1241.0,between,,,,29.744,28.902,29.744,,29.5,0.244,
2026-10-03 02:52:43,1242.0,between,,,,29.842,28.82,29.842,,29.5,0.342,
2026-10-03 02:52:44,1243.0,between,,,,29.868,28.81,29.868,,29.5,0.368,
2026-10-03 02:52:45,1244.0,between,,,,29.828,28.852,29.828,,29.5,0.328,
2026-10-03 02:52:46,1245.0,between,,,,29.852,28.764,29.852,,29.437,0.415,
2026-10-03 02:52:47,1246.0,between,,,,29.778,28.776,29.778,,29.437,0.341,
2026-10-03 02:52:48,1247.0,between,,,,29.776,28.81,29.776,,29.437,0.339,
2026-10-03 02:52:49,1248.0,between,,,,29.864,28.822,29.864,,29.375,0.489,
2026-10-03 02:52:50,1249.0,between,,,,29.754,28.896,29.754,,29.375,0.379,
2026-10-03 02:52:51,1250.0,between,,,,29.774,28.814,29.774,,29.312,0.462,
2026-10-03 02:52:52,1251.0,between,,,,29.712,28.868,29.712,,29.312,0.4,
2026-10-03 02:52:53,1252.0,between,,,,29.726,28.784,29.726,,29.312,0.414,
2026-10-03 02:52:54,1253.0,between,,,,29.75,28.808,29.75,,29.312,0.438,
2026-10-03 02:52:55,1254.0,between,,,,29.69,28.816,29.69,,29.312,0.378,
2026-10-03 02:52:56,1255.0,between,,,,29.706,28.842,29.706,,29.25,0.456,
2026-10-03 02:52:57,1256.0,between,,,,29.736,28.764,29.736,,29.25,0.486,
2026-10-03 02:52:58,1257.0,between,,,,29.676,28.752,29.676,,29.187,0.489,
2026-10-03 02:52:59,1258.0,between,,,,29.714,28.728,29.714,,29.187,0.527,
2026-10-03 02:53:00,1259.0,between,,,,29.676,28.856,29.676,,29.187,0.489,
2026-10-03 02:53:01,1260.0,between,,,,29.468,28.442,29.468,,29.187,0.281,
2026-10-03 02:53:02,1261.0,between,,,,29.482,28.552,29.482,,29.125,0.357,
2026-10-03 02:53:03,1262.0,between,,,,29.47,28.368,29.47,,29.125,0.345,
2026-10-03 02:53:04,1263.0,between,,,,29.45,28.362,29.456,,29.062,0.394,
2026-10-03 02:53:05,1264.0,between,,,,29.504,28.264,29.504,,29.062,0.442,
2026-10-03 02:53:06,1265.0,between,,,,29.364,28.062,29.364,,29.062,0.302,
2026-10-03 02:53:07,1266.0,between,,,,29.406,28.458,29.43,,29.0,0.43,
2026-10-03 02:53:08,1267.0,between,,,,29.336,28.574,29.336,,29.0,0.336,
2026-10-03 02:53:09,1268.0,between,,,,29.452,28.526,29.452,,29.0,0.452,
2026-10-03 02:53:10,1269.0,between,5.0475,-0.803,-4.055,29.476,28.492,29.476,,29.0,0.476,
2026-10-03 02:53:11,1270.0,between,5.0219,-0.9152,-4.5955,29.444,28.574,29.444,,29.0,0.444,
2026-10-03 02:53:12,1271.0,between,5.016,-0.9805,-4.918,29.252,27.972,29.252,,29.0,0.252,
2026-10-03 02:53:13,1272.0,between,5.0134,-0.9875,-4.9515,29.43,28.304,29.43,,28.937,0.493,
2026-10-03 02:53:14,1273.0,between,5.0155,-0.9884,-4.9605,29.39,28.554,29.39,,28.937,0.453,
2026-10-03 02:53:15,1274.0,between,5.0261,-0.9889,-4.9715,29.414,27.998,29.414,,28.937,0.477,
2026-10-03 02:53:16,1275.0,between,5.0321,-0.989,-4.9765,29.416,28.526,29.416,,28.875,0.541,
2026-10-03 02:53:17,1276.0,between,5.0158,-0.9889,-4.961,29.302,28.442,29.302,,28.875,0.427,
2026-10-03 02:53:18,1277.0,between,5.0077,-0.9887,-4.9515,29.192,28.556,29.192,,28.875,0.317,
2026-10-03 02:53:19,1278.0,between,5.012,-0.989,-4.958,29.222,28.424,29.222,,28.875,0.347,
2026-10-03 02:53:20,1279.0,between,5.0165,-0.9888,-4.9615,29.254,28.418,29.254,,28.812,0.442,
2026-10-03 02:53:21,1280.0,between,5.0288,-0.9891,-4.976,29.232,28.564,29.266,,28.75,0.516,
2026-10-03 02:53:22,1281.0,between,5.0191,-0.9887,-4.964,29.248,28.676,29.252,,28.75,0.502,
2026-10-03 02:53:23,1282.0,between,5.0251,-0.989,-4.971,29.168,28.542,29.188,,28.75,0.438,
2026-10-03 02:53:24,1283.0,between,5.0421,-0.9888,-4.986,29.112,28.59,29.14,,28.75,0.39,
2026-10-03 02:53:25,1284.0,between,5.0325,-0.9892,-4.979,29.14,28.638,29.154,,28.687,0.467,
2026-10-03 02:53:26,1285.0,between,5.0039,-0.989,-4.949,29.186,28.398,29.186,,28.687,0.499,
2026-10-03 02:53:27,1286.0,between,5.0326,-0.9898,-4.9825,29.15,28.246,29.158,,28.687,0.471,
2026-10-03 02:53:28,1287.0,between,5.0381,-0.9895,-4.9855,29.086,28.426,29.112,,28.687,0.425,
2026-10-03 02:53:29,1288.0,between,5.0385,-0.9892,-4.985,29.13,28.332,29.13,,28.687,0.443,
2026-10-03 02:53:30,1289.0,between,5.0385,-0.9889,-4.984,28.962,28.35,28.986,,28.625,0.361,
2026-10-03 02:53:31,1290.0,between,5.035,-0.9892,-4.981,29.006,28.5,29.024,,28.625,0.399,
2026-10-03 02:53:32,1291.0,between,5.0215,-0.9889,-4.967,29.044,28.32,29.044,,28.625,0.419,
2026-10-03 02:53:33,1292.0,between,5.0331,-0.9894,-4.9795,29.034,28.37,29.042,,28.625,0.417,
2026-10-03 02:53:34,1293.0,between,5.0386,-0.989,-4.983,29.03,28.208,29.066,,28.562,0.504,
2026-10-03 02:53:35,1294.0,between,5.031,-0.9893,-4.9775,28.936,28.156,28.976,,28.562,0.414,
2026-10-03 02:53:36,1295.0,between,5.017,-0.9891,-4.9635,28.974,28.494,28.992,,28.562,0.43,
2026-10-03 02:53:37,1296.0,between,5.029,-0.9892,-4.976,28.922,28.526,28.944,,28.562,0.382,
2026-10-03 02:53:38,1297.0,between,5.023,-0.9892,-4.97,28.906,28.342,28.94,,28.562,0.378,
2026-10-03 02:53:39,1298.0,between,5.0196,-0.989,-4.9645,28.94,28.432,28.94,,28.5,0.44,
2026-10-03 02:53:40,1299.0,between,5.0125,-0.9891,-4.9585,28.91,28.458,28.924,,28.5,0.424,
2026-10-03 02:53:41,1300.0,between,5.0364,-0.9895,-4.9835,28.924,28.342,28.924,,28.5,0.424,
2026-10-03 02:53:42,1301.0,between,5.0336,-0.9892,-4.98,28.878,28.106,28.924,,28.5,0.424,
2026-10-03 02:53:43,1302.0,between,5.0183,-0.9888,-4.963,28.69,28.31,28.718,,28.5,0.218,
2026-10-03 02:53:44,1303.0,between,5.0306,-0.9887,-4.9745,28.78,28.448,28.78,,28.5,0.28,
2026-10-03 02:53:45,1304.0,between,5.0156,-0.9889,-4.96,28.854,28.36,28.854,,28.437,0.417,
2026-10-03 02:53:46,1305.0,between,5.0029,-0.9891,-4.9485,28.822,28.184,28.822,,28.437,0.385,
2026-10-03 02:53:47,1306.0,between,5.0281,-0.9889,-4.9735,28.88,27.918,28.88,,28.437,0.443,
2026-10-03 02:53:48,1307.0,between,5.0288,-0.9889,-4.9745,28.914,28.358,28.914,,28.375,0.539,
2026-10-03 02:53:49,1308.0,between,5.0291,-0.9893,-4.975,28.702,28.274,28.734,,28.375,0.359,
2026-10-03 02:53:50,1309.0,between,5.0241,-0.9891,-4.97,28.752,28.12,28.758,,28.375,0.383,
2026-10-03 02:53:51,1310.0,between,5.0215,-0.9894,-4.968,28.824,27.798,28.84,,28.375,0.465,
2026-10-03 02:53:52,1311.0,between,5.0195,-0.9892,-4.9665,28.768,28.086,28.772,,28.312,0.46,
2026-10-03 02:53:53,1312.0,between,5.0154,-0.9893,-4.9625,28.68,28.274,28.716,,28.312,0.404,
2026-10-03 02:53:54,1313.0,between,5.0205,-0.9896,-4.968,28.76,28.154,28.76,,28.312,0.448,
2026-10-03 02:53:55,1314.0,between,5.0281,-0.9894,-4.975,28.534,28.074,28.634,,28.312,0.322,
2026-10-03 02:53:56,1315.0,between,5.0386,-0.9892,-4.9845,28.484,28.332,28.62,,28.312,0.308,
2026-10-03 02:53:57,1316.0,between,5.0188,-0.9893,-4.9665,28.702,28.18,28.776,,28.25,0.526,
2026-10-03 02:53:58,1317.0,between,5.042,-0.9893,-4.9875,28.65,28.08,28.694,,28.25,0.444,
2026-10-03 02:53:59,1318.0,between,5.0327,-0.9893,-4.9805,28.698,28.1,28.77,,28.25,0.52,
2026-10-03 02:54:00,1319.0,between,5.0253,-0.9893,-4.9725,28.666,28.112,28.712,,28.25,0.462,
2026-10-03 02:54:01,1320.0,between,5.0461,-0.9891,-4.991,28.698,28.164,28.718,,28.187,0.531,
2026-10-03 02:54:02,1321.0,between,5.0463,-0.9895,-4.993,28.674,28.222,28.678,,28.187,0.491,
2026-10-03 02:54:03,1322.0,between,5.0476,-0.989,-4.991,28.718,28.13,28.718,,28.187,0.531,
2026-10-03 02:54:04,1323.0,between,5.05,-0.9889,-4.9925,28.712,27.626,28.712,,28.187,0.525,
2026-10-03 02:54:05,1324.0,between,5.0495,-0.9891,-4.9945,28.688,27.768,28.704,,28.187,0.517,
2026-10-03 02:54:06,1325.0,between,5.0519,-0.9892,-4.9965,28.78,28.222,28.78,,28.125,0.655,
2026-10-03 02:54:07,1326.0,between,5.0531,-0.9893,-4.998,28.65,28.01,28.718,,28.125,0.593,
2026-10-03 02:54:08,1327.0,between,5.0538,-0.9894,-4.999,28.686,28.144,28.732,,28.125,0.607,
2026-10-03 02:54:09,1328.0,between,5.0559,-0.9885,-4.9975,28.656,28.174,28.708,,28.125,0.583,
2026-10-03 02:54:10,1329.0,between,5.0536,-0.9886,-4.996,28.664,28.09,28.688,,28.125,0.563,
2026-10-03 02:54:11,1330.0,between,5.0533,-0.9894,-4.9995,28.716,28.174,28.742,,28.125,0.617,
2026-10-03 02:54:12,1331.0,between,5.0517,-0.989,-4.996,28.68,27.976,28.7,,28.125,0.575,
2026-10-03 02:54:13,1332.0,between,5.0516,-0.9892,-4.9965,28.71,28.16,28.73,,28.125,0.605,
2026-10-03 02:54:14,1333.0,between,5.0508,-0.9891,-4.994,28.662,28.21,28.748,,28.125,0.623,
2026-10-03 02:54:15,1334.0,between,5.0494,-0.9892,-4.994,28.716,28.226,28.716,,28.062,0.654,
2026-10-03 02:54:16,1335.0,between,5.047,-0.989,-4.99,28.65,27.974,28.65,,28.062,0.588,
2026-10-03 02:54:17,1336.0,between,5.0484,-0.9888,-4.991,28.722,28.174,28.722,,28.062,0.66,
2026-10-03 02:54:18,1337.0,between,5.0481,-0.9887,-4.99,28.72,28.232,28.72,,28.062,0.658,
2026-10-03 02:54:19,1338.0,between,5.047,-0.9893,-4.9925,28.704,28.186,28.704,,28.062,0.642,
2026-10-03 02:54:20,1339.0,between,5.0462,-0.989,-4.99,28.606,28.106,28.606,,28.062,0.544,
2026-10-03 02:54:21,1340.0,between,5.0455,-0.9888,-4.988,28.594,28.204,28.594,,28.0,0.594,
2026-10-03 02:54:22,1341.0,between,5.0468,-0.989,-4.992,28.676,28.192,28.676,,28.0,0.676,
2026-10-03 02:54:23,1342.0,between,5.0475,-0.9891,-4.993,28.64,28.344,28.64,,28.0,0.64,
2026-10-03 02:54:24,1343.0,between,5.0581,-0.9889,-5.001,28.552,28.18,28.552,,27.937,0.615,
2026-10-03 02:54:25,1344.0,between,5.059,-0.9887,-5.0005,28.528,27.936,28.532,,27.937,0.595,
2026-10-03 02:54:26,1345.0,between,5.0614,-0.9888,-5.005,28.496,28.07,28.554,,27.937,0.617,
2026-10-03 02:54:27,1346.0,between,5.0631,-0.9892,-5.008,28.514,27.846,28.54,,27.937,0.603,
2026-10-03 02:54:28,1347.0,between,5.0644,-0.9896,-5.0115,28.564,27.92,28.592,,27.937,0.655,
2026-10-03 02:54:29,1348.0,heat,5.07,-0.9896,-5.017,28.472,28.33,28.548,,27.937,0.611,
2026-10-03 02:54:30,1349.0,heat,5.0745,-0.9892,-5.0205,28.43,28.404,28.672,,27.875,0.797,
2026-10-03 02:54:31,1350.0,heat,5.0766,-0.9896,-5.024,28.66,28.57,28.808,,27.875,0.933,
2026-10-03 02:54:32,1351.0,heat,5.0742,-0.9896,-5.022,28.768,28.536,28.876,,27.875,1.001,
2026-10-03 02:54:33,1352.0,heat,5.0738,-0.9895,-5.02,28.8,28.682,28.87,,27.875,0.995,
2026-10-03 02:54:34,1353.0,heat,5.0766,-0.9896,-5.0245,28.828,28.726,28.9,,27.875,1.025,
2026-10-03 02:54:35,1354.0,heat,5.0775,-0.9896,-5.024,28.986,28.988,29.202,,27.875,1.327,
2026-10-03 02:54:36,1355.0,heat,5.0758,-0.9897,-5.024,29.056,29.292,29.352,,27.875,1.477,
2026-10-03 02:54:37,1356.0,heat,5.0738,-0.9895,-5.021,29.31,29.454,29.556,,27.812,1.744,
2026-10-03 02:54:38,1357.0,heat,5.0724,-0.9898,-5.021,29.282,29.544,29.604,,27.812,1.792,
2026-10-03 02:54:39,1358.0,heat,5.0706,-0.9893,-5.016,29.412,29.81,29.84,,27.812,2.028,
2026-10-03 02:54:40,1359.0,heat,5.071,-0.9894,-5.0175,29.702,30.24,30.24,,27.812,2.428,
2026-10-03 02:54:41,1360.0,heat,5.0693,-0.9897,-5.017,29.59,29.906,29.912,,27.812,2.1,
2026-10-03 02:54:42,1361.0,heat,5.0693,-0.9898,-5.018,29.424,29.946,29.946,,27.812,2.134,
2026-10-03 02:54:43,1362.0,heat,5.0684,-0.9897,-5.0175,29.406,29.732,29.732,,27.812,1.92,
2026-10-03 02:54:44,1363.0,heat,5.0685,-0.9894,-5.0145,29.448,29.654,29.66,,27.812,1.848,
2026-10-03 02:54:45,1364.0,heat,5.069,-0.9898,-5.017,29.29,29.602,29.602,,27.812,1.79,
2026-10-03 02:54:46,1365.0,heat,5.0684,-0.9894,-5.015,29.24,29.458,29.462,,27.812,1.65,
2026-10-03 02:54:47,1366.0,heat,5.0698,-0.989,-5.014,29.194,29.326,29.374,,27.812,1.562,
2026-10-03 02:54:48,1367.0,heat,5.0672,-0.9893,-5.0125,29.18,29.374,29.404,,27.812,1.592,
2026-10-03 02:54:49,1368.0,heat,5.0674,-0.9899,-5.016,29.502,29.928,29.932,,27.812,2.12,
2026-10-03 02:54:50,1369.0,heat,5.0673,-0.9894,-5.0145,29.534,29.832,29.846,,27.812,2.034,
2026-10-03 02:54:51,1370.0,heat,5.0675,-0.9892,-5.014,29.846,30.106,30.126,,27.812,2.314,
2026-10-03 02:54:52,1371.0,heat,5.0669,-0.9891,-5.012,30.358,30.536,30.574,,27.812,2.762,
2026-10-03 02:54:53,1372.0,heat,5.0651,-0.9895,-5.011,30.908,30.93,31.014,,27.875,3.139,
2026-10-03 02:54:54,1373.0,heat,5.0654,-0.9895,-5.011,31.186,31.156,31.282,,27.875,3.407,
2026-10-03 02:54:55,1374.0,heat,5.0647,-0.9892,-5.0105,31.262,31.31,31.378,,27.875,3.503,
2026-10-03 02:54:56,1375.0,heat,5.0656,-0.9893,-5.0105,31.374,31.426,31.51,,27.875,3.635,
2026-10-03 02:54:57,1376.0,heat,5.0646,-0.9897,-5.0125,31.706,31.674,31.832,,27.937,3.895,
2026-10-03 02:54:58,1377.0,heat,5.0654,-0.9893,-5.012,31.856,31.844,31.944,,28.062,3.882,
2026-10-03 02:54:59,1378.0,heat,5.0638,-0.9896,-5.0105,32.27,32.106,32.306,,28.062,4.244,
2026-10-03 02:55:00,1379.0,heat,5.0647,-0.9888,-5.008,32.432,32.45,32.56,,28.125,4.435,
2026-10-03 02:55:01,1380.0,heat,5.0646,-0.9892,-5.0095,32.562,32.58,32.656,,28.125,4.531,
2026-10-03 02:55:02,1381.0,heat,5.0644,-0.9896,-5.011,32.832,32.832,32.858,,28.25,4.608,
2026-10-03 02:55:03,1382.0,heat,5.0662,-0.9892,-5.0115,32.916,33.09,33.092,,28.25,4.842,
2026-10-03 02:55:04,1383.0,heat,5.0662,-0.989,-5.0105,33.024,33.238,33.25,,28.375,4.875,
2026-10-03 02:55:05,1384.0,heat,5.068,-0.9889,-5.0115,33.184,33.452,33.474,,28.437,5.037,
2026-10-03 02:55:06,1385.0,heat,5.0671,-0.9891,-5.012,33.288,33.54,33.54,,28.437,5.103,
2026-10-03 02:55:07,1386.0,heat,5.0678,-0.9892,-5.013,33.668,33.776,33.814,,28.562,5.252,
2026-10-03 02:55:08,1387.0,heat,5.0674,-0.989,-5.012,33.77,33.996,34.034,,28.562,5.472,
2026-10-03 02:55:09,1388.0,heat,5.0695,-0.9889,-5.0115,33.998,34.306,34.336,,28.625,5.711,
2026-10-03 02:55:10,1389.0,heat,5.0702,-0.9884,-5.011,34.156,34.624,34.624,,28.625,5.999,
2026-10-03 02:55:11,1390.0,heat,5.0681,-0.9885,-5.0095,34.544,35.236,35.236,,28.75,6.486,
2026-10-03 02:55:12,1391.0,heat,5.0667,-0.9886,-5.0095,34.558,35.872,35.872,,28.75,7.122,
2026-10-03 02:55:13,1392.0,heat,5.0646,-0.9887,-5.0085,34.768,36.352,36.352,,28.937,7.415,
2026-10-03 02:55:14,1393.0,heat,5.0654,-0.9883,-5.0065,35.19,36.832,36.832,,29.25,7.582,
2026-10-03 02:55:15,1394.0,heat,5.0641,-0.9885,-5.0055,35.406,37.674,37.674,,29.25,8.424,
2026-10-03 02:55:16,1395.0,heat,5.0649,-0.9881,-5.0045,35.826,38.38,38.38,,29.562,8.818,
2026-10-03 02:55:17,1396.0,heat,5.0647,-0.9877,-5.002,35.864,38.762,38.762,,29.562,9.2,
2026-10-03 02:55:18,1397.0,heat,5.0645,-0.9879,-5.0025,36.234,39.27,39.27,,29.812,9.458,
2026-10-03 02:55:19,1398.0,heat,5.0649,-0.9881,-5.0035,36.16,39.3,39.3,,29.812,9.488,
2026-10-03 02:55:20,1399.0,heat,5.0637,-0.9885,-5.0045,36.082,38.538,38.538,,30.125,8.413,
2026-10-03 02:55:21,1400.0,heat,5.0635,-0.9885,-5.0045,35.928,38.014,38.014,,30.125,7.889,
2026-10-03 02:55:22,1401.0,heat,5.0619,-0.9885,-5.0035,35.566,37.422,37.422,,30.312,7.11,
2026-10-03 02:55:23,1402.0,heat,5.0621,-0.9884,-5.004,35.182,36.966,36.966,,30.437,6.529,
2026-10-03 02:55:24,1403.0,heat,5.0609,-0.9886,-5.0035,34.918,36.5,36.5,,30.437,6.063,
2026-10-03 02:55:25,1404.0,heat,5.0617,-0.9885,-5.004,34.538,36.098,36.098,,30.5,5.598,
2026-10-03 02:55:26,1405.0,heat,5.0614,-0.9882,-5.001,34.18,35.598,35.598,,30.5,5.098,
2026-10-03 02:55:27,1406.0,heat,5.0602,-0.9884,-5.002,33.972,35.334,35.334,,30.5,4.834,
2026-10-03 02:55:28,1407.0,heat,5.0597,-0.9887,-5.0015,33.604,35.104,35.104,,30.5,4.604,
2026-10-03 02:55:29,1408.0,heat,5.0594,-0.9883,-4.9995,33.4,34.824,34.824,,30.5,4.324,
2026-10-03 02:55:30,1409.0,heat,5.0604,-0.9885,-5.0015,33.286,34.492,34.492,,30.5,3.992,
2026-10-03 02:55:31,1410.0,heat,5.059,-0.9886,-5.0015,33.148,34.204,34.204,,30.5,3.704,
2026-10-03 02:55:32,1411.0,heat,5.0577,-0.9887,-5.0,32.908,33.874,33.874,,30.5,3.374,
2026-10-03 02:55:33,1412.0,heat,5.0494,-0.9886,-4.9905,32.746,33.67,33.67,,30.5,3.17,
2026-10-03 02:55:34,1413.0,heat,5.0426,-0.9886,-4.986,32.614,33.746,33.746,,30.437,3.309,
2026-10-03 02:55:35,1414.0,heat,5.0459,-0.9884,-4.988,32.666,33.87,33.87,,30.437,3.433,
2026-10-03 02:55:36,1415.0,heat,5.0605,-0.9884,-5.0025,32.656,34.032,34.032,,30.437,3.595,
2026-10-03 02:55:37,1416.0,heat,5.0648,-0.9891,-5.0105,32.778,34.24,34.24,,30.437,3.803,
2026-10-03 02:55:38,1417.0,heat,5.0655,-0.9887,-5.0075,33.104,34.598,34.598,,30.437,4.161,
2026-10-03 02:55:39,1418.0,heat,5.0679,-0.9889,-5.0115,33.274,34.558,34.558,,30.437,4.121,
2026-10-03 02:55:40,1419.0,heat,5.0641,-0.989,-5.008,33.692,34.81,34.81,,30.562,4.248,
2026-10-03 02:55:41,1420.0,heat,5.0638,-0.9889,-5.008,33.928,35.38,35.38,,30.625,4.755,
2026-10-03 02:55:42,1421.0,heat,5.0631,-0.9888,-5.0065,34.05,35.55,35.55,,30.625,4.925,
2026-10-03 02:55:43,1422.0,heat,5.0636,-0.9888,-5.0065,34.27,35.604,35.604,,30.75,4.854,
2026-10-03 02:55:44,1423.0,heat,5.0641,-0.9885,-5.006,34.344,35.676,35.676,,30.75,4.926,
2026-10-03 02:55:45,1424.0,heat,5.0637,-0.9887,-5.005,34.474,35.88,35.88,,30.875,5.005,
2026-10-03 02:55:46,1425.0,heat,5.0641,-0.9886,-5.006,34.67,36.03,36.03,,30.875,5.155,
2026-10-03 02:55:47,1426.0,heat,5.061,-0.9887,-5.0035,34.762,36.17,36.17,,31.0,5.17,
2026-10-03 02:55:48,1427.0,heat,5.0589,-0.9889,-5.0025,34.832,36.218,36.218,,31.0,5.218,
2026-10-03 02:55:49,1428.0,heat,5.0565,-0.9886,-4.998,34.872,36.208,36.208,,31.125,5.083,
2026-10-03 02:55:50,1429.0,heat,5.045,-0.9886,-4.9865,34.98,36.224,36.224,,31.25,4.974,
2026-10-03 02:55:51,1430.0,heat,5.0457,-0.9883,-4.9875,34.89,36.136,36.136,,31.25,4.886,
2026-10-03 02:55:52,1431.0,heat,5.046,-0.9888,-4.989,35.014,35.956,35.956,,31.312,4.644,
2026-10-03 02:55:53,1432.0,heat,5.0426,-0.9888,-4.9865,34.974,35.826,35.826,,31.312,4.514,
2026-10-03 02:55:54,1433.0,heat,5.0592,-0.9886,-5.001,35.13,35.85,35.85,,31.437,4.413,
2026-10-03 02:55:55,1434.0,heat,5.0583,-0.9885,-5.0,35.17,35.932,35.932,,31.437,4.495,
2026-10-03 02:55:56,1435.0,heat,5.053,-0.9884,-4.994,35.23,36.056,36.056,,31.562,4.494,
2026-10-03 02:55:57,1436.0,heat,5.0504,-0.9886,-4.992,35.378,36.182,36.182,,31.687,4.495,
2026-10-03 02:55:58,1437.0,heat,5.0474,-0.989,-4.991,35.406,36.74,36.74,,31.687,5.053,
2026-10-03 02:55:59,1438.0,heat,5.0448,-0.9888,-4.989,35.522,36.97,36.97,,31.812,5.158,
2026-10-03 02:56:00,1439.0,heat,5.0585,-0.9882,-4.9985,35.434,37.002,37.002,,31.812,5.19,
2026-10-03 02:56:01,1440.0,heat,5.0588,-0.9887,-5.002,35.648,36.744,36.744,,31.937,4.807,
2026-10-03 02:56:02,1441.0,heat,5.0519,-0.9887,-4.994,35.79,36.864,36.864,,31.937,4.927,
2026-10-03 02:56:03,1442.0,heat,5.046,-0.9884,-4.9865,35.806,36.768,36.768,,32.062,4.706,
2026-10-03 02:56:04,1443.0,heat,5.0403,-0.9882,-4.9815,35.87,36.852,36.852,,32.062,4.79,
2026-10-03 02:56:05,1444.0,heat,5.0574,-0.9882,-4.9975,35.872,36.864,36.864,,32.187,4.677,
2026-10-03 02:56:06,1445.0,heat,5.0572,-0.9884,-4.9985,35.86,36.714,36.714,,32.312,4.402,
2026-10-03 02:56:07,1446.0,heat,5.0458,-0.9885,-4.988,35.914,36.718,36.718,,32.312,4.406,
2026-10-03 02:56:08,1447.0,heat,5.0429,-0.9887,-4.9865,35.994,36.79,36.79,,32.437,4.353,
2026-10-03 02:56:09,1448.0,heat,5.0415,-0.9883,-4.9825,36.004,36.938,36.938,,32.437,4.501,
2026-10-03 02:56:10,1449.0,heat,5.0417,-0.9888,-4.9845,36.0,37.076,37.076,,32.562,4.514,
2026-10-03 02:56:11,1450.0,heat,5.0586,-0.9886,-4.9995,36.052,37.032,37.032,,32.562,4.47,
2026-10-03 02:56:12,1451.0,heat,5.0598,-0.9885,-5.001,36.116,37.096,37.096,,32.687,4.409,
2026-10-03 02:56:13,1452.0,heat,5.055,-0.9885,-4.997,36.152,37.142,37.142,,32.687,4.455,
2026-10-03 02:56:14,1453.0,heat,5.0485,-0.9881,-4.989,36.208,37.186,37.186,,32.812,4.374,
2026-10-03 02:56:15,1454.0,heat,5.0595,-0.9886,-5.0015,36.204,37.274,37.274,,32.875,4.399,
2026-10-03 02:56:16,1455.0,heat,5.0498,-0.988,-4.9895,36.222,37.176,37.176,,32.875,4.301,
2026-10-03 02:56:17,1456.0,heat,5.0414,-0.988,-4.981,36.174,37.062,37.062,,33.0,4.062,
2026-10-03 02:56:18,1457.0,heat,5.0411,-0.9882,-4.983,36.314,37.108,37.108,,33.0,4.108,
2026-10-03 02:56:19,1458.0,heat,5.0374,-0.9884,-4.979,36.356,37.064,37.086,,33.062,4.024,
2026-10-03 02:56:20,1459.0,heat,5.0564,-0.9885,-4.998,36.326,37.08,37.08,,33.062,4.018,
2026-10-03 02:56:21,1460.0,heat,5.0609,-0.9887,-5.0035,36.384,37.462,37.462,,33.125,4.337,
2026-10-03 02:56:22,1461.0,heat,5.0651,-0.9884,-5.0055,36.378,37.314,37.314,,33.125,4.189,
2026-10-03 02:56:23,1462.0,heat,5.0654,-0.9888,-5.009,36.408,37.37,37.37,,33.187,4.183,
2026-10-03 02:56:24,1463.0,heat,5.0665,-0.989,-5.01,36.494,37.234,37.234,,33.25,3.984,
2026-10-03 02:56:25,1464.0,heat,5.0655,-0.9887,-5.009,36.406,37.19,37.19,,33.25,3.94,
2026-10-03 02:56:26,1465.0,heat,5.0644,-0.9889,-5.0075,36.342,37.176,37.176,,33.312,3.864,
2026-10-03 02:56:27,1466.0,heat,5.0619,-0.9888,-5.005,36.468,37.156,37.156,,33.312,3.844,
2026-10-03 02:56:28,1467.0,heat,5.046,-0.9884,-4.9865,36.524,37.21,37.21,,33.375,3.835,
2026-10-03 02:56:29,1468.0,heat,5.0491,-0.9887,-4.9915,36.662,37.296,37.296,,33.375,3.921,
2026-10-03 02:56:30,1469.0,heat,5.0484,-0.9886,-4.991,36.552,37.334,37.334,,33.437,3.897,
2026-10-03 02:56:31,1470.0,heat,5.0441,-0.9886,-4.986,36.552,37.398,37.398,,33.437,3.961,
2026-10-03 02:56:32,1471.0,heat,5.0474,-0.9889,-4.992,36.672,37.52,37.52,,33.562,3.958,
2026-10-03 02:56:33,1472.0,heat,5.0456,-0.9886,-4.988,36.818,37.6,37.6,,33.625,3.975,
2026-10-03 02:56:34,1473.0,heat,5.0464,-0.9883,-4.988,36.952,37.612,37.612,,33.625,3.987,
2026-10-03 02:56:35,1474.0,heat,5.0596,-0.9885,-5.0005,37.066,37.78,37.78,,33.687,4.093,
2026-10-03 02:56:36,1475.0,heat,5.049,-0.9887,-4.9915,37.106,37.904,37.904,,33.687,4.217,
2026-10-03 02:56:37,1476.0,heat,5.047,-0.9886,-4.99,37.224,38.046,38.046,,33.812,4.234,
2026-10-03 02:56:38,1477.0,heat,5.0459,-0.9884,-4.9875,37.074,37.944,37.944,,33.812,4.132,
2026-10-03 02:56:39,1478.0,heat,5.045,-0.9887,-4.9875,37.182,38.1,38.1,,33.875,4.225,
2026-10-03 02:56:40,1479.0,heat,5.0391,-0.9887,-4.9815,37.22,38.102,38.102,,33.875,4.227,
2026-10-03 02:56:41,1480.0,heat,5.0525,-0.9889,-4.9955,37.244,38.11,38.11,,34.0,4.11,
2026-10-03 02:56:42,1481.0,heat,5.0518,-0.9888,-4.995,37.28,38.226,38.226,,34.062,4.164,
2026-10-03 02:56:43,1482.0,heat,5.042,-0.9888,-4.9855,37.308,38.262,38.262,,34.062,4.2,
2026-10-03 02:56:44,1483.0,heat,5.0394,-0.9891,-4.9845,37.382,38.166,38.166,,34.187,3.979,
2026-10-03 02:56:45,1484.0,heat,5.0532,-0.9888,-4.9975,37.296,38.168,38.168,,34.187,3.981,
2026-10-03 02:56:46,1485.0,heat,5.0473,-0.9888,-4.99,37.384,38.312,38.312,,34.25,4.062,
2026-10-03 02:56:47,1486.0,heat,5.0468,-0.9888,-4.9905,37.492,38.376,38.376,,34.25,4.126,
2026-10-03 02:56:48,1487.0,heat,5.0431,-0.9888,-4.9855,37.522,38.564,38.564,,34.312,4.252,
2026-10-03 02:56:49,1488.0,heat,5.0561,-0.9889,-5.0,37.652,38.816,38.816,,34.312,4.504,
2026-10-03 02:56:50,1489.0,heat,5.0553,-0.9886,-4.9975,37.634,38.734,38.734,,34.375,4.359,
2026-10-03 02:56:51,1490.0,heat,5.0491,-0.9887,-4.9925,37.53,39.012,39.012,,34.437,4.575,
2026-10-03 02:56:52,1491.0,heat,5.0504,-0.9885,-4.992,37.528,38.818,38.818,,34.437,4.381,
2026-10-03 02:56:53,1492.0,heat,5.0506,-0.9886,-4.9925,37.53,39.096,39.096,,34.5,4.596,
2026-10-03 02:56:54,1493.0,heat,5.0449,-0.9884,-4.987,37.508,39.162,39.162,,34.5,4.662,
2026-10-03 02:56:55,1494.0,heat,5.0426,-0.9886,-4.986,37.674,38.724,38.724,,34.562,4.162,
2026-10-03 02:56:56,1495.0,heat,5.0454,-0.9885,-4.9865,37.464,38.366,38.366,,34.562,3.804,
2026-10-03 02:56:57,1496.0,heat,5.0375,-0.9888,-4.981,37.298,38.226,38.226,,34.562,3.664,
2026-10-03 02:56:58,1497.0,heat,5.0545,-0.9887,-4.997,37.056,37.928,37.928,,34.562,3.366,
2026-10-03 02:56:59,1498.0,heat,5.0478,-0.9892,-4.9925,36.848,37.498,37.502,,34.562,2.94,
2026-10-03 02:57:00,1499.0,heat,5.045,-0.9886,-4.987,36.55,37.116,37.116,,34.5,2.616,
2026-10-03 02:57:01,1500.0,heat,5.0636,-0.9886,-5.006,36.322,36.92,36.92,,34.5,2.42,
2026-10-03 02:57:02,1501.0,heat,5.0734,-0.9885,-5.014,36.09,36.52,36.536,,34.437,2.099,
2026-10-03 02:57:03,1502.0,heat,5.0739,-0.9885,-5.015,35.756,36.21,36.226,,34.437,1.789,
2026-10-03 02:57:04,1503.0,heat,5.0698,-0.9884,-5.011,35.628,35.98,36.038,,34.375,1.663,
2026-10-03 02:57:05,1504.0,heat,5.0705,-0.9884,-5.012,35.46,35.81,35.856,,34.375,1.481,
2026-10-03 02:57:06,1505.0,heat,5.0694,-0.9883,-5.0105,35.338,35.5,35.546,,34.312,1.234,
2026-10-03 02:57:07,1506.0,heat,5.0712,-0.9887,-5.0135,35.212,35.394,35.468,,34.187,1.281,
2026-10-03 02:57:08,1507.0,heat,5.0703,-0.9888,-5.013,34.944,35.264,35.294,,34.187,1.107,
2026-10-03 02:57:09,1508.0,heat,5.0716,-0.9888,-5.014,34.866,35.198,35.206,,34.125,1.081,
2026-10-03 02:57:10,1509.0,heat,5.0709,-0.9888,-5.014,34.964,35.21,35.228,,34.125,1.103,
2026-10-03 02:57:11,1510.0,heat,5.0702,-0.9889,-5.0135,35.214,35.72,35.72,,34.0,1.72,
2026-10-03 02:57:12,1511.0,heat,5.0706,-0.9884,-5.011,35.278,36.086,36.086,,34.0,2.086,
2026-10-03 02:57:13,1512.0,heat,5.0703,-0.9887,-5.0135,35.53,36.47,36.47,,33.937,2.533,
2026-10-03 02:57:14,1513.0,heat,5.0714,-0.9884,-5.0115,35.836,36.584,36.584,,33.937,2.647,
2026-10-03 02:57:15,1514.0,heat,5.0719,-0.9884,-5.0125,36.232,36.888,36.888,,33.875,3.013,
2026-10-03 02:57:16,1515.0,heat,5.0739,-0.9884,-5.0155,36.308,37.182,37.182,,33.875,3.307,
2026-10-03 02:57:17,1516.0,heat,5.0733,-0.9885,-5.0155,36.29,37.184,37.184,,33.875,3.309,
2026-10-03 02:57:18,1517.0,heat,5.0749,-0.9889,-5.0185,36.336,37.146,37.146,,33.812,3.334,
2026-10-03 02:57:19,1518.0,heat,5.0752,-0.9884,-5.017,36.242,36.964,36.964,,33.812,3.152,
2026-10-03 02:57:20,1519.0,heat,5.0738,-0.9884,-5.0145,36.22,36.742,36.742,,33.812,2.93,
2026-10-03 02:57:21,1520.0,heat,5.0723,-0.9885,-5.014,36.196,36.458,36.506,,33.812,2.694,
2026-10-03 02:57:22,1521.0,heat,5.0739,-0.9886,-5.015,36.222,36.488,36.516,,33.75,2.766,
2026-10-03 02:57:23,1522.0,heat,5.0726,-0.9888,-5.0155,36.24,36.568,36.602,,33.75,2.852,
2026-10-03 02:57:24,1523.0,heat,5.0731,-0.9884,-5.014,36.146,36.67,36.67,,33.687,2.983,
2026-10-03 02:57:25,1524.0,heat,5.0761,-0.9881,-5.016,36.28,36.924,36.946,,33.625,3.321,
2026-10-03 02:57:26,1525.0,heat,5.0764,-0.9886,-5.019,36.222,37.418,37.418,,33.625,3.793,
2026-10-03 02:57:27,1526.0,heat,5.0754,-0.9887,-5.018,36.24,37.824,37.824,,33.562,4.262,
2026-10-03 02:57:28,1527.0,heat,5.0728,-0.9884,-5.0145,36.228,37.85,37.85,,33.562,4.288,
2026-10-03 02:57:29,1528.0,heat,5.0716,-0.9884,-5.012,36.104,37.816,37.816,,33.5,4.316,
2026-10-03 02:57:30,1529.0,heat,5.0721,-0.9883,-5.013,36.07,37.71,37.71,,33.5,4.21,
2026-10-03 02:57:31,1530.0,heat,5.0717,-0.9881,-5.0105,36.308,37.518,37.518,,33.5,4.018,
2026-10-03 02:57:32,1531.0,heat,5.0735,-0.9878,-5.0115,36.372,37.096,37.096,,33.5,3.596,
2026-10-03 02:57:33,1532.0,heat,5.0751,-0.9882,-5.015,36.25,36.78,36.78,,33.437,3.343,
2026-10-03 02:57:34,1533.0,heat,5.078,-0.9879,-5.017,36.108,36.244,36.328,,33.437,2.891,
2026-10-03 02:57:35,1534.0,heat,5.0059,-0.9877,-4.9435,36.242,36.27,36.444,,33.437,3.007,
2026-10-03 02:57:36,1535.0,heat,4.9819,-0.988,-4.923,36.006,36.942,36.942,,33.5,3.442,
2026-10-03 02:57:37,1536.0,heat,4.9935,-0.988,-4.9335,36.272,38.1,38.1,,33.5,4.6,
2026-10-03 02:57:38,1537.0,heat,4.988,-0.988,-4.928,36.6,39.57,39.57,,33.562,6.008,
2026-10-03 02:57:39,1538.0,heat,4.9841,-0.9881,-4.925,36.804,40.214,40.214,,33.562,6.652,
2026-10-03 02:57:40,1539.0,heat,5.0076,-0.9876,-4.9465,36.816,40.432,40.432,,33.687,6.745,
2026-10-03 02:57:41,1540.0,heat,4.9975,-0.9875,-4.9355,36.83,40.04,40.04,,33.687,6.353,
2026-10-03 02:57:42,1541.0,heat,4.9834,-0.9879,-4.9225,36.94,39.562,39.562,,33.875,5.687,
2026-10-03 02:57:43,1542.0,heat,5.0087,-0.9881,-4.948,36.724,39.312,39.312,,33.937,5.375,
2026-10-03 02:57:44,1543.0,heat,5.0254,-0.9879,-4.965,36.602,39.402,39.402,,33.937,5.465,
2026-10-03 02:57:45,1544.0,heat,5.0269,-0.9874,-4.964,36.46,39.43,39.43,,34.0,5.43,
2026-10-03 02:57:46,1545.0,heat,5.028,-0.9875,-4.9675,36.472,39.626,39.626,,34.0,5.626,
2026-10-03 02:57:47,1546.0,heat,5.0285,-0.9875,-4.967,36.526,40.014,40.014,,34.062,5.952,
2026-10-03 02:57:48,1547.0,heat,5.0285,-0.9876,-4.9675,37.03,41.71,41.71,,34.062,7.648,
2026-10-03 02:57:49,1548.0,heat,5.0279,-0.9876,-4.9675,37.43,43.074,43.074,,34.125,8.949,
2026-10-03 02:57:50,1549.0,heat,5.0289,-0.9875,-4.967,37.548,43.762,43.762,,34.125,9.637,
2026-10-03 02:57:51,1550.0,heat,5.0283,-0.9872,-4.964,38.09,44.416,44.416,,34.187,10.229,
2026-10-03 02:57:52,1551.0,heat,5.0295,-0.9876,-4.9685,38.148,44.452,44.452,,34.375,10.077,
2026-10-03 02:57:53,1552.0,heat,5.0278,-0.9875,-4.9665,38.114,44.122,44.122,,34.375,9.747,
2026-10-03 02:57:54,1553.0,heat,5.0273,-0.9877,-4.9665,38.112,43.98,43.98,,34.562,9.418,
2026-10-03 02:57:55,1554.0,heat,5.026,-0.9875,-4.965,38.1,43.876,43.876,,34.562,9.314,
2026-10-03 02:57:56,1555.0,heat,5.0251,-0.9876,-4.9645,38.056,43.732,43.732,,34.687,9.045,
2026-10-03 02:57:57,1556.0,heat,5.0251,-0.9876,-4.964,37.932,43.5,43.5,,34.687,8.813,
2026-10-03 02:57:58,1557.0,heat,5.0245,-0.9879,-4.965,37.868,43.244,43.244,,34.75,8.494,
2026-10-03 02:57:59,1558.0,heat,5.0265,-0.9873,-4.964,37.658,42.6,42.6,,34.812,7.788,
2026-10-03 02:58:00,1559.0,heat,5.0255,-0.9871,-4.9615,37.388,41.948,41.948,,34.812,7.136,
2026-10-03 02:58:01,1560.0,heat,5.0255,-0.9876,-4.965,37.38,41.288,41.288,,34.812,6.476,
2026-10-03 02:58:02,1561.0,heat,5.0232,-0.9877,-4.962,37.178,40.858,40.858,,34.812,6.046,
2026-10-03 02:58:03,1562.0,heat,5.0233,-0.9879,-4.964,37.04,40.37,40.37,,34.812,5.558,
2026-10-03 02:58:04,1563.0,heat,5.0233,-0.9876,-4.9625,36.868,40.004,40.004,,34.812,5.192,
2026-10-03 02:58:05,1564.0,heat,5.0208,-0.9874,-4.9575,36.626,39.68,39.68,,34.75,4.93,
2026-10-03 02:58:06,1565.0,heat,5.0212,-0.9872,-4.9585,36.408,39.308,39.308,,34.75,4.558,
2026-10-03 02:58:07,1566.0,heat,5.0217,-0.9874,-4.958,36.222,38.922,38.922,,34.687,4.235,
2026-10-03 02:58:08,1567.0,heat,5.0225,-0.9871,-4.9585,36.056,38.608,38.608,,34.625,3.983,
2026-10-03 02:58:09,1568.0,heat,5.021,-0.987,-4.955,36.106,38.484,38.484,,34.625,3.859,
2026-10-03 02:58:10,1569.0,heat,5.0204,-0.9874,-4.957,35.964,38.294,38.294,,34.625,3.669,
2026-10-03 02:58:11,1570.0,heat,5.0195,-0.9874,-4.9565,36.122,38.878,38.878,,34.625,4.253,
2026-10-03 02:58:12,1571.0,heat,5.0195,-0.9874,-4.9565,36.21,39.212,39.212,,34.562,4.65,
2026-10-03 02:58:13,1572.0,heat,5.0197,-0.9871,-4.9555,36.226,39.306,39.306,,34.562,4.744,
2026-10-03 02:58:14,1573.0,heat,5.0185,-0.9871,-4.954,36.442,39.666,39.666,,34.625,5.041,
2026-10-03 02:58:15,1574.0,heat,5.0171,-0.9871,-4.9535,36.574,39.99,39.99,,34.625,5.365,
2026-10-03 02:58:16,1575.0,heat,5.0091,-0.9865,-4.943,36.682,40.282,40.282,,34.625,5.657,
2026-10-03 02:58:17,1576.0,heat,4.9796,-0.9871,-4.913,36.716,40.412,40.412,,34.687,5.725,
2026-10-03 02:58:18,1577.0,heat,4.9598,-0.9869,-4.8955,36.668,40.46,40.46,,34.687,5.773,
2026-10-03 02:58:19,1578.0,heat,4.9684,-0.9871,-4.9045,36.728,40.566,40.566,,34.75,5.816,
2026-10-03 02:58:20,1579.0,heat,4.9983,-0.9865,-4.9315,36.716,40.506,40.506,,34.75,5.756,
2026-10-03 02:58:21,1580.0,heat,4.9901,-0.9863,-4.9215,36.736,40.218,40.218,,34.812,5.406,
2026-10-03 02:58:22,1581.0,heat,4.9845,-0.9865,-4.9165,36.618,40.214,40.214,,34.812,5.402,
2026-10-03 02:58:23,1582.0,heat,5.015,-0.9869,-4.95,36.556,40.162,40.162,,34.875,5.287,
2026-10-03 02:58:24,1583.0,heat,5.0153,-0.9864,-4.9475,36.668,40.064,40.064,,34.875,5.189,
2026-10-03 02:58:25,1584.0,heat,4.9725,-0.9865,-4.906,36.672,40.0,40.0,,34.875,5.125,
2026-10-03 02:58:26,1585.0,heat,5.0036,-0.9862,-4.9345,36.718,39.932,39.932,,34.937,4.995,
2026-10-03 02:58:27,1586.0,heat,4.9898,-0.9867,-4.9225,36.586,39.828,39.828,,34.937,4.891,
2026-10-03 02:58:28,1587.0,heat,4.9944,-0.9865,-4.9265,36.64,39.814,39.814,,35.0,4.814,
2026-10-03 02:58:29,1588.0,heat,5.0006,-0.9865,-4.9335,36.68,39.802,39.802,,35.0,4.802,
2026-10-03 02:58:30,1589.0,heat,5.0097,-0.9861,-4.9405,36.596,39.744,39.744,,35.062,4.682,
2026-10-03 02:58:31,1590.0,heat,5.002,-0.9867,-4.936,36.492,39.386,39.386,,35.062,4.324,
2026-10-03 02:58:32,1591.0,heat,5.001,-0.9869,-4.9355,36.466,39.324,39.324,,35.125,4.199,
2026-10-03 02:58:33,1592.0,heat,4.9992,-0.9864,-4.9315,36.348,39.16,39.16,,35.125,4.035,
2026-10-03 02:58:34,1593.0,heat,4.9894,-0.9865,-4.921,36.398,39.014,39.014,,35.187,3.827,
2026-10-03 02:58:35,1594.0,heat,4.9894,-0.9866,-4.9235,36.364,38.932,38.932,,35.25,3.682,
2026-10-03 02:58:36,1595.0,heat,4.9969,-0.9863,-4.927,36.224,38.834,38.834,,35.25,3.584,
2026-10-03 02:58:37,1596.0,heat,5.0074,-0.9863,-4.939,36.326,38.998,38.998,,35.312,3.686,
2026-10-03 02:58:38,1597.0,heat,4.9652,-0.987,-4.899,36.228,38.904,38.904,,35.312,3.592,
2026-10-03 02:58:39,1598.0,heat,4.9871,-0.9871,-4.9225,36.15,38.734,38.734,,35.375,3.359,
2026-10-03 02:58:40,1599.0,heat,4.9968,-0.9871,-4.9315,36.212,38.626,38.626,,35.375,3.251,
2026-10-03 02:58:41,1600.0,heat,4.977,-0.9869,-4.9105,36.052,38.564,38.564,,35.437,3.127,
2026-10-03 02:58:42,1601.0,heat,4.9687,-0.9863,-4.9015,36.084,38.556,38.556,,35.437,3.119,
2026-10-03 02:58:43,1602.0,heat,4.9728,-0.9868,-4.9075,35.966,38.45,38.45,,35.437,3.013,
2026-10-03 02:58:44,1603.0,heat,5.0181,-0.9868,-4.953,36.066,38.378,38.378,,35.5,2.878,
2026-10-03 02:58:45,1604.0,heat,5.0212,-0.987,-4.955,35.976,38.262,38.262,,35.5,2.762,
2026-10-03 02:58:46,1605.0,heat,5.0101,-0.987,-4.9455,35.892,38.178,38.178,,35.5,2.678,
2026-10-03 02:58:47,1606.0,heat,4.9896,-0.9868,-4.926,36.228,39.192,39.192,,35.5,3.692,
2026-10-03 02:58:48,1607.0,heat,4.9966,-0.9872,-4.934,36.34,40.012,40.012,,35.562,4.45,
2026-10-03 02:58:49,1608.0,heat,4.9925,-0.9871,-4.928,36.468,40.862,40.862,,35.562,5.3,
2026-10-03 02:58:50,1609.0,heat,5.0043,-0.9871,-4.9395,36.742,41.292,41.292,,35.562,5.73,
2026-10-03 02:58:51,1610.0,heat,4.9996,-0.9869,-4.9335,36.864,41.244,41.244,,35.625,5.619,
2026-10-03 02:58:52,1611.0,heat,5.0091,-0.9867,-4.943,36.806,41.13,41.13,,35.625,5.505,
2026-10-03 02:58:53,1612.0,heat,5.0038,-0.9869,-4.9395,36.758,41.018,41.018,,35.687,5.331,
2026-10-03 02:58:54,1613.0,heat,5.0046,-0.9863,-4.9375,36.692,40.926,40.926,,35.687,5.239,
2026-10-03 02:58:55,1614.0,heat,4.9953,-0.9867,-4.929,36.872,40.966,40.966,,35.687,5.279,
2026-10-03 02:58:56,1615.0,heat,5.0217,-0.9867,-4.955,37.01,40.984,40.984,,35.687,5.297,
2026-10-03 02:58:57,1616.0,heat,5.0113,-0.9864,-4.9435,36.974,40.898,40.898,,35.75,5.148,
2026-10-03 02:58:58,1617.0,heat,5.0146,-0.9866,-4.9485,37.15,40.682,40.682,,35.75,4.932,
2026-10-03 02:58:59,1618.0,heat,5.0245,-0.9864,-4.9565,37.146,40.606,40.606,,35.812,4.794,
2026-10-03 02:59:00,1619.0,heat,5.0279,-0.9863,-4.9595,37.244,40.466,40.466,,35.875,4.591,
2026-10-03 02:59:01,1620.0,heat,5.016,-0.9867,-4.95,37.33,41.018,41.018,,35.875,5.143,
2026-10-03 02:59:02,1621.0,heat,5.0046,-0.9866,-4.938,37.412,41.712,41.712,,35.937,5.775,
2026-10-03 02:59:03,1622.0,heat,5.0205,-0.9866,-4.954,37.59,42.376,42.376,,35.937,6.439,
2026-10-03 02:59:04,1623.0,heat,5.0268,-0.9866,-4.9595,37.57,42.716,42.716,,36.0,6.716,
2026-10-03 02:59:05,1624.0,heat,5.0206,-0.9864,-4.9525,37.65,42.96,42.96,,36.0,6.96,
2026-10-03 02:59:06,1625.0,heat,5.001,-0.9862,-4.934,37.73,42.896,42.896,,36.125,6.771,
2026-10-03 02:59:07,1626.0,heat,5.0195,-0.9864,-4.952,37.796,42.626,42.626,,36.125,6.501,
2026-10-03 02:59:08,1627.0,heat,5.0224,-0.9861,-4.953,37.814,42.352,42.352,,36.187,6.165,
2026-10-03 02:59:09,1628.0,heat,5.0191,-0.9865,-4.9525,37.782,41.976,41.976,,36.187,5.789,
2026-10-03 02:59:10,1629.0,heat,5.0014,-0.9863,-4.9335,37.812,41.736,41.736,,36.187,5.549,
2026-10-03 02:59:11,1630.0,heat,4.9886,-0.986,-4.92,37.756,41.456,41.456,,36.25,5.206,
2026-10-03 02:59:12,1631.0,heat,5.0059,-0.9865,-4.9375,37.744,41.33,41.33,,36.25,5.08,
2026-10-03 02:59:13,1632.0,heat,5.0206,-0.986,-4.9505,37.752,41.232,41.232,,36.25,4.982,
2026-10-03 02:59:14,1633.0,heat,4.9758,-0.9861,-4.9055,37.668,41.08,41.08,,36.25,4.83,
2026-10-03 02:59:15,1634.0,heat,4.9697,-0.9862,-4.9015,37.642,41.106,41.106,,36.312,4.794,
2026-10-03 02:59:16,1635.0,heat,4.9996,-0.9863,-4.932,37.738,41.006,41.006,,36.312,4.694,
2026-10-03 02:59:17,1636.0,heat,5.0286,-0.9865,-4.9615,37.638,41.104,41.104,,36.312,4.792,
2026-10-03 02:59:18,1637.0,heat,5.0315,-0.9866,-4.9655,37.86,41.418,41.418,,36.375,5.043,
2026-10-03 02:59:19,1638.0,heat,5.026,-0.9864,-4.9585,37.888,41.75,41.75,,36.375,5.375,
2026-10-03 02:59:20,1639.0,heat,5.019,-0.9863,-4.9505,37.832,41.896,41.896,,36.375,5.521,
2026-10-03 02:59:21,1640.0,heat,5.0198,-0.9865,-4.9525,37.834,41.914,41.914,,36.375,5.539,
2026-10-03 02:59:22,1641.0,heat,5.0013,-0.9863,-4.933,37.75,41.988,41.988,,36.437,5.551,
2026-10-03 02:59:23,1642.0,heat,4.9635,-0.9863,-4.8965,37.686,41.93,41.93,,36.437,5.493,
2026-10-03 02:59:24,1643.0,heat,4.9898,-0.9866,-4.923,37.764,42.154,42.154,,36.437,5.717,
2026-10-03 02:59:25,1644.0,heat,4.9833,-0.986,-4.914,37.668,42.036,42.036,,36.437,5.599,
2026-10-03 02:59:26,1645.0,heat,4.968,-0.9867,-4.902,37.626,41.924,41.924,,36.437,5.487,
2026-10-03 02:59:27,1646.0,heat,4.9704,-0.9862,-4.902,37.588,41.8,41.8,,36.5,5.3,
2026-10-03 02:59:28,1647.0,heat,5.0228,-0.9862,-4.954,37.444,41.688,41.688,,36.5,5.188,
2026-10-03 02:59:29,1648.0,heat,5.0296,-0.9862,-4.961,37.504,41.59,41.59,,36.5,5.09,
2026-10-03 02:59:30,1649.0,heat,5.0305,-0.9864,-4.963,37.266,41.378,41.378,,36.5,4.878,
2026-10-03 02:59:31,1650.0,heat,5.0261,-0.9862,-4.9565,37.328,41.382,41.382,,36.5,4.882,
2026-10-03 02:59:32,1651.0,heat,5.0248,-0.986,-4.9555,37.342,41.45,41.45,,36.5,4.95,
2026-10-03 02:59:33,1652.0,heat,5.0209,-0.9861,-4.95,37.278,41.5,41.5,,36.437,5.063,
2026-10-03 02:59:34,1653.0,heat,4.9765,-0.986,-4.9075,37.268,41.526,41.526,,36.437,5.089,
2026-10-03 02:59:35,1654.0,heat,4.9675,-0.9864,-4.897,37.228,41.238,41.238,,36.437,4.801,
2026-10-03 02:59:36,1655.0,heat,4.9625,-0.986,-4.894,37.098,41.172,41.172,,36.375,4.797,
2026-10-03 02:59:37,1656.0,heat,4.9614,-0.9861,-4.894,37.052,40.898,40.898,,36.375,4.523,
2026-10-03 02:59:38,1657.0,heat,4.9683,-0.9863,-4.9005,37.07,40.728,40.728,,36.312,4.416,
2026-10-03 02:59:39,1658.0,heat,4.9674,-0.986,-4.898,37.022,40.67,40.67,,36.312,4.358,
2026-10-03 02:59:40,1659.0,heat,4.9559,-0.9865,-4.887,36.792,40.422,40.422,,36.187,4.235,
2026-10-03 02:59:41,1660.0,heat,4.9628,-0.9864,-4.8955,36.826,40.452,40.452,,36.187,4.265,
2026-10-03 02:59:42,1661.0,heat,4.9754,-0.9859,-4.905,36.834,40.398,40.398,,36.125,4.273,
2026-10-03 02:59:43,1662.0,heat,4.9706,-0.9863,-4.902,36.876,40.578,40.578,,36.062,4.516,
2026-10-03 02:59:44,1663.0,heat,4.999,-0.9864,-4.931,36.806,40.486,40.486,,36.062,4.424,
2026-10-03 02:59:45,1664.0,heat,5.0218,-0.9864,-4.9525,36.69,40.5,40.5,,36.0,4.5,
2026-10-03 02:59:46,1665.0,heat,5.0239,-0.9864,-4.956,36.864,40.648,40.648,,36.0,4.648,
2026-10-03 02:59:47,1666.0,heat,5.0031,-0.9867,-4.937,36.864,40.896,40.896,,35.937,4.959,
2026-10-03 02:59:48,1667.0,heat,4.9603,-0.9863,-4.8925,36.874,41.078,41.078,,35.937,5.141,
2026-10-03 02:59:49,1668.0,heat,4.952,-0.9864,-4.8875,36.938,41.062,41.062,,35.875,5.187,
2026-10-03 02:59:50,1669.0,heat,4.9573,-0.9865,-4.8915,36.986,41.048,41.048,,35.875,5.173,
2026-10-03 02:59:51,1670.0,heat,4.9595,-0.9862,-4.8925,36.908,40.88,40.88,,35.875,5.005,
2026-10-03 02:59:52,1671.0,heat,4.9695,-0.9862,-4.9015,36.876,41.028,41.028,,35.812,5.216,
2026-10-03 02:59:53,1672.0,heat,4.9907,-0.9864,-4.9235,36.994,41.16,41.16,,35.812,5.348,
2026-10-03 02:59:54,1673.0,heat,4.9894,-0.9862,-4.921,36.958,41.222,41.222,,35.75,5.472,
2026-10-03 02:59:55,1674.0,heat,4.9945,-0.9861,-4.925,37.01,41.398,41.398,,35.75,5.648,
2026-10-03 02:59:56,1675.0,heat,4.9958,-0.9862,-4.9265,36.95,41.13,41.13,,35.75,5.38,
2026-10-03 02:59:57,1676.0,heat,4.9979,-0.9861,-4.9285,36.754,40.668,40.668,,35.75,4.918,
2026-10-03 02:59:58,1677.0,heat,4.9941,-0.9861,-4.925,36.68,40.524,40.524,,35.687,4.837,
2026-10-03 02:59:59,1678.0,heat,4.993,-0.9861,-4.923,36.566,40.332,40.332,,35.687,4.645,
2026-10-03 03:00:00,1679.0,heat,4.9814,-0.9865,-4.914,36.558,40.162,40.162,,35.687,4.475,
2026-10-03 03:00:01,1680.0,heat,4.9843,-0.9863,-4.9165,36.652,40.148,40.148,,35.625,4.523,
2026-10-03 03:00:02,1681.0,heat,5.0245,-0.9864,-4.9575,36.528,39.736,39.736,,35.625,4.111,
2026-10-03 03:00:03,1682.0,heat,5.0173,-0.9863,-4.9495,36.38,39.752,39.752,,35.562,4.19,
2026-10-03 03:00:04,1683.0,heat,5.0085,-0.9864,-4.9405,36.25,39.53,39.53,,35.562,3.968,
2026-10-03 03:00:05,1684.0,heat,4.973,-0.9863,-4.9055,36.448,39.496,39.496,,35.562,3.934,
2026-10-03 03:00:06,1685.0,heat,5.0289,-0.9861,-4.959,36.37,39.518,39.518,,35.562,3.956,
2026-10-03 03:00:07,1686.0,heat,5.0335,-0.9861,-4.9645,36.32,39.49,39.49,,35.5,3.99,
2026-10-03 03:00:08,1687.0,heat,5.0381,-0.9863,-4.9705,36.208,39.44,39.44,,35.5,3.94,
2026-10-03 03:00:09,1688.0,heat,5.0393,-0.9865,-4.973,36.308,39.622,39.622,,35.5,4.122,
2026-10-03 03:00:10,1689.0,heat,5.0415,-0.9862,-4.973,36.326,39.714,39.714,,35.437,4.277,
2026-10-03 03:00:11,1690.0,heat,5.0437,-0.9862,-4.9755,36.318,39.842,39.842,,35.437,4.405,
2026-10-03 03:00:12,1691.0,heat,5.0475,-0.9862,-4.979,36.466,40.014,40.014,,35.437,4.577,
2026-10-03 03:00:13,1692.0,heat,5.0483,-0.9858,-4.977,36.506,40.364,40.364,,35.437,4.927,
2026-10-03 03:00:14,1693.0,heat,5.048,-0.9862,-4.98,36.588,40.204,40.204,,35.375,4.829,
2026-10-03 03:00:15,1694.0,heat,5.0485,-0.986,-4.979,36.454,40.286,40.286,,35.375,4.911,
2026-10-03 03:00:16,1695.0,heat,5.0485,-0.9861,-4.9795,36.508,40.116,40.116,,35.375,4.741,
2026-10-03 03:00:17,1696.0,heat,5.0489,-0.9862,-4.98,36.388,39.92,39.92,,35.375,4.545,
2026-10-03 03:00:18,1697.0,heat,5.048,-0.9863,-4.98,36.334,39.89,39.89,,35.375,4.515,
2026-10-03 03:00:19,1698.0,heat,5.0479,-0.9861,-4.979,36.352,39.892,39.892,,35.375,4.517,
2026-10-03 03:00:20,1699.0,heat,5.0466,-0.986,-4.976,36.432,39.796,39.796,,35.375,4.421,
2026-10-03 03:00:21,1700.0,heat,5.0467,-0.9859,-4.976,36.288,39.85,39.85,,35.312,4.538,
2026-10-03 03:00:22,1701.0,heat,5.0465,-0.9866,-4.9795,36.322,39.688,39.688,,35.312,4.376,
2026-10-03 03:00:23,1702.0,heat,5.0436,-0.9866,-4.9765,36.388,40.05,40.05,,35.312,4.738,
2026-10-03 03:00:24,1703.0,heat,5.038,-0.9864,-4.9695,36.422,40.148,40.148,,35.312,4.836,
2026-10-03 03:00:25,1704.0,heat,4.9749,-0.9864,-4.9075,36.452,40.174,40.174,,35.312,4.862,
2026-10-03 03:00:26,1705.0,heat,4.9749,-0.9862,-4.907,36.422,40.272,40.272,,35.312,4.96,
2026-10-03 03:00:27,1706.0,heat,4.9899,-0.9863,-4.9215,36.584,40.47,40.47,,35.312,5.158,
2026-10-03 03:00:28,1707.0,heat,4.9599,-0.9861,-4.8915,36.52,40.49,40.49,,35.25,5.24,
2026-10-03 03:00:29,1708.0,heat,4.9654,-0.986,-4.897,36.542,40.362,40.362,,35.25,5.112,
2026-10-03 03:00:30,1709.0,heat,4.9696,-0.9863,-4.901,36.456,40.186,40.186,,35.25,4.936,
2026-10-03 03:00:31,1710.0,heat,4.9755,-0.9863,-4.907,36.39,40.05,40.05,,35.25,4.8,
2026-10-03 03:00:32,1711.0,heat,4.9644,-0.9861,-4.8965,36.452,40.16,40.16,,35.25,4.91,
2026-10-03 03:00:33,1712.0,heat,4.9768,-0.9858,-4.91,36.488,40.156,40.156,,35.25,4.906,
2026-10-03 03:00:34,1713.0,heat,4.9744,-0.9861,-4.905,36.7,40.882,40.882,,35.187,5.695,
2026-10-03 03:00:35,1714.0,heat,4.9622,-0.9864,-4.895,36.894,41.616,41.616,,35.187,6.429,
2026-10-03 03:00:36,1715.0,heat,4.9697,-0.9862,-4.9015,37.054,41.988,41.988,,35.187,6.801,
2026-10-03 03:00:37,1716.0,heat,4.9793,-0.9861,-4.91,37.356,42.426,42.426,,35.187,7.239,
2026-10-03 03:00:38,1717.0,heat,4.9946,-0.9862,-4.926,37.246,42.132,42.132,,35.187,6.945,
2026-10-03 03:00:39,1718.0,heat,4.9898,-0.9863,-4.921,37.16,41.72,41.72,,35.187,6.533,
2026-10-03 03:00:40,1719.0,heat,4.9981,-0.9862,-4.9295,37.288,41.886,41.886,,35.187,6.699,
2026-10-03 03:00:41,1720.0,heat,4.9886,-0.9863,-4.9205,37.324,41.712,41.712,,35.187,6.525,
2026-10-03 03:00:42,1721.0,heat,4.9799,-0.9861,-4.911,37.282,41.678,41.678,,35.187,6.491,
2026-10-03 03:00:43,1722.0,heat,4.9815,-0.9866,-4.9145,37.45,42.128,42.128,,35.187,6.941,
2026-10-03 03:00:44,1723.0,heat,4.9764,-0.9868,-4.9105,37.54,42.526,42.526,,35.25,7.276,
2026-10-03 03:00:45,1724.0,heat,4.9611,-0.9862,-4.893,37.602,42.682,42.682,,35.25,7.432,
2026-10-03 03:00:46,1725.0,heat,4.9851,-0.9864,-4.9175,37.52,42.846,42.846,,35.312,7.534,
2026-10-03 03:00:47,1726.0,heat,4.9987,-0.9862,-4.931,37.648,42.878,42.878,,35.312,7.566,
2026-10-03 03:00:48,1727.0,heat,5.0037,-0.9862,-4.9345,37.758,42.834,42.834,,35.375,7.459,
2026-10-03 03:00:49,1728.0,heat,5.0069,-0.9862,-4.9375,37.778,43.138,43.138,,35.375,7.763,
2026-10-03 03:00:50,1729.0,heat,5.0032,-0.9862,-4.9335,37.764,43.104,43.104,,35.437,7.667,
2026-10-03 03:00:51,1730.0,heat,5.0047,-0.986,-4.9335,37.904,43.372,43.372,,35.437,7.935,
2026-10-03 03:00:52,1731.0,heat,5.004,-0.9859,-4.934,38.208,43.938,43.938,,35.5,8.438,
2026-10-03 03:00:53,1732.0,heat,5.0053,-0.9859,-4.935,38.138,43.894,43.894,,35.562,8.332,
2026-10-03 03:00:54,1733.0,heat,5.0041,-0.9859,-4.934,38.178,44.114,44.114,,35.562,8.552,
2026-10-03 03:00:55,1734.0,heat,5.0078,-0.9861,-4.9385,38.328,44.558,44.558,,35.625,8.933,
2026-10-03 03:00:56,1735.0,heat,5.01,-0.9857,-4.9385,38.576,44.922,44.922,,35.625,9.297,
2026-10-03 03:00:57,1736.0,heat,5.0113,-0.986,-4.9405,38.604,45.034,45.034,,35.625,9.409,
2026-10-03 03:00:58,1737.0,heat,5.0142,-0.986,-4.944,38.522,44.83,44.83,,35.625,9.205,
2026-10-03 03:00:59,1738.0,heat,5.0059,-0.9866,-4.9385,38.612,44.772,44.772,,35.625,9.147,
2026-10-03 03:01:00,1739.0,heat,5.0049,-0.9859,-4.935,38.644,44.75,44.75,,35.625,9.125,
2026-10-03 03:01:01,1740.0,heat,5.0029,-0.986,-4.9335,38.518,44.772,44.772,,35.625,9.147,
2026-10-03 03:01:02,1741.0,heat,5.0042,-0.9862,-4.936,38.746,44.552,44.552,,35.625,8.927,
2026-10-03 03:01:03,1742.0,heat,5.0039,-0.986,-4.9335,38.776,44.404,44.404,,35.625,8.779,
2026-10-03 03:01:04,1743.0,heat,5.0049,-0.986,-4.935,38.822,44.22,44.22,,35.562,8.658,
2026-10-03 03:01:05,1744.0,heat,5.0063,-0.9861,-4.937,38.756,44.098,44.098,,35.562,8.536,
2026-10-03 03:01:06,1745.0,heat,5.0085,-0.9857,-4.937,38.71,43.892,43.892,,35.562,8.33,
2026-10-03 03:01:07,1746.0,heat,5.0102,-0.9854,-4.938,38.766,43.562,43.562,,35.562,8.0,
2026-10-03 03:01:08,1747.0,heat,5.0067,-0.986,-4.9365,38.662,43.144,43.144,,35.625,7.519,
2026-10-03 03:01:09,1748.0,heat,5.0073,-0.9854,-4.9345,38.826,42.848,42.848,,35.625,7.223,
2026-10-03 03:01:10,1749.0,heat,5.0078,-0.9858,-4.9375,38.652,42.73,42.73,,35.625,7.105,
2026-10-03 03:01:11,1750.0,heat,5.0063,-0.9861,-4.937,38.514,42.416,42.416,,35.687,6.729,
2026-10-03 03:01:12,1751.0,heat,5.0033,-0.986,-4.9335,38.494,42.214,42.214,,35.687,6.527,
2026-10-03 03:01:13,1752.0,heat,5.004,-0.9864,-4.936,38.548,42.356,42.356,,35.75,6.606,
2026-10-03 03:01:14,1753.0,heat,5.0038,-0.9869,-4.938,38.416,42.77,42.77,,35.75,7.02,
2026-10-03 03:01:15,1754.0,heat,5.0038,-0.9861,-4.935,38.504,43.09,43.09,,35.75,7.34,
2026-10-03 03:01:16,1755.0,heat,5.0037,-0.9862,-4.9345,38.42,43.024,43.024,,35.75,7.274,
2026-10-03 03:01:17,1756.0,heat,5.0025,-0.9863,-4.935,38.416,42.952,42.952,,35.812,7.14,
2026-10-03 03:01:18,1757.0,heat,5.0032,-0.9861,-4.9345,38.304,42.798,42.798,,35.812,6.986,
2026-10-03 03:01:19,1758.0,heat,5.001,-0.9861,-4.931,38.284,42.81,42.81,,35.812,6.998,
2026-10-03 03:01:20,1759.0,heat,5.001,-0.986,-4.93,38.37,42.936,42.936,,35.875,7.061,
2026-10-03 03:01:21,1760.0,heat,5.007,-0.9858,-4.936,38.352,42.892,42.892,,35.875,7.017,
2026-10-03 03:01:22,1761.0,heat,5.0032,-0.986,-4.9325,38.264,42.814,42.814,,35.875,6.939,
2026-10-03 03:01:23,1762.0,heat,5.0011,-0.9859,-4.9305,38.386,42.748,42.748,,35.875,6.873,
2026-10-03 03:01:24,1763.0,heat,5.003,-0.986,-4.9325,38.318,42.86,42.86,,35.875,6.985,
2026-10-03 03:01:25,1764.0,heat,5.005,-0.986,-4.9345,38.324,42.932,42.932,,35.875,7.057,
2026-10-03 03:01:26,1765.0,heat,5.0038,-0.986,-4.9335,38.274,42.58,42.58,,35.937,6.643,
2026-10-03 03:01:27,1766.0,heat,5.0038,-0.9857,-4.931,38.304,42.25,42.25,,35.937,6.313,
2026-10-03 03:01:28,1767.0,heat,5.002,-0.9856,-4.9305,38.322,41.906,41.906,,35.937,5.969,
2026-10-03 03:01:29,1768.0,heat,5.0024,-0.9864,-4.9345,38.326,41.878,41.878,,36.0,5.878,
2026-10-03 03:01:30,1769.0,heat,5.0018,-0.986,-4.9325,38.24,42.08,42.08,,36.0,6.08,
2026-10-03 03:01:31,1770.0,heat,5.0029,-0.9861,-4.9335,38.056,42.098,42.098,,36.0,6.098,
2026-10-03 03:01:32,1771.0,heat,5.0038,-0.9859,-4.934,38.26,42.332,42.332,,36.0,6.332,
2026-10-03 03:01:33,1772.0,heat,5.0052,-0.9862,-4.9355,38.224,42.564,42.564,,36.062,6.502,
2026-10-03 03:01:34,1773.0,heat,5.0054,-0.9866,-4.939,38.188,42.454,42.454,,36.062,6.392,
2026-10-03 03:01:35,1774.0,heat,5.0048,-0.9863,-4.9365,38.084,42.178,42.178,,36.062,6.116,
2026-10-03 03:01:36,1775.0,heat,5.0062,-0.9867,-4.94,38.048,42.056,42.056,,36.062,5.994,
2026-10-03 03:01:37,1776.0,heat,5.0062,-0.9861,-4.937,38.102,41.894,41.894,,36.062,5.832,
2026-10-03 03:01:38,1777.0,heat,5.0073,-0.9866,-4.94,37.89,41.726,41.726,,36.062,5.664,
2026-10-03 03:01:39,1778.0,heat,5.0075,-0.9864,-4.9395,38.008,41.968,41.968,,36.062,5.906,
2026-10-03 03:01:40,1779.0,heat,5.0083,-0.9864,-4.94,38.014,41.87,41.87,,36.062,5.808,
2026-10-03 03:01:41,1780.0,heat,5.007,-0.9863,-4.939,38.048,41.816,41.816,,36.062,5.754,
2026-10-03 03:01:42,1781.0,heat,5.0076,-0.9867,-4.9415,38.122,41.582,41.582,,36.062,5.52,
2026-10-03 03:01:43,1782.0,heat,5.0092,-0.9871,-4.9455,37.982,41.634,41.634,,36.062,5.572,
2026-10-03 03:01:44,1783.0,heat,5.0054,-0.9866,-4.9395,38.032,41.618,41.618,,36.0,5.618,
2026-10-03 03:01:45,1784.0,heat,5.0065,-0.9865,-4.94,37.918,41.636,41.636,,36.0,5.636,
2026-10-03 03:01:46,1785.0,heat,5.0058,-0.9867,-4.9385,37.992,41.548,41.548,,36.0,5.548,
2026-10-03 03:01:47,1786.0,heat,5.007,-0.9866,-4.9405,38.068,41.194,41.194,,36.0,5.194,
2026-10-03 03:01:48,1787.0,heat,5.007,-0.9867,-4.9405,37.784,40.91,40.91,,36.0,4.91,
2026-10-03 03:01:49,1788.0,heat,5.0078,-0.9864,-4.941,37.644,40.392,40.392,,36.0,4.392,
2026-10-03 03:01:50,1789.0,heat,5.0088,-0.9866,-4.942,37.416,39.87,39.87,,36.0,3.87,
2026-10-03 03:01:51,1790.0,heat,5.0084,-0.9865,-4.9405,37.406,39.808,39.808,,35.875,3.933,
2026-10-03 03:01:52,1791.0,heat,5.0085,-0.987,-4.944,37.124,39.57,39.57,,35.875,3.695,
2026-10-03 03:01:53,1792.0,heat,5.0058,-0.9864,-4.9385,37.062,39.334,39.334,,35.812,3.522,
2026-10-03 03:01:54,1793.0,heat,5.0058,-0.9869,-4.9405,36.866,39.17,39.17,,35.687,3.483,
2026-10-03 03:01:55,1794.0,heat,5.0056,-0.9864,-4.939,36.716,38.85,38.85,,35.687,3.163,
2026-10-03 03:01:56,1795.0,heat,5.0049,-0.9867,-4.9395,36.614,38.65,38.65,,35.625,3.025,
2026-10-03 03:01:57,1796.0,heat,5.0048,-0.9866,-4.9385,36.45,38.508,38.508,,35.625,2.883,
2026-10-03 03:01:58,1797.0,heat,5.0053,-0.9865,-4.938,36.356,38.38,38.38,,35.5,2.88,
2026-10-03 03:01:59,1798.0,heat,5.0051,-0.9865,-4.938,36.254,38.154,38.154,,35.5,2.654,
2026-10-03 03:02:00,1799.0,heat,5.0049,-0.9868,-4.9395,36.128,38.054,38.054,,35.375,2.679,
2026-10-03 03:02:01,1800.0,heat,5.0071,-0.987,-4.9415,36.076,37.864,37.864,,35.25,2.614,
2026-10-03 03:02:02,1801.0,heat,5.0065,-0.9867,-4.94,36.01,37.648,37.648,,35.25,2.398,
2026-10-03 03:02:03,1802.0,heat,5.0044,-0.987,-4.94,35.822,37.67,37.67,,35.125,2.545,
2026-10-03 03:02:04,1803.0,heat,5.0015,-0.9871,-4.9375,35.7,37.426,37.426,,35.125,2.301,
2026-10-03 03:02:05,1804.0,heat,4.9974,-0.9871,-4.933,35.698,37.354,37.354,,35.0,2.354,
2026-10-03 03:02:06,1805.0,heat,4.9949,-0.987,-4.9295,35.706,37.296,37.296,,35.0,2.296,
2026-10-03 03:02:07,1806.0,heat,4.995,-0.9871,-4.9305,35.758,37.044,37.044,,34.875,2.169,
2026-10-03 03:02:08,1807.0,heat,4.9966,-0.9869,-4.9305,35.462,36.958,36.958,,34.875,2.083,
2026-10-03 03:02:09,1808.0,heat,4.9946,-0.9867,-4.929,35.44,36.742,36.742,,34.75,1.992,
2026-10-03 03:02:10,1809.0,heat,4.9962,-0.9869,-4.931,35.732,37.266,37.266,,34.625,2.641,
2026-10-03 03:02:11,1810.0,heat,4.9968,-0.9868,-4.931,36.104,37.904,37.904,,34.625,3.279,
2026-10-03 03:02:12,1811.0,heat,4.997,-0.9869,-4.931,36.058,37.744,37.744,,34.562,3.182,
2026-10-03 03:02:13,1812.0,heat,4.9956,-0.9867,-4.929,36.186,37.49,37.49,,34.562,2.928,
2026-10-03 03:02:14,1813.0,heat,4.997,-0.9866,-4.93,36.262,37.598,37.598,,34.5,3.098,
2026-10-03 03:02:15,1814.0,heat,4.9958,-0.987,-4.9315,36.232,37.498,37.498,,34.5,2.998,
2026-10-03 03:02:16,1815.0,heat,4.9949,-0.987,-4.93,36.068,37.394,37.394,,34.375,3.019,
2026-10-03 03:02:17,1816.0,heat,4.9958,-0.987,-4.932,35.896,37.26,37.26,,34.375,2.885,
2026-10-03 03:02:18,1817.0,heat,4.9958,-0.9871,-4.931,35.806,37.136,37.136,,34.312,2.824,
2026-10-03 03:02:19,1818.0,heat,4.9963,-0.9867,-4.93,36.012,37.184,37.184,,34.25,2.934,
2026-10-03 03:02:20,1819.0,heat,4.9958,-0.9868,-4.931,36.322,38.042,38.042,,34.25,3.792,
2026-10-03 03:02:21,1820.0,heat,4.995,-0.9867,-4.9285,36.408,38.29,38.29,,34.187,4.103,
2026-10-03 03:02:22,1821.0,heat,4.9917,-0.9865,-4.925,36.476,38.634,38.634,,34.187,4.447,
2026-10-03 03:02:23,1822.0,heat,4.9929,-0.9866,-4.926,36.68,39.026,39.026,,34.125,4.901,
2026-10-03 03:02:24,1823.0,heat,4.993,-0.9867,-4.9265,36.666,39.09,39.09,,34.125,4.965,
2026-10-03 03:02:25,1824.0,heat,4.9907,-0.9868,-4.925,36.744,39.262,39.262,,34.062,5.2,
2026-10-03 03:02:26,1825.0,heat,4.9935,-0.9868,-4.9275,36.778,39.208,39.208,,34.062,5.146,
2026-10-03 03:02:27,1826.0,heat,4.9881,-0.9867,-4.9215,36.574,38.51,38.51,,34.0,4.51,
2026-10-03 03:02:28,1827.0,heat,4.9889,-0.9866,-4.9215,36.374,38.032,38.032,,33.937,4.095,
2026-10-03 03:02:29,1828.0,heat,4.986,-0.9869,-4.9205,36.3,37.786,37.786,,33.937,3.849,
2026-10-03 03:02:30,1829.0,heat,4.9856,-0.9874,-4.9235,36.126,37.442,37.442,,33.875,3.567,
2026-10-03 03:02:31,1830.0,heat,4.9858,-0.9869,-4.9205,35.872,37.016,37.016,,33.875,3.141,
2026-10-03 03:02:32,1831.0,heat,4.9856,-0.9867,-4.9205,35.624,36.87,36.87,,33.875,2.995,
2026-10-03 03:02:33,1832.0,heat,4.9873,-0.9866,-4.921,35.492,36.612,36.612,,33.875,2.737,
2026-10-03 03:02:34,1833.0,heat,4.9868,-0.9867,-4.921,35.43,36.402,36.402,,33.75,2.652,
2026-10-03 03:02:35,1834.0,heat,4.9892,-0.9866,-4.9225,35.32,36.18,36.18,,33.75,2.43,
2026-10-03 03:02:36,1835.0,heat,4.9895,-0.987,-4.924,35.05,35.804,35.804,,33.75,2.054,
2026-10-03 03:02:37,1836.0,heat,4.9902,-0.9866,-4.925,35.06,36.192,36.192,,33.687,2.505,
2026-10-03 03:02:38,1837.0,heat,4.9924,-0.9868,-4.927,35.406,36.756,36.756,,33.687,3.069,
2026-10-03 03:02:39,1838.0,heat,4.9945,-0.9868,-4.9295,35.418,37.358,37.358,,33.625,3.733,
2026-10-03 03:02:40,1839.0,heat,4.9929,-0.9867,-4.9265,35.468,37.732,37.732,,33.625,4.107,
2026-10-03 03:02:41,1840.0,heat,5.0033,-0.9866,-4.937,35.36,37.304,37.304,,33.562,3.742,
2026-10-03 03:02:42,1841.0,heat,4.9922,-0.9865,-4.9245,35.06,36.836,36.836,,33.562,3.274,
2026-10-03 03:02:43,1842.0,heat,4.9855,-0.9867,-4.9195,35.16,36.712,36.712,,33.5,3.212,
2026-10-03 03:02:44,1843.0,heat,4.9813,-0.9869,-4.9165,35.044,36.634,36.634,,33.5,3.134,
2026-10-03 03:02:45,1844.0,heat,4.9791,-0.9865,-4.912,34.996,36.568,36.568,,33.5,3.068,
2026-10-03 03:02:46,1845.0,heat,4.9772,-0.9872,-4.9125,35.018,36.644,36.644,,33.437,3.207,
2026-10-03 03:02:47,1846.0,heat,4.9743,-0.9871,-4.91,35.166,36.576,36.576,,33.437,3.139,
2026-10-03 03:02:48,1847.0,heat,4.9733,-0.9872,-4.909,34.924,36.442,36.442,,33.437,3.005,
2026-10-03 03:02:49,1848.0,heat,4.9734,-0.9869,-4.909,34.916,36.242,36.242,,33.437,2.805,
2026-10-03 03:02:50,1849.0,heat,4.9735,-0.9864,-4.9055,34.808,36.118,36.118,,33.375,2.743,
2026-10-03 03:02:51,1850.0,heat,4.9742,-0.987,-4.9095,34.76,36.042,36.042,,33.375,2.667,
2026-10-03 03:02:52,1851.0,heat,4.9745,-0.9868,-4.908,35.19,36.41,36.41,,33.312,3.098,
2026-10-03 03:02:53,1852.0,heat,4.9808,-0.9865,-4.913,35.526,36.948,36.948,,33.312,3.636,
2026-10-03 03:02:54,1853.0,heat,4.9801,-0.9865,-4.9125,35.864,37.424,37.424,,33.312,4.112,
2026-10-03 03:02:55,1854.0,heat,4.9831,-0.9867,-4.917,36.224,38.096,38.096,,33.375,4.721,
2026-10-03 03:02:56,1855.0,heat,4.9851,-0.9868,-4.9185,36.338,38.11,38.11,,33.375,4.735,
2026-10-03 03:02:57,1856.0,heat,4.9875,-0.9869,-4.9205,36.582,38.494,38.494,,33.437,5.057,
2026-10-03 03:02:58,1857.0,heat,4.9825,-0.9866,-4.9165,36.734,38.598,38.598,,33.437,5.161,
2026-10-03 03:02:59,1858.0,heat,4.9831,-0.9868,-4.917,36.82,38.678,38.678,,33.5,5.178,
2026-10-03 03:03:00,1859.0,heat,4.9873,-0.9871,-4.9225,36.796,38.634,38.634,,33.5,5.134,
2026-10-03 03:03:01,1860.0,heat,4.9823,-0.9866,-4.9155,36.828,38.576,38.576,,33.562,5.014,
2026-10-03 03:03:02,1861.0,heat,4.9805,-0.9867,-4.914,36.848,38.592,38.592,,33.625,4.967,
2026-10-03 03:03:03,1862.0,heat,4.9814,-0.987,-4.9155,37.084,38.696,38.696,,33.625,5.071,
2026-10-03 03:03:04,1863.0,heat,4.9812,-0.9867,-4.916,37.266,38.622,38.622,,33.687,4.935,
2026-10-03 03:03:05,1864.0,heat,4.9779,-0.9869,-4.912,37.23,38.812,38.812,,33.687,5.125,
2026-10-03 03:03:06,1865.0,heat,4.9795,-0.9867,-4.912,37.434,39.014,39.014,,33.812,5.202,
2026-10-03 03:03:07,1866.0,heat,4.9761,-0.9871,-4.911,37.71,39.186,39.186,,33.812,5.374,
2026-10-03 03:03:08,1867.0,heat,4.9706,-0.9871,-4.906,38.068,39.53,39.53,,33.875,5.655,
2026-10-03 03:03:09,1868.0,heat,4.9732,-0.9869,-4.9075,37.928,39.894,39.894,,33.875,6.019,
2026-10-03 03:03:10,1869.0,heat,4.9724,-0.9872,-4.908,38.05,40.396,40.396,,34.0,6.396,
2026-10-03 03:03:11,1870.0,heat,4.9758,-0.9871,-4.9105,38.022,40.764,40.764,,34.125,6.639,
2026-10-03 03:03:12,1871.0,heat,4.9772,-0.987,-4.9115,38.096,41.336,41.336,,34.125,7.211,
2026-10-03 03:03:13,1872.0,heat,4.9705,-0.9871,-4.906,37.792,40.742,40.742,,34.187,6.555,
2026-10-03 03:03:14,1873.0,heat,4.9708,-0.9871,-4.907,37.608,40.126,40.126,,34.187,5.939,
2026-10-03 03:03:15,1874.0,heat,4.9729,-0.9869,-4.9065,37.296,39.8,39.8,,34.25,5.55,
2026-10-03 03:03:16,1875.0,heat,4.9737,-0.9871,-4.9095,37.02,39.79,39.79,,34.25,5.54,
2026-10-03 03:03:17,1876.0,heat,4.9768,-0.9869,-4.9105,36.998,39.868,39.868,,34.25,5.618,
2026-10-03 03:03:18,1877.0,heat,4.9765,-0.9869,-4.911,36.828,39.92,39.92,,34.25,5.67,
2026-10-03 03:03:19,1878.0,heat,4.972,-0.9869,-4.906,36.754,40.218,40.218,,34.25,5.968,
2026-10-03 03:03:20,1879.0,heat,4.9723,-0.9868,-4.9065,36.88,40.642,40.642,,34.312,6.33,
2026-10-03 03:03:21,1880.0,heat,4.9706,-0.9868,-4.9045,36.966,40.734,40.734,,34.312,6.422,
2026-10-03 03:03:22,1881.0,heat,4.9723,-0.9869,-4.907,36.904,40.822,40.822,,34.312,6.51,
2026-10-03 03:03:23,1882.0,heat,4.9732,-0.9868,-4.9065,36.89,40.88,40.88,,34.312,6.568,
2026-10-03 03:03:24,1883.0,heat,4.9731,-0.9867,-4.9055,36.852,40.87,40.87,,34.375,6.495,
2026-10-03 03:03:25,1884.0,heat,4.9714,-0.9869,-4.907,36.878,40.95,40.95,,34.375,6.575,
2026-10-03 03:03:26,1885.0,heat,4.9703,-0.987,-4.9055,36.914,41.128,41.128,,34.437,6.691,
2026-10-03 03:03:27,1886.0,heat,4.9708,-0.9866,-4.9035,37.014,41.082,41.082,,34.437,6.645,
2026-10-03 03:03:28,1887.0,heat,4.9715,-0.9865,-4.9055,37.136,41.286,41.286,,34.5,6.786,
2026-10-03 03:03:29,1888.0,heat,4.9745,-0.9867,-4.908,37.194,41.178,41.178,,34.562,6.616,
2026-10-03 03:03:30,1889.0,heat,4.9726,-0.9867,-4.906,37.448,41.336,41.336,,34.562,6.774,
2026-10-03 03:03:31,1890.0,heat,4.9727,-0.9867,-4.9075,37.554,41.446,41.446,,34.625,6.821,
2026-10-03 03:03:32,1891.0,heat,4.9735,-0.9865,-4.9055,37.632,41.618,41.618,,34.625,6.993,
2026-10-03 03:03:33,1892.0,heat,4.972,-0.9867,-4.906,37.908,41.94,41.94,,34.687,7.253,
2026-10-03 03:03:34,1893.0,heat,4.9719,-0.9867,-4.9055,38.19,42.446,42.446,,34.687,7.759,
2026-10-03 03:03:35,1894.0,heat,4.9705,-0.9866,-4.904,38.546,42.906,42.906,,34.75,8.156,
2026-10-03 03:03:36,1895.0,heat,4.9714,-0.9869,-4.906,38.306,42.392,42.392,,34.75,7.642,
2026-10-03 03:03:37,1896.0,heat,4.9705,-0.9865,-4.9025,38.068,41.85,41.85,,34.875,6.975,
2026-10-03 03:03:38,1897.0,heat,4.971,-0.9867,-4.9045,37.874,41.372,41.372,,34.937,6.435,
2026-10-03 03:03:39,1898.0,heat,4.9702,-0.9869,-4.9055,37.682,40.894,40.894,,34.937,5.957,
2026-10-03 03:03:40,1899.0,heat,4.971,-0.9868,-4.905,37.55,40.586,40.586,,34.937,5.649,
2026-10-03 03:03:41,1900.0,heat,4.972,-0.9867,-4.9055,37.568,40.438,40.438,,34.937,5.501,
2026-10-03 03:03:42,1901.0,heat,4.9727,-0.9869,-4.907,37.558,40.532,40.532,,35.0,5.532,
2026-10-03 03:03:43,1902.0,heat,4.9732,-0.987,-4.9085,37.704,40.396,40.396,,35.0,5.396,
2026-10-03 03:03:44,1903.0,heat,4.9727,-0.9869,-4.907,37.686,40.186,40.186,,35.0,5.186,
2026-10-03 03:03:45,1904.0,heat,4.9751,-0.9865,-4.9075,37.62,40.014,40.014,,35.062,4.952,
2026-10-03 03:03:46,1905.0,heat,4.9745,-0.9872,-4.9105,37.59,39.802,39.802,,35.062,4.74,
2026-10-03 03:03:47,1906.0,heat,4.9776,-0.9869,-4.9115,37.58,39.658,39.658,,35.125,4.533,
2026-10-03 03:03:48,1907.0,heat,4.9773,-0.9869,-4.9115,37.694,39.954,39.954,,35.125,4.829,
2026-10-03 03:03:49,1908.0,heat,4.9746,-0.9868,-4.909,37.896,40.436,40.436,,35.187,5.249,
2026-10-03 03:03:50,1909.0,heat,4.9744,-0.9867,-4.907,37.986,40.82,40.82,,35.187,5.633,
2026-10-03 03:03:51,1910.0,heat,4.9755,-0.9868,-4.9105,38.126,41.052,41.052,,35.25,5.802,
2026-10-03 03:03:52,1911.0,heat,4.9763,-0.9867,-4.9095,38.178,41.136,41.136,,35.25,5.886,
2026-10-03 03:03:53,1912.0,heat,4.9759,-0.9865,-4.909,38.224,41.098,41.098,,35.375,5.723,
2026-10-03 03:03:54,1913.0,heat,4.9771,-0.987,-4.9105,38.278,41.192,41.192,,35.5,5.692,
2026-10-03 03:03:55,1914.0,heat,4.9772,-0.9869,-4.912,38.26,41.104,41.104,,35.5,5.604,
2026-10-03 03:03:56,1915.0,heat,4.9819,-0.9868,-4.9155,38.392,41.208,41.208,,35.562,5.646,
2026-10-03 03:03:57,1916.0,heat,4.9769,-0.987,-4.912,38.386,41.292,41.292,,35.562,5.73,
2026-10-03 03:03:58,1917.0,heat,4.9746,-0.9867,-4.908,38.576,41.506,41.506,,35.687,5.819,
2026-10-03 03:03:59,1918.0,heat,4.9724,-0.9866,-4.9045,38.586,41.396,41.396,,35.687,5.709,
2026-10-03 03:04:00,1919.0,heat,4.9716,-0.9868,-4.9055,38.568,41.19,41.19,,35.812,5.378,
2026-10-03 03:04:01,1920.0,heat,4.9731,-0.9866,-4.906,38.62,41.194,41.194,,35.812,5.382,
2026-10-03 03:04:02,1921.0,heat,4.9718,-0.9871,-4.9065,38.564,41.24,41.24,,35.937,5.303,
2026-10-03 03:04:03,1922.0,heat,4.9727,-0.9867,-4.906,38.516,41.1,41.1,,36.0,5.1,
2026-10-03 03:04:04,1923.0,heat,4.9735,-0.987,-4.908,38.612,41.024,41.024,,36.0,5.024,
2026-10-03 03:04:05,1924.0,heat,4.974,-0.9868,-4.9075,38.646,41.048,41.048,,36.125,4.923,
2026-10-03 03:04:06,1925.0,heat,4.973,-0.9868,-4.9065,38.66,41.046,41.046,,36.125,4.921,
2026-10-03 03:04:07,1926.0,heat,4.9713,-0.9867,-4.9045,38.638,40.868,40.868,,36.125,4.743,
2026-10-03 03:04:08,1927.0,heat,4.9709,-0.9866,-4.9045,38.65,40.672,40.672,,36.125,4.547,
2026-10-03 03:04:09,1928.0,heat,4.9708,-0.9867,-4.905,38.766,40.78,40.78,,36.187,4.593,
2026-10-03 03:04:10,1929.0,heat,4.9732,-0.9867,-4.906,38.858,40.738,40.738,,36.187,4.551,
2026-10-03 03:04:11,1930.0,heat,4.9732,-0.987,-4.9085,38.932,40.898,40.898,,36.187,4.711,
2026-10-03 03:04:12,1931.0,heat,4.9768,-0.9872,-4.912,39.202,40.882,40.882,,36.25,4.632,
2026-10-03 03:04:13,1932.0,heat,4.978,-0.9871,-4.9135,39.314,41.048,41.048,,36.25,4.798,
2026-10-03 03:04:14,1933.0,heat,4.978,-0.9869,-4.912,39.374,41.452,41.452,,36.312,5.14,
2026-10-03 03:04:15,1934.0,heat,4.9786,-0.9868,-4.913,39.724,41.902,41.902,,36.312,5.59,
2026-10-03 03:04:16,1935.0,heat,4.9779,-0.9871,-4.913,39.932,42.104,42.104,,36.437,5.667,
2026-10-03 03:04:17,1936.0,heat,4.9769,-0.9875,-4.9145,40.146,42.292,42.292,,36.437,5.855,
2026-10-03 03:04:18,1937.0,heat,4.9785,-0.9871,-4.914,40.164,42.414,42.414,,36.562,5.852,
2026-10-03 03:04:19,1938.0,heat,4.9803,-0.987,-4.915,40.234,42.486,42.486,,36.562,5.924,
2026-10-03 03:04:20,1939.0,heat,4.9778,-0.9871,-4.9145,40.214,42.636,42.636,,36.75,5.886,
2026-10-03 03:04:21,1940.0,heat,4.9805,-0.987,-4.916,40.336,42.532,42.532,,36.937,5.595,
2026-10-03 03:04:22,1941.0,heat,4.9825,-0.9872,-4.9195,40.314,42.67,42.67,,36.937,5.733,
2026-10-03 03:04:23,1942.0,heat,4.9805,-0.987,-4.9155,40.33,42.78,42.78,,37.125,5.655,
2026-10-03 03:04:24,1943.0,heat,4.977,-0.9868,-4.911,40.378,42.79,42.79,,37.125,5.665,
2026-10-03 03:04:25,1944.0,heat,4.9771,-0.987,-4.912,40.402,42.888,42.888,,37.312,5.576,
2026-10-03 03:04:26,1945.0,heat,4.9779,-0.9873,-4.914,40.42,42.87,42.87,,37.312,5.558,
2026-10-03 03:04:27,1946.0,heat,4.9756,-0.9867,-4.909,40.418,42.7,42.7,,37.5,5.2,
2026-10-03 03:04:28,1947.0,heat,4.9753,-0.987,-4.9115,40.346,42.566,42.566,,37.5,5.066,
2026-10-03 03:04:29,1948.0,heat,4.9737,-0.9867,-4.907,40.318,42.616,42.616,,37.625,4.991,
2026-10-03 03:04:30,1949.0,heat,4.9738,-0.9875,-4.9115,40.17,42.572,42.572,,37.812,4.76,
2026-10-03 03:04:31,1950.0,heat,4.9741,-0.9871,-4.91,40.15,42.368,42.368,,37.812,4.556,
2026-10-03 03:04:32,1951.0,heat,4.975,-0.9869,-4.91,40.214,42.106,42.106,,38.0,4.106,
2026-10-03 03:04:33,1952.0,heat,4.9746,-0.9869,-4.9095,40.138,42.01,42.01,,38.0,4.01,
2026-10-03 03:04:34,1953.0,heat,4.9753,-0.9868,-4.909,39.984,42.2,42.2,,38.125,4.075,
2026-10-03 03:04:35,1954.0,heat,4.9763,-0.9871,-4.9115,39.9,42.076,42.076,,38.125,3.951,
2026-10-03 03:04:36,1955.0,heat,4.977,-0.9869,-4.9125,39.944,41.858,41.858,,38.25,3.608,
2026-10-03 03:04:37,1956.0,heat,4.9776,-0.9873,-4.9145,39.892,41.736,41.736,,38.375,3.361,
2026-10-03 03:04:38,1957.0,heat,4.9766,-0.9875,-4.9145,40.066,41.798,41.798,,38.375,3.423,
2026-10-03 03:04:39,1958.0,heat,4.9723,-0.9872,-4.909,40.168,41.93,41.93,,38.5,3.43,
2026-10-03 03:04:40,1959.0,heat,4.9714,-0.9867,-4.9055,40.45,42.222,42.222,,38.5,3.722,
2026-10-03 03:04:41,1960.0,heat,4.9703,-0.9872,-4.9055,40.632,42.348,42.348,,38.625,3.723,
2026-10-03 03:04:42,1961.0,heat,4.9694,-0.9873,-4.906,40.856,42.536,42.536,,38.625,3.911,
2026-10-03 03:04:43,1962.0,heat,4.9685,-0.9875,-4.907,40.978,42.778,42.778,,38.812,3.966,
2026-10-03 03:04:44,1963.0,heat,4.9694,-0.9872,-4.906,41.104,43.07,43.07,,38.812,4.258,
2026-10-03 03:04:45,1964.0,heat,4.9688,-0.987,-4.904,41.312,43.278,43.278,,38.937,4.341,
2026-10-03 03:04:46,1965.0,heat,4.97,-0.9871,-4.9065,41.41,43.434,43.434,,39.125,4.309,
2026-10-03 03:04:47,1966.0,heat,4.9689,-0.9869,-4.903,41.58,43.656,43.656,,39.125,4.531,
2026-10-03 03:04:48,1967.0,heat,4.9689,-0.9872,-4.904,41.66,43.632,43.632,,39.25,4.382,
2026-10-03 03:04:49,1968.0,heat,4.9699,-0.9869,-4.9035,41.79,43.592,43.592,,39.25,4.342,
2026-10-03 03:04:50,1969.0,heat,4.9732,-0.9871,-4.909,41.864,43.796,43.796,,39.437,4.359,
2026-10-03 03:04:51,1970.0,heat,4.9745,-0.9872,-4.91,41.956,43.774,43.774,,39.437,4.337,
2026-10-03 03:04:52,1971.0,heat,4.9744,-0.9873,-4.911,41.962,43.758,43.758,,39.625,4.133,
2026-10-03 03:04:53,1972.0,heat,4.978,-0.9872,-4.915,41.972,43.78,43.78,,39.625,4.155,
2026-10-03 03:04:54,1973.0,heat,4.9809,-0.9873,-4.918,42.066,43.554,43.554,,39.812,3.742,
2026-10-03 03:04:55,1974.0,heat,4.9756,-0.9875,-4.9135,42.132,43.472,43.472,,40.062,3.41,
2026-10-03 03:04:56,1975.0,heat,4.9741,-0.9872,-4.91,42.122,43.23,43.23,,40.062,3.168,
2026-10-03 03:04:57,1976.0,heat,4.9747,-0.9872,-4.91,42.126,43.194,43.194,,40.25,2.944,
2026-10-03 03:04:58,1977.0,heat,4.9744,-0.9872,-4.9115,42.046,43.106,43.106,,40.25,2.856,
2026-10-03 03:04:59,1978.0,heat,4.9734,-0.9869,-4.908,42.184,42.98,42.98,,40.375,2.605,
2026-10-03 03:05:00,1979.0,heat,4.9729,-0.9869,-4.907,42.162,43.146,43.146,,40.375,2.771,
2026-10-03 03:05:01,1980.0,heat,4.9716,-0.9871,-4.908,42.312,43.218,43.218,,40.562,2.656,
2026-10-03 03:05:02,1981.0,heat,4.9726,-0.9871,-4.9075,42.298,43.196,43.196,,40.562,2.634,
2026-10-03 03:05:03,1982.0,heat,4.9709,-0.9869,-4.9055,42.424,43.286,43.286,,40.75,2.536,
2026-10-03 03:05:04,1983.0,heat,4.9708,-0.9871,-4.9065,42.578,43.436,43.436,,40.937,2.499,
2026-10-03 03:05:05,1984.0,heat,4.9704,-0.9865,-4.9035,42.492,43.368,43.368,,40.937,2.431,
2026-10-03 03:05:06,1985.0,heat,4.971,-0.9871,-4.906,42.64,43.48,43.48,,41.125,2.355,
2026-10-03 03:05:07,1986.0,heat,4.9706,-0.9872,-4.9075,42.748,43.578,43.578,,41.125,2.453,
2026-10-03 03:05:08,1987.0,heat,4.9695,-0.9873,-4.906,42.658,43.464,43.464,,41.312,2.152,
2026-10-03 03:05:09,1988.0,heat,4.9708,-0.987,-4.9055,42.692,43.5,43.5,,41.312,2.188,
2026-10-03 03:05:10,1989.0,heat,4.9704,-0.9868,-4.9045,42.662,43.464,43.464,,41.437,2.027,
2026-10-03 03:05:11,1990.0,heat,4.9723,-0.9868,-4.906,42.736,43.392,43.392,,41.437,1.955,
2026-10-03 03:05:12,1991.0,heat,4.9738,-0.9868,-4.9085,42.654,43.454,43.454,,41.625,1.829,
2026-10-03 03:05:13,1992.0,heat,4.9745,-0.9867,-4.9075,42.702,43.554,43.554,,41.75,1.804,
2026-10-03 03:05:14,1993.0,heat,4.9727,-0.9867,-4.906,42.626,43.508,43.508,,41.75,1.758,
2026-10-03 03:05:15,1994.0,heat,4.9731,-0.9869,-4.9075,42.638,43.522,43.522,,41.937,1.585,
2026-10-03 03:05:16,1995.0,heat,4.972,-0.9868,-4.9055,42.624,43.71,43.71,,41.937,1.773,
2026-10-03 03:05:17,1996.0,heat,4.9716,-0.9872,-4.908,42.598,43.69,43.69,,42.062,1.628,
2026-10-03 03:05:18,1997.0,heat,4.9721,-0.9867,-4.907,42.688,43.752,43.752,,42.062,1.69,
2026-10-03 03:05:19,1998.0,heat,4.9713,-0.9869,-4.9055,42.762,43.632,43.632,,42.187,1.445,
2026-10-03 03:05:20,1999.0,heat,4.9717,-0.987,-4.9065,42.742,43.696,43.696,,42.187,1.509,
2026-10-03 03:05:21,2000.0,heat,4.9714,-0.9866,-4.906,42.806,43.582,43.582,,42.312,1.27,
2026-10-03 03:05:22,2001.0,heat,4.973,-0.9867,-4.9065,42.828,43.572,43.572,,42.5,1.072,
2026-10-03 03:05:23,2002.0,heat,4.9736,-0.9867,-4.907,42.824,43.62,43.62,,42.5,1.12,
2026-10-03 03:05:24,2003.0,heat,4.9755,-0.9869,-4.91,42.86,43.74,43.74,,42.562,1.178,
2026-10-03 03:05:25,2004.0,heat,4.9751,-0.9866,-4.9085,42.762,43.688,43.688,,42.562,1.126,
2026-10-03 03:05:26,2005.0,heat,4.9751,-0.9867,-4.9085,42.86,43.88,43.88,,42.687,1.193,
2026-10-03 03:05:27,2006.0,heat,4.9764,-0.9864,-4.909,42.796,43.964,43.964,,42.687,1.277,
2026-10-03 03:05:28,2007.0,heat,4.9756,-0.9864,-4.908,42.78,44.182,44.182,,42.812,1.37,
2026-10-03 03:05:29,2008.0,heat,4.9799,-0.9866,-4.914,42.978,44.112,44.112,,42.937,1.175,
2026-10-03 03:05:30,2009.0,heat,4.9777,-0.9863,-4.91,42.996,44.21,44.21,,42.937,1.273,
2026-10-03 03:05:31,2010.0,heat,4.9795,-0.9866,-4.913,43.026,44.172,44.172,,43.062,1.11,
2026-10-03 03:05:32,2011.0,heat,4.9799,-0.9867,-4.9135,43.03,44.274,44.274,,43.062,1.212,
2026-10-03 03:05:33,2012.0,heat,4.9837,-0.9865,-4.9155,42.962,44.318,44.318,,43.187,1.131,
2026-10-03 03:05:34,2013.0,heat,4.9832,-0.9867,-4.917,43.158,44.358,44.358,,43.187,1.171,
2026-10-03 03:05:35,2014.0,heat,4.9788,-0.9865,-4.912,43.262,44.602,44.602,,43.312,1.29,
2026-10-03 03:05:36,2015.0,heat,4.9795,-0.9865,-4.911,43.274,44.568,44.568,,43.312,1.256,
2026-10-03 03:05:37,2016.0,heat,4.981,-0.9871,-4.9175,43.306,44.61,44.61,,43.5,1.11,
2026-10-03 03:05:38,2017.0,heat,4.9805,-0.9865,-4.912,43.284,44.728,44.728,,43.625,1.103,
2026-10-03 03:05:39,2018.0,heat,4.9815,-0.9864,-4.9125,43.374,44.804,44.804,,43.625,1.179,
2026-10-03 03:05:40,2019.0,heat,4.9859,-0.9866,-4.9195,43.37,44.828,44.828,,43.75,1.078,
2026-10-03 03:05:41,2020.0,heat,4.9849,-0.9865,-4.9175,43.38,44.734,44.734,,43.75,0.984,
2026-10-03 03:05:42,2021.0,heat,4.9842,-0.9864,-4.9165,43.484,44.902,44.902,,43.875,1.027,
2026-10-03 03:05:43,2022.0,heat,4.9841,-0.9864,-4.9155,43.48,44.676,44.676,,43.875,0.801,
2026-10-03 03:05:44,2023.0,heat,4.9858,-0.9864,-4.918,43.35,44.848,44.848,,43.937,0.911,
2026-10-03 03:05:45,2024.0,heat,4.982,-0.9863,-4.9145,43.364,44.864,44.864,,43.937,0.927,
2026-10-03 03:05:46,2025.0,heat,4.9848,-0.9864,-4.9165,43.132,44.456,44.456,,44.0,0.456,
2026-10-03 03:05:47,2026.0,heat,4.9862,-0.9863,-4.918,42.832,43.992,43.992,,44.0,-0.008,
2026-10-03 03:05:48,2027.0,heat,4.9852,-0.9864,-4.9175,42.426,43.422,43.422,,44.0,-0.578,
2026-10-03 03:05:49,2028.0,heat,4.9871,-0.9862,-4.919,42.418,43.348,43.348,,43.937,-0.589,
2026-10-03 03:05:50,2029.0,heat,4.9838,-0.9863,-4.915,42.12,42.822,42.822,,43.937,-1.115,
2026-10-03 03:05:51,2030.0,heat,4.9825,-0.9861,-4.913,42.126,42.51,42.512,,43.937,-1.425,
2026-10-03 03:05:52,2031.0,heat,4.9839,-0.9862,-4.9155,42.018,42.214,42.262,,43.937,-1.675,
2026-10-03 03:05:53,2032.0,heat,4.983,-0.9861,-4.9135,41.786,42.142,42.152,,43.812,-1.66,
2026-10-03 03:05:54,2033.0,heat,4.9847,-0.9865,-4.918,41.574,42.066,42.066,,43.812,-1.746,
2026-10-03 03:05:55,2034.0,heat,4.9837,-0.9865,-4.9155,41.496,42.1,42.1,,43.75,-1.65,
2026-10-03 03:05:56,2035.0,heat,4.9844,-0.9866,-4.917,41.124,42.14,42.14,,43.625,-1.485,
2026-10-03 03:05:57,2036.0,heat,4.9837,-0.9863,-4.915,40.996,42.016,42.016,,43.625,-1.609,
2026-10-03 03:05:58,2037.0,heat,4.9846,-0.9864,-4.9165,41.066,41.762,41.766,,43.437,-1.671,
2026-10-03 03:05:59,2038.0,heat,4.984,-0.9867,-4.917,40.91,41.648,41.654,,43.437,-1.783,
2026-10-03 03:06:00,2039.0,heat,4.9835,-0.9867,-4.9175,40.824,41.956,41.956,,43.25,-1.294,
2026-10-03 03:06:01,2040.0,heat,4.9858,-0.9863,-4.9185,40.854,42.384,42.384,,43.25,-0.866,
2026-10-03 03:06:02,2041.0,heat,4.9846,-0.987,-4.92,40.88,42.292,42.292,,43.125,-0.833,
2026-10-03 03:06:03,2042.0,heat,4.9863,-0.9871,-4.921,40.91,42.242,42.242,,43.125,-0.883,
2026-10-03 03:06:04,2043.0,heat,4.9854,-0.9868,-4.92,40.972,42.072,42.072,,43.0,-0.928,
2026-10-03 03:06:05,2044.0,heat,4.9874,-0.9863,-4.919,41.256,42.058,42.058,,43.0,-0.942,
2026-10-03 03:06:06,2045.0,heat,4.9875,-0.9868,-4.9215,41.348,42.01,42.01,,43.0,-0.99,
2026-10-03 03:06:07,2046.0,heat,4.9891,-0.9868,-4.923,41.32,42.106,42.106,,42.937,-0.831,
2026-10-03 03:06:08,2047.0,heat,4.9894,-0.9873,-4.926,41.38,42.024,42.066,,42.937,-0.871,
2026-10-03 03:06:09,2048.0,heat,4.9908,-0.9872,-4.9265,41.336,41.892,41.904,,42.875,-0.971,
2026-10-03 03:06:10,2049.0,heat,4.9928,-0.9874,-4.93,41.332,41.998,41.998,,42.875,-0.877,
2026-10-03 03:06:11,2050.0,heat,4.9889,-0.9871,-4.925,41.372,42.018,42.018,,42.812,-0.794,
2026-10-03 03:06:12,2051.0,heat,4.9865,-0.9873,-4.9235,41.274,41.898,41.898,,42.75,-0.852,
2026-10-03 03:06:13,2052.0,heat,4.9894,-0.987,-4.924,41.064,41.622,41.622,,42.75,-1.128,
2026-10-03 03:06:14,2053.0,heat,4.9918,-0.9869,-4.9255,41.416,41.868,41.89,,42.687,-0.797,
2026-10-03 03:06:15,2054.0,heat,4.99,-0.9871,-4.9255,41.95,42.564,42.564,,42.687,-0.123,
2026-10-03 03:06:16,2055.0,heat,4.9938,-0.9869,-4.9285,42.516,43.088,43.088,,42.625,0.463,
2026-10-03 03:06:17,2056.0,heat,4.9955,-0.9867,-4.929,42.626,43.374,43.374,,42.625,0.749,
2026-10-03 03:06:18,2057.0,heat,4.996,-0.9868,-4.9305,42.742,43.404,43.404,,42.687,0.717,
2026-10-03 03:06:19,2058.0,heat,4.9984,-0.9868,-4.931,43.13,43.846,43.846,,42.687,1.159,
2026-10-03 03:06:20,2059.0,heat,4.999,-0.9868,-4.933,43.072,44.046,44.046,,42.687,1.359,
2026-10-03 03:06:21,2060.0,heat,5.0006,-0.9866,-4.934,43.236,44.158,44.158,,42.75,1.408,
2026-10-03 03:06:22,2061.0,heat,5.0025,-0.9865,-4.9365,43.116,44.166,44.166,,42.75,1.416,
2026-10-03 03:06:23,2062.0,heat,5.0031,-0.987,-4.9375,43.036,44.002,44.002,,42.812,1.19,
2026-10-03 03:06:24,2063.0,heat,4.9834,-0.987,-4.9175,43.088,44.31,44.31,,42.812,1.498,
2026-10-03 03:06:25,2064.0,heat,4.985,-0.987,-4.9205,42.904,44.234,44.234,,42.875,1.359,
2026-10-03 03:06:26,2065.0,heat,4.987,-0.9866,-4.921,42.94,44.484,44.484,,42.875,1.609,
2026-10-03 03:06:27,2066.0,heat,4.9894,-0.9866,-4.923,42.956,44.524,44.524,,42.937,1.587,
2026-10-03 03:06:28,2067.0,heat,4.9903,-0.9865,-4.922,42.896,44.478,44.478,,42.937,1.541,
2026-10-03 03:06:29,2068.0,heat,4.9899,-0.9866,-4.9235,42.968,44.644,44.644,,43.0,1.644,
2026-10-03 03:06:30,2069.0,heat,4.9895,-0.9868,-4.9225,42.948,45.074,45.074,,43.0,2.074,
2026-10-03 03:06:31,2070.0,heat,4.9846,-0.9865,-4.9175,43.018,45.196,45.196,,43.0,2.196,
2026-10-03 03:06:32,2071.0,heat,4.9829,-0.9866,-4.917,43.008,44.964,44.964,,43.062,1.902,
2026-10-03 03:06:33,2072.0,heat,4.9819,-0.9869,-4.9155,43.162,45.136,45.136,,43.062,2.074,
2026-10-03 03:06:34,2073.0,heat,4.9846,-0.9871,-4.92,43.198,44.966,44.966,,43.0,1.966,
2026-10-03 03:06:35,2074.0,heat,4.981,-0.9869,-4.9145,43.082,45.01,45.01,,43.0,2.01,
2026-10-03 03:06:36,2075.0,heat,4.9778,-0.9869,-4.9125,43.196,44.958,44.958,,43.062,1.896,
2026-10-03 03:06:37,2076.0,heat,4.9785,-0.9868,-4.9125,43.248,44.838,44.838,,43.062,1.776,
2026-10-03 03:06:38,2077.0,heat,4.9775,-0.9871,-4.9125,43.228,44.744,44.744,,43.0,1.744,
2026-10-03 03:06:39,2078.0,heat,4.979,-0.9869,-4.913,43.13,44.538,44.538,,43.0,1.538,
2026-10-03 03:06:40,2079.0,heat,4.9774,-0.9869,-4.912,43.2,44.652,44.652,,43.0,1.652,
2026-10-03 03:06:41,2080.0,heat,4.9782,-0.9871,-4.914,43.184,44.676,44.676,,43.0,1.676,
2026-10-03 03:06:42,2081.0,heat,4.9784,-0.9878,-4.9165,43.044,44.518,44.518,,43.0,1.518,
2026-10-03 03:06:43,2082.0,heat,4.9787,-0.9875,-4.916,42.872,44.388,44.388,,42.937,1.451,
2026-10-03 03:06:44,2083.0,heat,4.9779,-0.9873,-4.9145,42.702,44.312,44.312,,42.937,1.375,
2026-10-03 03:06:45,2084.0,heat,4.978,-0.9872,-4.914,42.84,44.316,44.316,,42.937,1.379,
2026-10-03 03:06:46,2085.0,heat,4.9796,-0.9872,-4.916,42.976,44.378,44.378,,42.937,1.441,
2026-10-03 03:06:47,2086.0,heat,4.9781,-0.987,-4.9125,42.912,44.232,44.232,,42.875,1.357,
2026-10-03 03:06:48,2087.0,heat,4.9805,-0.9868,-4.915,42.972,44.012,44.012,,42.875,1.137,
2026-10-03 03:06:49,2088.0,heat,4.9813,-0.9871,-4.916,42.944,44.566,44.566,,42.875,1.691,
2026-10-03 03:06:50,2089.0,heat,4.9838,-0.9866,-4.917,43.174,45.436,45.436,,42.937,2.499,
2026-10-03 03:06:51,2090.0,heat,4.9853,-0.987,-4.9215,43.664,45.638,45.638,,42.937,2.701,
2026-10-03 03:06:52,2091.0,heat,4.9855,-0.9868,-4.92,43.716,45.762,45.762,,43.0,2.762,
2026-10-03 03:06:53,2092.0,heat,4.9874,-0.9867,-4.9215,43.626,45.814,45.814,,43.0,2.814,
2026-10-03 03:06:54,2093.0,heat,4.9878,-0.9867,-4.921,43.646,46.29,46.29,,43.062,3.228,
2026-10-03 03:06:55,2094.0,heat,4.9873,-0.9869,-4.922,43.738,46.45,46.45,,43.062,3.388,
2026-10-03 03:06:56,2095.0,heat,4.9858,-0.9869,-4.9205,43.584,46.49,46.49,,43.125,3.365,
2026-10-03 03:06:57,2096.0,heat,4.9838,-0.9865,-4.917,43.782,46.494,46.494,,43.187,3.307,
2026-10-03 03:06:58,2097.0,heat,4.9833,-0.9874,-4.9205,43.984,46.982,46.982,,43.187,3.795,
2026-10-03 03:06:59,2098.0,heat,4.9856,-0.9872,-4.922,44.176,47.288,47.288,,43.312,3.976,
2026-10-03 03:07:00,2099.0,heat,4.9875,-0.9872,-4.9245,44.22,47.172,47.172,,43.312,3.86,
2026-10-03 03:07:01,2100.0,heat,4.98,-0.9867,-4.9135,44.02,46.718,46.718,,43.375,3.343,
2026-10-03 03:07:02,2101.0,heat,4.9764,-0.9871,-4.913,43.834,46.276,46.276,,43.375,2.901,
2026-10-03 03:07:03,2102.0,heat,4.9779,-0.9872,-4.914,43.444,45.778,45.778,,43.375,2.403,
2026-10-03 03:07:04,2103.0,heat,4.979,-0.987,-4.914,43.1,45.392,45.392,,43.312,2.08,
2026-10-03 03:07:05,2104.0,heat,4.9781,-0.9871,-4.9145,42.394,44.768,44.768,,43.312,1.456,
2026-10-03 03:07:06,2105.0,heat,4.9785,-0.9869,-4.913,42.206,44.358,44.358,,43.187,1.171,
2026-10-03 03:07:07,2106.0,heat,4.9787,-0.987,-4.9135,42.28,44.502,44.502,,43.187,1.315,
2026-10-03 03:07:08,2107.0,heat,4.9775,-0.987,-4.9115,42.352,44.362,44.362,,43.062,1.3,
2026-10-03 03:07:09,2108.0,heat,4.976,-0.9869,-4.9105,42.48,44.446,44.446,,43.062,1.384,
2026-10-03 03:07:10,2109.0,heat,4.977,-0.9869,-4.911,42.584,44.434,44.434,,43.0,1.434,
2026-10-03 03:07:11,2110.0,heat,4.9816,-0.9869,-4.9155,42.372,44.21,44.21,,43.0,1.21,
2026-10-03 03:07:12,2111.0,heat,4.9781,-0.9872,-4.915,42.33,44.082,44.082,,42.937,1.145,
2026-10-03 03:07:13,2112.0,heat,4.9796,-0.9869,-4.9135,42.03,43.696,43.696,,42.812,0.884,
2026-10-03 03:07:14,2113.0,heat,4.9791,-0.9867,-4.912,41.632,43.486,43.486,,42.812,0.674,
2026-10-03 03:07:15,2114.0,heat,4.9797,-0.9869,-4.915,41.644,43.24,43.24,,42.687,0.553,
2026-10-03 03:07:16,2115.0,heat,4.9803,-0.9869,-4.9145,41.572,43.016,43.016,,42.687,0.329,
2026-10-03 03:07:17,2116.0,heat,4.9854,-0.9869,-4.92,41.52,42.884,42.884,,42.625,0.259,
2026-10-03 03:07:18,2117.0,heat,4.9888,-0.9872,-4.925,41.698,42.542,42.542,,42.625,-0.083,
2026-10-03 03:07:19,2118.0,heat,4.9845,-0.9871,-4.919,41.664,42.46,42.46,,42.5,-0.04,
2026-10-03 03:07:20,2119.0,heat,4.9831,-0.9871,-4.92,41.616,42.18,42.18,,42.5,-0.32,
2026-10-03 03:07:21,2120.0,heat,4.9846,-0.9869,-4.92,41.438,41.756,41.784,,42.5,-0.716,
2026-10-03 03:07:22,2121.0,heat,4.9853,-0.9867,-4.9195,41.73,41.902,41.932,,42.437,-0.505,
2026-10-03 03:07:23,2122.0,heat,4.9844,-0.9869,-4.92,41.858,42.654,42.654,,42.437,0.217,
2026-10-03 03:07:24,2123.0,heat,4.9864,-0.9873,-4.922,42.08,42.876,42.876,,42.437,0.439,
2026-10-03 03:07:25,2124.0,heat,4.9863,-0.987,-4.9215,42.286,43.854,43.854,,42.437,1.417,
2026-10-03 03:07:26,2125.0,heat,4.9882,-0.9869,-4.923,42.464,44.496,44.496,,42.437,2.059,
2026-10-03 03:07:27,2126.0,heat,4.9918,-0.9865,-4.9245,42.2,44.94,44.94,,42.437,2.503,
2026-10-03 03:07:28,2127.0,heat,4.993,-0.9869,-4.9285,42.052,45.426,45.426,,42.375,3.051,
2026-10-03 03:07:29,2128.0,heat,4.9904,-0.9868,-4.925,41.872,45.322,45.322,,42.375,2.947,
2026-10-03 03:07:30,2129.0,heat,4.9909,-0.9865,-4.9225,41.834,45.474,45.474,,42.375,3.099,
2026-10-03 03:07:31,2130.0,heat,4.9917,-0.9866,-4.9245,41.808,45.798,45.798,,42.312,3.486,
2026-10-03 03:07:32,2131.0,heat,4.9882,-0.9863,-4.92,41.494,45.412,45.412,,42.312,3.1,
2026-10-03 03:07:33,2132.0,heat,4.9884,-0.9868,-4.922,41.478,44.928,44.928,,42.25,2.678,
2026-10-03 03:07:34,2133.0,heat,4.9899,-0.9865,-4.9235,41.28,44.364,44.364,,42.25,2.114,
2026-10-03 03:07:35,2134.0,heat,4.9891,-0.9863,-4.9215,41.266,44.092,44.092,,42.125,1.967,
2026-10-03 03:07:36,2135.0,heat,4.9885,-0.9868,-4.9235,41.478,44.058,44.058,,42.125,1.933,
2026-10-03 03:07:37,2136.0,heat,4.9868,-0.9866,-4.9205,41.738,44.294,44.294,,42.0,2.294,
2026-10-03 03:07:38,2137.0,heat,4.9875,-0.9871,-4.924,41.976,44.106,44.106,,42.0,2.106,
2026-10-03 03:07:39,2138.0,heat,4.9872,-0.9865,-4.9205,42.004,44.728,44.728,,41.937,2.791,
2026-10-03 03:07:40,2139.0,heat,4.9883,-0.9867,-4.921,42.16,44.528,44.528,,41.875,2.653,
2026-10-03 03:07:41,2140.0,heat,4.9868,-0.9866,-4.92,42.028,44.262,44.262,,41.875,2.387,
2026-10-03 03:07:42,2141.0,heat,4.9873,-0.9868,-4.9205,42.238,44.474,44.474,,41.812,2.662,
2026-10-03 03:07:43,2142.0,heat,4.9872,-0.9871,-4.9225,42.444,44.654,44.654,,41.812,2.842,
2026-10-03 03:07:44,2143.0,heat,4.9877,-0.9866,-4.9205,42.754,44.968,44.968,,41.75,3.218,
2026-10-03 03:07:45,2144.0,heat,4.9882,-0.9871,-4.9235,42.874,45.062,45.062,,41.75,3.312,
2026-10-03 03:07:46,2145.0,heat,4.9867,-0.987,-4.922,42.966,45.192,45.192,,41.75,3.442,
2026-10-03 03:07:47,2146.0,heat,4.9882,-0.9868,-4.923,43.104,45.246,45.246,,41.687,3.559,
2026-10-03 03:07:48,2147.0,heat,4.9868,-0.9867,-4.921,43.36,45.456,45.456,,41.687,3.769,
2026-10-03 03:07:49,2148.0,heat,4.9876,-0.987,-4.923,43.596,45.65,45.65,,41.687,3.963,
2026-10-03 03:07:50,2149.0,heat,4.9869,-0.987,-4.921,43.966,45.882,45.882,,41.687,4.195,
2026-10-03 03:07:51,2150.0,heat,4.9875,-0.9868,-4.9215,44.106,46.234,46.234,,41.75,4.484,
2026-10-03 03:07:52,2151.0,heat,4.989,-0.9868,-4.9245,44.1,46.166,46.166,,41.75,4.416,
2026-10-03 03:07:53,2152.0,heat,4.9893,-0.9867,-4.923,43.976,46.098,46.098,,41.812,4.286,
2026-10-03 03:07:54,2153.0,heat,4.9899,-0.9868,-4.925,43.916,45.802,45.802,,41.812,3.99,
2026-10-03 03:07:55,2154.0,heat,4.989,-0.9866,-4.9225,43.808,45.804,45.804,,41.812,3.992,
2026-10-03 03:07:56,2155.0,heat,4.9898,-0.9871,-4.925,44.128,46.008,46.008,,41.875,4.133,
2026-10-03 03:07:57,2156.0,heat,4.9892,-0.9871,-4.9255,44.274,46.068,46.068,,41.875,4.193,
2026-10-03 03:07:58,2157.0,heat,4.9926,-0.9871,-4.928,44.61,46.274,46.274,,41.875,4.399,
2026-10-03 03:07:59,2158.0,heat,4.9899,-0.9869,-4.925,44.984,46.78,46.78,,41.875,4.905,
2026-10-03 03:08:00,2159.0,heat,4.9899,-0.9867,-4.9235,45.642,47.912,47.912,,42.062,5.85,
2026-10-03 03:08:01,2160.0,heat,4.99,-0.9859,-4.9205,46.09,49.106,49.106,,42.062,7.044,
2026-10-03 03:08:02,2161.0,heat,4.9888,-0.9861,-4.92,46.534,49.61,49.61,,42.25,7.36,
2026-10-03 03:08:03,2162.0,heat,4.9895,-0.9855,-4.918,46.788,49.67,49.67,,42.25,7.42,
2026-10-03 03:08:04,2163.0,heat,4.9883,-0.9859,-4.918,47.144,50.376,50.376,,42.5,7.876,
2026-10-03 03:08:05,2164.0,heat,4.9892,-0.9861,-4.92,47.374,50.488,50.488,,42.687,7.801,
2026-10-03 03:08:06,2165.0,post,4.9893,-0.9857,-4.9175,47.496,50.406,50.406,,42.687,7.719,
2026-10-03 03:08:07,2166.0,post,4.9899,-0.9857,-4.9185,47.68,50.566,50.566,,42.875,7.691,
2026-10-03 03:08:08,2167.0,post,4.99,-0.9853,-4.9175,47.73,50.754,50.754,,42.875,7.879,
2026-10-03 03:08:09,2168.0,tail,4.9891,-0.9861,-4.92,47.93,50.71,50.71,,43.062,7.648,
2026-10-03 03:08:10,2169.0,tail,4.9885,-0.9861,-4.919,47.7,50.578,50.578,,43.062,7.516,
2026-10-03 03:08:11,2170.0,tail,4.9887,-0.986,-4.919,46.998,49.872,49.872,,43.25,6.622,
2026-10-03 03:08:12,2171.0,tail,4.9893,-0.9862,-4.9215,46.64,49.328,49.328,,43.25,6.078,
2026-10-03 03:08:13,2172.0,tail,4.9889,-0.986,-4.918,46.184,48.728,48.728,,43.312,5.416,
2026-10-03 03:08:14,2173.0,tail,4.9898,-0.986,-4.92,45.45,48.224,48.224,,43.25,4.974,
2026-10-03 03:08:15,2174.0,tail,4.9895,-0.9865,-4.922,44.994,47.598,47.598,,43.25,4.348,
2026-10-03 03:08:16,2175.0,tail,4.9899,-0.986,-4.92,44.534,47.122,47.122,,43.125,3.997,
2026-10-03 03:08:17,2176.0,tail,4.9889,-0.9863,-4.921,44.07,46.648,46.648,,43.125,3.523,
2026-10-03 03:08:18,2177.0,tail,4.9896,-0.9858,-4.919,43.808,46.074,46.074,,43.0,3.074,
2026-10-03 03:08:19,2178.0,tail,4.9899,-0.9861,-4.9215,43.486,45.66,45.66,,43.0,2.66,
2026-10-03 03:08:20,2179.0,tail,4.9896,-0.9864,-4.922,43.394,45.392,45.392,,42.812,2.58,
2026-10-03 03:08:21,2180.0,tail,4.9894,-0.9865,-4.922,43.084,44.936,44.936,,42.812,2.124,
2026-10-03 03:08:22,2181.0,tail,4.9881,-0.9867,-4.922,42.688,44.656,44.656,,42.75,1.906,
2026-10-03 03:08:23,2182.0,tail,4.9896,-0.9861,-4.9205,42.67,44.082,44.082,,42.562,1.52,
2026-10-03 03:08:24,2183.0,tail,4.9868,-0.9866,-4.921,42.6,43.794,43.794,,42.562,1.232,
2026-10-03 03:08:25,2184.0,tail,4.9875,-0.9865,-4.9205,42.254,43.636,43.636,,42.437,1.199,
2026-10-03 03:08:26,2185.0,tail,4.9872,-0.9864,-4.919,42.088,43.286,43.286,,42.437,0.849,
2026-10-03 03:08:27,2186.0,tail,4.988,-0.9862,-4.9185,41.758,42.846,42.846,,42.312,0.534,
2026-10-03 03:08:28,2187.0,tail,4.9885,-0.9864,-4.9205,41.466,42.594,42.594,,42.312,0.282,
2026-10-03 03:08:29,2188.0,tail,4.9876,-0.9865,-4.9195,41.208,42.406,42.406,,42.125,0.281,
2026-10-03 03:08:30,2189.0,tail,4.9889,-0.9864,-4.9215,40.948,42.106,42.106,,42.125,-0.019,
2026-10-03 03:08:31,2190.0,tail,4.9864,-0.9862,-4.917,40.818,41.86,41.86,,42.0,-0.14,
2026-10-03 03:08:32,2191.0,tail,4.9853,-0.9867,-4.9195,40.804,41.596,41.596,,41.812,-0.216,
2026-10-03 03:08:33,2192.0,tail,4.9842,-0.9862,-4.916,40.744,41.352,41.358,,41.812,-0.454,
2026-10-03 03:08:34,2193.0,tail,4.9839,-0.9866,-4.9165,40.66,41.142,41.142,,41.625,-0.483,
2026-10-03 03:08:35,2194.0,tail,4.9832,-0.986,-4.9135,40.24,41.016,41.016,,41.625,-0.609,
2026-10-03 03:08:36,2195.0,tail,4.9831,-0.9866,-4.916,40.158,40.822,40.822,,41.375,-0.553,
2026-10-03 03:08:37,2196.0,tail,4.9832,-0.9865,-4.915,39.898,40.748,40.748,,41.375,-0.627,
2026-10-03 03:08:38,2197.0,tail,4.9819,-0.9866,-4.9155,39.706,40.36,40.36,,41.187,-0.827,
2026-10-03 03:08:39,2198.0,tail,4.983,-0.9866,-4.916,39.54,40.27,40.27,,41.0,-0.73,
2026-10-03 03:08:40,2199.0,tail,4.9818,-0.9868,-4.917,39.444,40.068,40.068,,41.0,-0.932,
2026-10-03 03:08:41,2200.0,tail,4.9827,-0.9869,-4.917,39.326,39.914,39.914,,40.812,-0.898,
2026-10-03 03:08:42,2201.0,tail,4.9823,-0.9868,-4.917,39.152,39.804,39.804,,40.812,-1.008,
2026-10-03 03:08:43,2202.0,tail,4.982,-0.987,-4.917,39.31,39.662,39.672,,40.625,-0.953,
2026-10-03 03:08:44,2203.0,tail,4.9831,-0.9869,-4.9185,39.268,39.536,39.552,,40.625,-1.073,
2026-10-03 03:08:45,2204.0,tail,4.9831,-0.9867,-4.9165,39.076,39.45,39.45,,40.437,-0.987,
2026-10-03 03:08:46,2205.0,tail,4.984,-0.9866,-4.917,38.884,39.146,39.154,,40.437,-1.283,
2026-10-03 03:08:47,2206.0,tail,4.9841,-0.9865,-4.917,38.832,39.066,39.112,,40.25,-1.138,
2026-10-03 03:08:48,2207.0,tail,4.9865,-0.9866,-4.9205,38.796,38.862,38.91,,40.062,-1.152,
2026-10-03 03:08:49,2208.0,tail,4.9869,-0.9871,-4.9225,38.846,38.864,38.946,,40.062,-1.116,
2026-10-03 03:08:50,2209.0,tail,4.9888,-0.987,-4.924,38.77,38.832,38.892,,39.875,-0.983,
2026-10-03 03:08:51,2210.0,tail,4.99,-0.987,-4.9255,38.688,38.632,38.776,,39.875,-1.099,
2026-10-03 03:08:52,2211.0,tail,4.991,-0.9868,-4.924,38.716,38.508,38.738,,39.687,-0.949,
2026-10-03 03:08:53,2212.0,tail,4.991,-0.9867,-4.9245,38.676,38.496,38.694,,39.687,-0.993,
2026-10-03 03:08:54,2213.0,tail,4.9917,-0.9872,-4.9275,38.436,38.322,38.484,,39.5,-1.016,
2026-10-03 03:08:55,2214.0,tail,4.9967,-0.9869,-4.932,38.424,38.342,38.432,,39.5,-1.068,
2026-10-03 03:08:56,2215.0,tail,4.995,-0.9866,-4.928,38.426,38.286,38.44,,39.312,-0.872,
2026-10-03 03:08:57,2216.0,tail,4.9975,-0.9866,-4.931,38.316,38.214,38.344,,39.125,-0.781,
2026-10-03 03:08:58,2217.0,tail,5.001,-0.9868,-4.935,38.17,38.156,38.272,,39.125,-0.853,
2026-10-03 03:08:59,2218.0,tail,5.0152,-0.9869,-4.95,38.108,38.022,38.144,,39.0,-0.856,
2026-10-03 03:09:00,2219.0,tail,5.0192,-0.9869,-4.9535,38.022,38.05,38.144,,39.0,-0.856,
2026-10-03 03:09:01,2220.0,tail,5.016,-0.9866,-4.9495,37.998,37.888,38.058,,38.812,-0.754,
2026-10-03 03:09:02,2221.0,tail,5.019,-0.9869,-4.9555,37.786,37.76,37.902,,38.812,-0.91,
2026-10-03 03:09:03,2222.0,tail,5.0182,-0.9867,-4.952,37.738,37.818,37.886,,38.687,-0.801,
2026-10-03 03:09:04,2223.0,tail,5.0162,-0.9871,-4.9515,37.656,37.66,37.752,,38.687,-0.935,
2026-10-03 03:09:05,2224.0,tail,5.0124,-0.9867,-4.9465,37.524,37.596,37.654,,38.5,-0.846,
2026-10-03 03:09:06,2225.0,tail,5.017,-0.9865,-4.9505,37.392,37.63,37.648,,38.375,-0.727,
2026-10-03 03:09:07,2226.0,tail,5.0187,-0.9865,-4.952,37.308,37.43,37.488,,38.375,-0.887,
2026-10-03 03:09:08,2227.0,tail,5.0205,-0.9863,-4.953,37.282,37.532,37.552,,38.187,-0.635,
2026-10-03 03:09:09,2228.0,tail,5.0229,-0.9866,-4.956,37.256,37.36,37.474,,38.187,-0.713,
2026-10-03 03:09:10,2229.0,tail,5.02,-0.9863,-4.952,37.216,37.332,37.37,,38.062,-0.692,
2026-10-03 03:09:11,2230.0,tail,5.0191,-0.9863,-4.95,37.188,37.278,37.34,,38.062,-0.722,
2026-10-03 03:09:12,2231.0,tail,5.0185,-0.9864,-4.9505,37.066,37.182,37.23,,37.937,-0.707,
2026-10-03 03:09:13,2232.0,tail,5.0182,-0.9865,-4.9505,37.098,37.142,37.192,,37.937,-0.745,
2026-10-03 03:09:14,2233.0,tail,5.0169,-0.9867,-4.9505,36.886,36.97,36.998,,37.812,-0.814,
2026-10-03 03:09:15,2234.0,tail,5.0176,-0.9866,-4.9515,36.824,36.916,36.952,,37.687,-0.735,
2026-10-03 03:09:16,2235.0,tail,5.0173,-0.9869,-4.952,36.972,36.842,36.992,,37.687,-0.695,
2026-10-03 03:09:17,2236.0,tail,5.0134,-0.9868,-4.947,36.844,36.762,36.876,,37.562,-0.686,
2026-10-03 03:09:18,2237.0,tail,5.0184,-0.9866,-4.952,36.674,36.658,36.742,,37.562,-0.82,
2026-10-03 03:09:19,2238.0,tail,5.0224,-0.9868,-4.956,36.68,36.55,36.73,,37.437,-0.707,
2026-10-03 03:09:20,2239.0,tail,5.0236,-0.9864,-4.956,36.63,36.53,36.728,,37.437,-0.709,
2026-10-03 03:09:21,2240.0,tail,5.024,-0.9869,-4.958,36.66,36.514,36.708,,37.25,-0.542,
2026-10-03 03:09:22,2241.0,tail,5.0255,-0.9867,-4.9595,36.484,36.36,36.56,,37.187,-0.627,
2026-10-03 03:09:23,2242.0,tail,5.0249,-0.987,-4.96,36.482,36.362,36.54,,37.187,-0.647,
2026-10-03 03:09:24,2243.0,tail,5.0254,-0.9872,-4.962,36.52,36.362,36.552,,37.062,-0.51,
2026-10-03 03:09:25,2244.0,tail,5.0255,-0.987,-4.9605,36.462,36.254,36.52,,37.062,-0.542,
2026-10-03 03:09:26,2245.0,tail,5.0278,-0.9869,-4.9625,36.37,36.356,36.438,,36.937,-0.499,
2026-10-03 03:09:27,2246.0,tail,5.0287,-0.987,-4.964,36.284,36.236,36.346,,36.937,-0.591,
2026-10-03 03:09:28,2247.0,tail,5.029,-0.9871,-4.9645,36.24,36.17,36.284,,36.812,-0.528,
2026-10-03 03:09:29,2248.0,tail,5.0298,-0.9876,-4.968,36.232,36.078,36.246,,36.812,-0.566,
2026-10-03 03:09:30,2249.0,tail,5.2602,-0.395,-1.988,36.17,36.118,36.188,,36.687,-0.499,
2026-10-03 03:09:31,2250.0,tail,5.4191,-0.0004,-0.0035,36.202,36.144,36.228,,36.687,-0.459,
2026-10-03 03:09:32,2251.0,tail,5.4196,-0.0004,-0.004,36.164,36.184,36.224,,36.625,-0.401,
2026-10-03 03:09:33,2252.0,tail,5.4206,-0.0004,-0.003,36.094,36.116,36.142,,36.5,-0.358,
2026-10-03 03:09:34,2253.0,tail,5.4209,-0.0004,-0.002,36.072,36.04,36.092,,36.5,-0.408,
2026-10-03 03:09:35,2254.0,tail,5.422,-0.0004,-0.0025,36.092,36.106,36.146,,36.375,-0.229,
2026-10-03 03:09:36,2255.0,tail,5.4221,-0.0004,-0.0015,36.196,36.008,36.212,,36.375,-0.163,
2026-10-03 03:09:37,2256.0,tail,5.4228,-0.0004,-0.0035,36.146,35.904,36.146,,36.312,-0.166,
2026-10-03 03:09:38,2257.0,tail,5.4222,-0.0004,-0.0035,36.056,36.062,36.118,,36.312,-0.194,
2026-10-03 03:09:39,2258.0,tail,5.4224,-0.0004,-0.0045,35.954,36.068,36.104,,36.187,-0.083,
2026-10-03 03:09:40,2259.0,tail,5.425,-0.0004,-0.003,35.984,36.004,36.048,,36.062,-0.014,
2026-10-03 03:09:41,2260.0,tail,5.4249,-0.0004,-0.0025,35.932,35.96,35.992,,36.062,-0.07,
2026-10-03 03:09:42,2261.0,tail,5.4258,-0.0004,-0.0015,35.946,35.956,35.992,,35.937,0.055,
2026-10-03 03:09:43,2262.0,tail,5.4256,-0.0004,-0.0035,35.936,35.902,36.02,,35.937,0.083,
2026-10-03 03:09:44,2263.0,tail,5.4258,-0.0004,-0.0025,35.972,35.878,35.988,,35.875,0.113,
2026-10-03 03:09:45,2264.0,tail,5.4259,-0.0004,-0.001,36.006,35.798,36.006,,35.875,0.131,
2026-10-03 03:09:46,2265.0,tail,5.4256,-0.0004,-0.002,35.966,35.874,35.978,,35.75,0.228,
2026-10-03 03:09:47,2266.0,tail,5.4263,-0.0004,-0.0025,35.908,35.734,35.918,,35.75,0.168,
2026-10-03 03:09:48,2267.0,tail,5.4255,-0.0004,-0.003,35.818,35.86,35.892,,35.687,0.205,
2026-10-03 03:09:49,2268.0,tail,5.4267,-0.0004,-0.001,35.784,35.66,35.788,,35.562,0.226,
2026-10-03 03:09:50,2269.0,tail,5.4262,-0.0004,-0.003,35.722,35.628,35.724,,35.562,0.162,
2026-10-03 03:09:51,2270.0,tail,5.4265,-0.0004,-0.002,35.626,35.582,35.644,,35.5,0.144,
2026-10-03 03:09:52,2271.0,tail,5.4259,-0.0004,-0.0025,35.628,35.55,35.656,,35.5,0.156,
2026-10-03 03:09:53,2272.0,tail,5.426,-0.0004,-0.002,35.576,35.57,35.638,,35.375,0.263,
2026-10-03 03:09:54,2273.0,tail,5.4265,-0.0004,-0.0035,35.556,35.482,35.562,,35.375,0.187,
2026-10-03 03:09:55,2274.0,tail,5.4257,-0.0004,-0.0035,35.656,35.368,35.66,,35.25,0.41,
2026-10-03 03:09:56,2275.0,tail,5.4264,-0.0004,-0.004,35.548,35.292,35.548,,35.25,0.298,
2026-10-03 03:09:57,2276.0,tail,5.426,-0.0004,-0.003,35.52,35.256,35.52,,35.187,0.333,
2026-10-03 03:09:58,2277.0,tail,5.4268,-0.0004,-0.003,35.502,35.24,35.502,,35.125,0.377,
2026-10-03 03:09:59,2278.0,tail,5.426,-0.0004,-0.002,35.474,35.176,35.474,,35.125,0.349,
2026-10-03 03:10:00,2279.0,tail,5.4262,-0.0004,-0.0035,35.394,35.2,35.396,,35.0,0.396,
2026-10-03 03:10:01,2280.0,tail,5.4255,-0.0004,-0.001,35.372,35.162,35.378,,35.0,0.378,
2026-10-03 03:10:02,2281.0,tail,5.4258,-0.0004,-0.0035,35.42,35.02,35.42,,34.937,0.483,
2026-10-03 03:10:03,2282.0,tail,4.38,-0.0004,-0.001,35.274,35.124,35.278,,34.937,0.341,
2026-10-03 03:10:04,2283.0,tail,2.5292,-0.0004,0.0,35.262,35.024,35.266,,34.812,0.454,
2026-10-03 03:10:05,2284.0,tail,,,,35.194,34.986,35.218,,34.812,0.406,
2026-10-03 03:10:06,2285.0,tail,,,,35.12,34.986,35.12,,34.75,0.37,
2026-10-03 03:10:07,2286.0,tail,,,,35.144,34.98,35.156,,34.687,0.469,
2026-10-03 03:10:08,2287.0,tail,,,,35.142,34.902,35.142,,34.687,0.455,
2026-10-03 03:10:09,2288.0,tail,,,,35.142,34.86,35.148,,34.562,0.586,
2026-10-03 03:10:10,2289.0,tail,,,,35.096,34.804,35.096,,34.562,0.534,
2026-10-03 03:10:11,2290.0,tail,,,,35.09,34.722,35.09,,34.5,0.59,
2026-10-03 03:10:12,2291.0,tail,,,,34.972,34.678,34.972,,34.5,0.472,
2026-10-03 03:10:13,2292.0,tail,,,,34.972,34.722,34.972,,34.375,0.597,
2026-10-03 03:10:14,2293.0,tail,,,,34.964,34.706,34.964,,34.375,0.589,
2026-10-03 03:10:15,2294.0,tail,,,,34.962,34.682,34.962,,34.312,0.65,
2026-10-03 03:10:16,2295.0,tail,,,,34.886,34.666,34.894,,34.187,0.707,
2026-10-03 03:10:17,2296.0,tail,,,,34.792,34.544,34.792,,34.187,0.605,
2026-10-03 03:10:18,2297.0,tail,,,,34.794,34.624,34.794,,34.125,0.669,
2026-10-03 03:10:19,2298.0,tail,,,,34.738,34.546,34.756,,34.125,0.631,
2026-10-03 03:10:20,2299.0,tail,,,,34.708,34.528,34.73,,34.062,0.668,
2026-10-03 03:10:21,2300.0,tail,,,,34.728,34.466,34.728,,34.062,0.666,
2026-10-03 03:10:22,2301.0,tail,,,,34.576,34.446,34.598,,34.0,0.598,
2026-10-03 03:10:23,2302.0,tail,,,,34.504,34.392,34.524,,34.0,0.524,
2026-10-03 03:10:24,2303.0,tail,,,,34.458,34.326,34.46,,33.875,0.585,
2026-10-03 03:10:25,2304.0,tail,,,,34.444,34.292,34.446,,33.812,0.634,
2026-10-03 03:10:26,2305.0,tail,,,,34.46,34.348,34.482,,33.812,0.67,
2026-10-03 03:10:27,2306.0,tail,,,,34.438,34.36,34.446,,33.75,0.696,
2026-10-03 03:10:28,2307.0,tail,,,,34.37,34.396,34.434,,33.75,0.684,
2026-10-03 03:10:29,2308.0,tail,,,,34.334,34.26,34.348,,33.687,0.661,
2026-10-03 03:10:30,2309.0,tail,,,,34.402,34.282,34.406,,33.687,0.719,
2026-10-03 03:10:31,2310.0,tail,,,,34.25,34.098,34.286,,33.625,0.661,
2026-10-03 03:10:32,2311.0,tail,,,,34.26,34.098,34.274,,33.5,0.774,
2026-10-03 03:10:33,2312.0,tail,,,,34.248,34.08,34.252,,33.5,0.752,
2026-10-03 03:10:34,2313.0,tail,,,,34.21,34.118,34.242,,33.437,0.805,
2026-10-03 03:10:35,2314.0,tail,,,,34.182,34.156,34.232,,33.437,0.795,
2026-10-03 03:10:36,2315.0,tail,,,,34.088,34.022,34.13,,33.375,0.755,
2026-10-03 03:10:37,2316.0,tail,,,,33.984,33.958,34.022,,33.375,0.647,
2026-10-03 03:10:38,2317.0,tail,,,,34.072,34.044,34.108,,33.312,0.796,
2026-10-03 03:10:39,2318.0,tail,,,,33.972,34.002,34.052,,33.312,0.74,
2026-10-03 03:10:40,2319.0,tail,,,,33.942,33.898,34.002,,33.25,0.752,
2026-10-03 03:10:41,2320.0,tail,,,,33.902,33.956,34.006,,33.187,0.819,
2026-10-03 03:10:42,2321.0,tail,,,,33.896,33.81,33.904,,33.187,0.717,
2026-10-03 03:10:43,2322.0,tail,,,,33.854,33.816,33.908,,33.125,0.783,
2026-10-03 03:10:44,2323.0,tail,,,,33.84,33.728,33.858,,33.125,0.733,
2026-10-03 03:10:45,2324.0,tail,,,,33.692,33.778,33.806,,33.062,0.744,
2026-10-03 03:10:46,2325.0,tail,,,,33.766,33.738,33.838,,33.062,0.776,
2026-10-03 03:10:47,2326.0,tail,,,,33.724,33.736,33.782,,33.0,0.782,
2026-10-03 03:10:48,2327.0,tail,,,,33.654,33.686,33.71,,33.0,0.71,
2026-10-03 03:10:49,2328.0,tail,,,,33.628,33.692,33.744,,32.937,0.807,
2026-10-03 03:10:50,2329.0,tail,,,,33.608,33.74,33.752,,32.875,0.877,
2026-10-03 03:10:51,2330.0,tail,,,,33.58,33.582,33.622,,32.875,0.747,
2026-10-03 03:10:52,2331.0,tail,,,,33.518,33.6,33.628,,32.812,0.816,
2026-10-03 03:10:53,2332.0,tail,,,,33.472,33.534,33.55,,32.812,0.738,
2026-10-03 03:10:54,2333.0,tail,,,,33.462,33.472,33.522,,32.75,0.772,
2026-10-03 03:10:55,2334.0,tail,,,,33.542,33.462,33.558,,32.75,0.808,
2026-10-03 03:10:56,2335.0,tail,,,,33.382,33.396,33.442,,32.687,0.755,
2026-10-03 03:10:57,2336.0,tail,,,,33.38,33.458,33.5,,32.687,0.813,
2026-10-03 03:10:58,2337.0,tail,,,,33.36,33.436,33.45,,32.625,0.825,
2026-10-03 03:10:59,2338.0,tail,,,,33.334,33.334,33.388,,32.562,0.826,
2026-10-03 03:11:00,2339.0,tail,,,,33.302,33.34,33.36,,32.562,0.798,
2026-10-03 03:11:01,2340.0,tail,,,,33.216,33.452,33.452,,32.5,0.952,
2026-10-03 03:11:02,2341.0,tail,,,,33.186,33.264,33.308,,32.5,0.808,
2026-10-03 03:11:03,2342.0,tail,,,,33.21,33.208,33.272,,32.437,0.835,
2026-10-03 03:11:04,2343.0,tail,,,,33.08,33.244,33.244,,32.437,0.807,
2026-10-03 03:11:05,2344.0,tail,,,,33.176,33.242,33.25,,32.375,0.875,
2026-10-03 03:11:06,2345.0,tail,,,,33.124,33.244,33.262,,32.375,0.887,
2026-10-03 03:11:07,2346.0,tail,,,,33.06,34.516,34.516,,32.312,2.204,
2026-10-03 03:11:08,2347.0,tail,,,,33.114,35.48,35.48,,32.25,3.23,
2026-10-03 03:11:09,2348.0,tail,,,,33.02,34.638,34.638,,32.25,2.388,
2026-10-03 03:11:10,2349.0,tail,,,,33.076,33.754,33.754,,32.25,1.504,
2026-10-03 03:11:11,2350.0,tail,,,,32.98,33.236,33.236,,32.25,0.986,
2026-10-03 03:11:12,2351.0,tail,,,,32.996,33.08,33.086,,32.187,0.899,
2026-10-03 03:11:13,2352.0,tail,,,,33.004,33.004,33.06,,32.187,0.873,
2026-10-03 03:11:14,2353.0,tail,,,,32.91,32.908,32.964,,32.125,0.839,
2026-10-03 03:11:15,2354.0,tail,,,,32.974,32.792,32.996,,32.062,0.934,
2026-10-03 03:11:16,2355.0,tail,,,,32.858,32.538,32.858,,32.062,0.796,
2026-10-03 03:11:17,2356.0,tail,,,,32.846,32.588,32.846,,32.0,0.846,
2026-10-03 03:11:18,2357.0,tail,,,,32.994,32.654,32.994,,32.0,0.994,
2026-10-03 03:11:19,2358.0,tail,,,,32.764,32.526,32.764,,31.937,0.827,
2026-10-03 03:11:20,2359.0,tail,,,,32.79,32.548,32.796,,31.937,0.859,
2026-10-03 03:11:21,2360.0,tail,,,,32.796,32.404,32.796,,31.875,0.921,
2026-10-03 03:11:22,2361.0,tail,,,,32.708,32.282,32.708,,31.875,0.833,
2026-10-03 03:11:23,2362.0,tail,,,,32.662,32.142,32.662,,31.875,0.787,
2026-10-03 03:11:24,2363.0,tail,,,,32.664,32.138,32.664,,31.812,0.852,
2026-10-03 03:11:25,2364.0,tail,,,,32.672,32.036,32.672,,31.812,0.86,
2026-10-03 03:11:26,2365.0,tail,,,,32.546,32.06,32.546,,31.812,0.734,
2026-10-03 03:11:27,2366.0,tail,,,,32.642,32.064,32.642,,31.812,0.83,
2026-10-03 03:11:28,2367.0,tail,,,,32.584,31.986,32.584,,31.75,0.834,
2026-10-03 03:11:29,2368.0,tail,,,,32.478,31.946,32.478,,31.75,0.728,
2026-10-03 03:11:30,2369.0,tail,,,,32.536,32.054,32.536,,31.687,0.849,
2026-10-03 03:11:31,2370.0,tail,,,,32.542,32.006,32.542,,31.687,0.855,
2026-10-03 03:11:32,2371.0,tail,,,,32.43,31.986,32.43,,31.625,0.805,
2026-10-03 03:11:33,2372.0,tail,,,,32.468,31.862,32.468,,31.562,0.906,
2026-10-03 03:11:34,2373.0,tail,,,,32.454,31.796,32.454,,31.562,0.892,
2026-10-03 03:11:35,2374.0,tail,,,,32.344,31.77,32.344,,31.562,0.782,
2026-10-03 03:11:36,2375.0,tail,,,,32.394,31.83,32.394,,31.562,0.832,
2026-10-03 03:11:37,2376.0,tail,,,,32.358,31.882,32.358,,31.5,0.858,
2026-10-03 03:11:38,2377.0,tail,,,,32.318,31.852,32.318,,31.5,0.818,
2026-10-03 03:11:39,2378.0,tail,,,,32.388,31.808,32.388,,31.437,0.951,
2026-10-03 03:11:40,2379.0,tail,,,,32.354,31.752,32.354,,31.437,0.917,
2026-10-03 03:11:41,2380.0,tail,,,,32.25,31.79,32.25,,31.375,0.875,
2026-10-03 03:11:42,2381.0,tail,,,,32.278,31.672,32.278,,31.312,0.966,
2026-10-03 03:11:43,2382.0,tail,,,,32.294,31.67,32.294,,31.312,0.982,
2026-10-03 03:11:44,2383.0,tail,,,,32.26,31.562,32.26,,31.312,0.948,
2026-10-03 03:11:45,2384.0,tail,,,,32.172,31.514,32.172,,31.312,0.86,
2026-10-03 03:11:46,2385.0,tail,,,,32.202,31.438,32.202,,31.25,0.952,
2026-10-03 03:11:47,2386.0,tail,,,,32.138,31.484,32.138,,31.25,0.888,
2026-10-03 03:11:48,2387.0,tail,,,,32.254,31.588,32.254,,31.125,1.129,
2026-10-03 03:11:49,2388.0,tail,,,,32.278,31.624,32.278,,31.125,1.153,
2026-10-03 03:11:50,2389.0,tail,,,,32.232,31.63,32.232,,31.125,1.107,
2026-10-03 03:11:51,2390.0,tail,,,,32.118,31.676,32.118,,31.062,1.056,
2026-10-03 03:11:52,2391.0,tail,,,,32.2,31.552,32.2,,31.062,1.138,
2026-10-03 03:11:53,2392.0,tail,,,,32.154,31.5,32.154,,31.0,1.154,
2026-10-03 03:11:54,2393.0,tail,,,,32.106,31.49,32.106,,31.0,1.106,
2026-10-03 03:11:55,2394.0,tail,,,,32.074,31.482,32.074,,30.937,1.137,
2026-10-03 03:11:56,2395.0,tail,,,,32.136,31.5,32.136,,30.937,1.199,
2026-10-03 03:11:57,2396.0,tail,,,,32.076,31.556,32.076,,30.937,1.139,
2026-10-03 03:11:58,2397.0,tail,,,,32.088,31.514,32.088,,30.875,1.213,
2026-10-03 03:11:59,2398.0,tail,,,,32.036,31.622,32.036,,30.875,1.161,
2026-10-03 03:12:00,2399.0,tail,,,,32.044,31.598,32.044,,30.812,1.232,
2026-10-03 03:12:01,2400.0,tail,,,,31.976,31.688,31.976,,30.812,1.164,
2026-10-03 03:12:02,2401.0,tail,,,,31.926,31.478,31.926,,30.75,1.176,
2026-10-03 03:12:03,2402.0,tail,,,,31.982,31.362,31.982,,30.75,1.232,
2026-10-03 03:12:04,2403.0,tail,,,,31.894,31.452,31.894,,30.75,1.144,
2026-10-03 03:12:05,2404.0,tail,,,,31.896,31.328,31.896,,30.75,1.146,
2026-10-03 03:12:06,2405.0,tail,,,,31.944,31.436,31.944,,30.687,1.257,
2026-10-03 03:12:07,2406.0,tail,,,,31.908,31.384,31.908,,30.625,1.283,
2026-10-03 03:12:08,2407.0,tail,,,,31.862,31.256,31.862,,30.625,1.237,
2026-10-03 03:12:09,2408.0,tail,,,,31.842,31.256,31.842,,30.625,1.217,
2026-10-03 03:12:10,2409.0,tail,,,,31.804,31.216,31.804,,30.625,1.179,
2026-10-03 03:12:11,2410.0,tail,,,,31.792,31.282,31.792,,30.562,1.23,
2026-10-03 03:12:12,2411.0,tail,,,,31.752,31.256,31.752,,30.562,1.19,
2026-10-03 03:12:13,2412.0,tail,,,,31.804,31.316,31.804,,30.5,1.304,
2026-10-03 03:12:14,2413.0,tail,,,,31.816,31.436,31.816,,30.5,1.316,
2026-10-03 03:12:15,2414.0,tail,,,,31.836,31.468,31.836,,30.5,1.336,
2026-10-03 03:12:16,2415.0,tail,,,,31.78,31.538,31.78,,30.437,1.343,
2026-10-03 03:12:17,2416.0,tail,,,,31.832,31.568,31.832,,30.437,1.395,
2026-10-03 03:12:18,2417.0,tail,,,,31.84,31.612,31.848,,30.375,1.473,
2026-10-03 03:12:19,2418.0,tail,,,,31.75,31.646,31.768,,30.375,1.393,
2026-10-03 03:12:20,2419.0,tail,,,,31.81,31.68,31.826,,30.375,1.451,
2026-10-03 03:12:21,2420.0,tail,,,,31.744,31.74,31.782,,30.375,1.407,
2026-10-03 03:12:22,2421.0,tail,,,,31.724,31.656,31.742,,30.312,1.43,
2026-10-03 03:12:23,2422.0,tail,,,,31.712,31.704,31.772,,30.312,1.46,
2026-10-03 03:12:24,2423.0,tail,,,,31.736,31.78,31.796,,30.25,1.546,
2026-10-03 03:12:25,2424.0,tail,,,,31.758,31.824,31.846,,30.25,1.596,
2026-10-03 03:12:26,2425.0,tail,,,,31.72,31.816,31.822,,30.25,1.572,
2026-10-03 03:12:27,2426.0,tail,,,,31.784,31.782,31.86,,30.187,1.673,
2026-10-03 03:12:28,2427.0,tail,,,,31.722,31.822,31.88,,30.187,1.693,
2026-10-03 03:12:29,2428.0,tail,,,,31.692,31.828,31.84,,30.125,1.715,
2026-10-03 03:12:30,2429.0,tail,,,,31.72,31.78,31.818,,30.125,1.693,
2026-10-03 03:12:31,2430.0,tail,,,,31.69,31.86,31.862,,30.125,1.737,
2026-10-03 03:12:32,2431.0,tail,,,,31.734,31.928,31.936,,30.125,1.811,
2026-10-03 03:12:33,2432.0,tail,,,,31.664,31.9,31.908,,30.062,1.846,
2026-10-03 03:12:34,2433.0,tail,,,,31.656,31.94,31.94,,30.062,1.878,
2026-10-03 03:12:35,2434.0,tail,,,,31.692,31.834,31.866,,30.062,1.804,
2026-10-03 03:12:36,2435.0,tail,,,,31.622,31.91,31.91,,30.0,1.91,
2026-10-03 03:12:37,2436.0,tail,,,,31.654,31.876,31.88,,30.0,1.88,
2026-10-03 03:12:38,2437.0,tail,,,,31.676,31.898,31.898,,29.937,1.961,
2026-10-03 03:12:39,2438.0,tail,,,,31.558,31.886,31.886,,29.937,1.949,
2026-10-03 03:12:40,2439.0,tail,,,,31.618,31.764,31.794,,29.937,1.857,
2026-10-03 03:12:41,2440.0,tail,,,,31.606,31.77,31.774,,29.937,1.837,
2026-10-03 03:12:42,2441.0,tail,,,,31.558,31.81,31.816,,29.875,1.941,
2026-10-03 03:12:43,2442.0,tail,,,,31.56,31.914,31.914,,29.875,2.039,
2026-10-03 03:12:44,2443.0,tail,,,,31.514,31.794,31.8,,29.875,1.925,
2026-10-03 03:12:45,2444.0,tail,,,,31.53,31.84,31.84,,29.812,2.028,
2026-10-03 03:12:46,2445.0,tail,,,,31.5,31.786,31.794,,29.812,1.982,
2026-10-03 03:12:47,2446.0,tail,,,,31.54,31.8,31.808,,29.75,2.058,
2026-10-03 03:12:48,2447.0,tail,,,,31.496,31.858,31.858,,29.75,2.108,
2026-10-03 03:12:49,2448.0,tail,,,,31.494,31.826,31.826,,29.75,2.076,
2026-10-03 03:12:50,2449.0,tail,,,,31.496,31.86,31.86,,29.687,2.173,
2026-10-03 03:12:51,2450.0,tail,,,,31.474,31.93,31.93,,29.687,2.243,
2026-10-03 03:12:52,2451.0,tail,,,,31.5,31.958,31.958,,29.687,2.271,
2026-10-03 03:12:53,2452.0,tail,,,,31.418,31.962,31.962,,29.687,2.275,
2026-10-03 03:12:54,2453.0,tail,,,,31.508,31.84,31.84,,29.625,2.215,
2026-10-03 03:12:55,2454.0,tail,,,,31.526,32.024,32.024,,29.625,2.399,
2026-10-03 03:12:56,2455.0,tail,,,,31.522,31.95,31.95,,29.625,2.325,
2026-10-03 03:12:57,2456.0,tail,,,,31.486,31.918,31.918,,29.625,2.293,
2026-10-03 03:12:58,2457.0,tail,,,,31.478,31.872,31.872,,29.562,2.31,
2026-10-03 03:12:59,2458.0,tail,,,,31.456,31.918,31.918,,29.562,2.356,
2026-10-03 03:13:00,2459.0,tail,,,,31.47,31.94,31.94,,29.562,2.378,
2026-10-03 03:13:01,2460.0,tail,,,,31.382,31.88,31.88,,29.5,2.38,
2026-10-03 03:13:02,2461.0,tail,,,,31.404,31.936,31.936,,29.5,2.436,
2026-10-03 03:13:03,2462.0,tail,,,,31.36,31.962,31.962,,29.437,2.525,
2026-10-03 03:13:04,2463.0,tail,,,,31.4,31.996,31.996,,29.437,2.559,
2026-10-03 03:13:05,2464.0,tail,,,,31.416,31.92,31.92,,29.437,2.483,
2026-10-03 03:13:06,2465.0,tail,,,,31.414,31.928,31.928,,29.437,2.491,
2026-10-03 03:13:07,2466.0,tail,,,,31.336,31.86,31.86,,29.375,2.485,
2026-10-03 03:13:08,2467.0,tail,,,,31.286,31.978,31.978,,29.375,2.603,
2026-10-03 03:13:09,2468.0,tail,,,,31.262,31.964,31.964,,29.375,2.589,
2026-10-03 03:13:10,2469.0,tail,,,,31.344,31.916,31.916,,29.312,2.604,
2026-10-03 03:13:11,2470.0,tail,,,,31.304,31.948,31.948,,29.312,2.636,
2026-10-03 03:13:12,2471.0,tail,,,,31.302,31.826,31.826,,29.312,2.514,
2026-10-03 03:13:13,2472.0,tail,,,,31.3,31.9,31.9,,29.312,2.588,
2026-10-03 03:13:14,2473.0,tail,,,,31.27,31.86,31.86,,29.25,2.61,
2026-10-03 03:13:15,2474.0,tail,,,,31.284,31.816,31.816,,29.25,2.566,
2026-10-03 03:13:16,2475.0,tail,,,,31.272,31.822,31.822,,29.25,2.572,
2026-10-03 03:13:17,2476.0,tail,,,,31.296,31.852,31.852,,29.187,2.665,
2026-10-03 03:13:18,2477.0,tail,,,,31.274,31.866,31.866,,29.187,2.679,
2026-10-03 03:13:19,2478.0,tail,,,,31.29,31.916,31.916,,29.187,2.729,
2026-10-03 03:13:20,2479.0,tail,,,,31.246,31.924,31.924,,29.187,2.737,
2026-10-03 03:13:21,2480.0,tail,,,,31.23,31.868,31.868,,29.125,2.743,
2026-10-03 03:13:22,2481.0,tail,,,,31.186,31.852,31.852,,29.125,2.727,
2026-10-03 03:13:23,2482.0,tail,,,,31.128,31.862,31.862,,29.125,2.737,
2026-10-03 03:13:24,2483.0,tail,,,,31.074,31.922,31.922,,29.125,2.797,
2026-10-03 03:13:25,2484.0,tail,,,,31.102,31.82,31.82,,29.062,2.758,
2026-10-03 03:13:26,2485.0,tail,,,,31.174,31.824,31.824,,29.062,2.762,
2026-10-03 03:13:27,2486.0,tail,,,,31.126,31.854,31.854,,29.062,2.792,
2026-10-03 03:13:28,2487.0,tail,,,,31.156,31.854,31.854,,29.0,2.854,
2026-10-03 03:13:29,2488.0,tail,,,,31.064,31.94,31.94,,29.0,2.94,
2026-10-03 03:13:30,2489.0,tail,,,,31.03,31.898,31.898,,29.0,2.898,
2026-10-03 03:13:31,2490.0,tail,,,,31.092,31.748,31.748,,29.0,2.748,
2026-10-03 03:13:32,2491.0,tail,,,,31.07,31.836,31.836,,29.0,2.836,
2026-10-03 03:13:33,2492.0,tail,,,,30.994,31.762,31.762,,29.0,2.762,
2026-10-03 03:13:34,2493.0,tail,,,,31.098,31.736,31.736,,28.937,2.799,
2026-10-03 03:13:35,2494.0,tail,,,,30.986,31.734,31.734,,28.937,2.797,
2026-10-03 03:13:36,2495.0,tail,,,,31.02,31.8,31.8,,28.937,2.863,
2026-10-03 03:13:37,2496.0,tail,,,,31.004,31.738,31.738,,28.875,2.863,
2026-10-03 03:13:38,2497.0,tail,,,,31.062,31.788,31.788,,28.875,2.913,
2026-10-03 03:13:39,2498.0,tail,,,,30.996,31.764,31.764,,28.812,2.952,
2026-10-03 03:13:40,2499.0,tail,,,,30.744,31.568,31.568,,28.812,2.756,
2026-10-03 03:13:41,2500.0,tail,,,,30.824,31.366,31.366,,28.812,2.554,
2026-10-03 03:13:42,2501.0,tail,,,,30.688,31.334,31.334,,28.812,2.522,
2026-10-03 03:13:43,2502.0,tail,,,,30.802,31.064,31.064,,28.812,2.252,
2026-10-03 03:13:44,2503.0,tail,,,,30.648,31.002,31.014,,28.75,2.264,
2026-10-03 03:13:45,2504.0,tail,,,,30.652,31.01,31.01,,28.75,2.26,
2026-10-03 03:13:46,2505.0,tail,,,,30.716,30.928,30.946,,28.75,2.196,
2026-10-03 03:13:47,2506.0,tail,,,,30.642,30.878,30.878,,28.75,2.128,
2026-10-03 03:13:48,2507.0,tail,,,,30.682,30.972,30.972,,28.687,2.285,
2026-10-03 03:13:49,2508.0,tail,,,,30.578,30.82,30.82,,28.687,2.133,
2026-10-03 03:13:50,2509.0,tail,,,,30.61,30.784,30.79,,28.687,2.103,
2026-10-03 03:13:51,2510.0,tail,,,,30.61,30.748,30.748,,28.687,2.061,
2026-10-03 03:13:52,2511.0,tail,,,,30.562,30.766,30.766,,28.625,2.141,
2026-10-03 03:13:53,2512.0,tail,,,,30.512,30.74,30.742,,28.625,2.117,
2026-10-03 03:13:54,2513.0,tail,,,,30.578,30.666,30.702,,28.625,2.077,
2026-10-03 03:13:55,2514.0,tail,,,,30.524,30.588,30.62,,28.562,2.058,
2026-10-03 03:13:56,2515.0,tail,,,,30.55,30.59,30.646,,28.562,2.084,
2026-10-03 03:13:57,2516.0,tail,,,,30.508,30.58,30.598,,28.562,2.036,
2026-10-03 03:13:58,2517.0,tail,,,,30.496,30.672,30.69,,28.562,2.128,
2026-10-03 03:13:59,2518.0,tail,,,,30.578,30.634,30.648,,28.562,2.086,
2026-10-03 03:14:00,2519.0,tail,,,,30.462,30.498,30.538,,28.5,2.038,
2026-10-03 03:14:01,2520.0,tail,,,,30.534,30.57,30.618,,28.5,2.118,
2026-10-03 03:14:02,2521.0,tail,,,,30.456,30.494,30.518,,28.5,2.018,
2026-10-03 03:14:03,2522.0,tail,,,,30.6,30.57,30.684,,28.5,2.184,
2026-10-03 03:14:04,2523.0,tail,,,,30.532,30.534,30.576,,28.437,2.139,
2026-10-03 03:14:05,2524.0,tail,,,,30.482,30.548,30.578,,28.437,2.141,
2026-10-03 03:14:06,2525.0,tail,,,,30.46,30.528,30.594,,28.437,2.157,
2026-10-03 03:14:07,2526.0,tail,,,,30.378,30.492,30.51,,28.437,2.073,
2026-10-03 03:14:08,2527.0,tail,,,,30.468,30.456,30.534,,28.437,2.097,
2026-10-03 03:14:09,2528.0,tail,,,,30.39,30.338,30.402,,28.375,2.027,
2026-10-03 03:14:10,2529.0,tail,,,,30.356,30.426,30.458,,28.375,2.083,
2026-10-03 03:14:11,2530.0,tail,,,,30.378,30.384,30.422,,28.375,2.047,
2026-10-03 03:14:12,2531.0,tail,,,,30.368,30.442,30.476,,28.375,2.101,
2026-10-03 03:14:13,2532.0,tail,,,,30.438,30.428,30.516,,28.312,2.204,
2026-10-03 03:14:14,2533.0,tail,,,,30.35,30.474,30.506,,28.312,2.194,
2026-10-03 03:14:15,2534.0,tail,,,,30.338,30.374,30.424,,28.312,2.112,
2026-10-03 03:14:16,2535.0,tail,,,,30.34,30.406,30.43,,28.312,2.118,
2026-10-03 03:14:17,2536.0,tail,,,,30.304,30.374,30.406,,28.25,2.156,
2026-10-03 03:14:18,2537.0,tail,,,,30.362,30.328,30.39,,28.25,2.14,
2026-10-03 03:14:19,2538.0,tail,,,,30.292,30.412,30.426,,28.25,2.176,
2026-10-03 03:14:20,2539.0,tail,,,,30.362,30.414,30.438,,28.187,2.251,
2026-10-03 03:14:21,2540.0,tail,,,,30.308,30.38,30.4,,28.187,2.213,
2026-10-03 03:14:22,2541.0,tail,,,,30.314,30.378,30.386,,28.187,2.199,
2026-10-03 03:14:23,2542.0,tail,,,,30.288,30.442,30.472,,28.187,2.285,
2026-10-03 03:14:24,2543.0,tail,,,,30.286,30.424,30.424,,28.125,2.299,
2026-10-03 03:14:25,2544.0,tail,,,,30.34,30.464,30.5,,28.125,2.375,
2026-10-03 03:14:26,2545.0,tail,,,,30.258,30.412,30.422,,28.125,2.297,
2026-10-03 03:14:27,2546.0,tail,,,,30.244,30.448,30.46,,28.125,2.335,
2026-10-03 03:14:28,2547.0,tail,,,,30.272,30.394,30.418,,28.125,2.293,
2026-10-03 03:14:29,2548.0,tail,,,,30.21,30.424,30.424,,28.125,2.299,
2026-10-03 03:14:30,2549.0,tail,,,,30.204,30.53,30.53,,28.125,2.405,
2026-10-03 03:14:31,2550.0,tail,,,,30.112,30.58,30.58,,28.125,2.455,
2026-10-03 03:14:32,2551.0,tail,,,,30.202,30.59,30.59,,28.125,2.465,
2026-10-03 03:14:33,2552.0,tail,,,,30.158,30.612,30.612,,28.062,2.55,
2026-10-03 03:14:34,2553.0,tail,,,,30.168,30.622,30.622,,28.062,2.56,
2026-10-03 03:14:35,2554.0,tail,,,,30.18,30.608,30.608,,28.062,2.546,
2026-10-03 03:14:36,2555.0,tail,,,,30.148,30.672,30.672,,28.062,2.61,
2026-10-03 03:14:37,2556.0,tail,,,,30.154,30.654,30.654,,28.062,2.592,
2026-10-03 03:14:38,2557.0,tail,,,,30.134,30.796,30.796,,28.0,2.796,
2026-10-03 03:14:39,2558.0,tail,,,,30.092,30.798,30.798,,28.0,2.798,
2026-10-03 03:14:40,2559.0,tail,,,,30.098,30.712,30.712,,28.0,2.712,
2026-10-03 03:14:41,2560.0,tail,,,,30.1,30.894,30.894,,28.0,2.894,
2026-10-03 03:14:42,2561.0,tail,,,,30.166,30.83,30.83,,28.0,2.83,
2026-10-03 03:14:43,2562.0,tail,,,,30.168,30.772,30.772,,27.937,2.835,
2026-10-03 03:14:44,2563.0,tail,,,,30.048,30.818,30.818,,27.937,2.881,
2026-10-03 03:14:45,2564.0,tail,,,,30.114,30.75,30.75,,27.937,2.813,
2026-10-03 03:14:46,2565.0,tail,,,,30.072,30.79,30.79,,27.937,2.853,
2026-10-03 03:14:47,2566.0,tail,,,,30.062,30.812,30.812,,27.875,2.937,
2026-10-03 03:14:48,2567.0,tail,,,,30.104,30.874,30.874,,27.875,2.999,
2026-10-03 03:14:49,2568.0,tail,,,,30.008,30.81,30.81,,27.875,2.935,
2026-10-03 03:14:50,2569.0,tail,,,,30.06,30.79,30.79,,27.875,2.915,
2026-10-03 03:14:51,2570.0,tail,,,,30.04,30.822,30.822,,27.875,2.947,
2026-10-03 03:14:52,2571.0,tail,,,,30.078,30.88,30.88,,27.875,3.005,
2026-10-03 03:14:53,2572.0,tail,,,,29.954,30.834,30.834,,27.875,2.959,
2026-10-03 03:14:54,2573.0,tail,,,,29.994,30.862,30.862,,27.812,3.05,
2026-10-03 03:14:55,2574.0,tail,,,,30.056,30.776,30.776,,27.812,2.964,
2026-10-03 03:14:56,2575.0,tail,,,,30.012,30.81,30.81,,27.812,2.998,
2026-10-03 03:14:57,2576.0,tail,,,,29.986,30.708,30.708,,27.812,2.896,
2026-10-03 03:14:58,2577.0,tail,,,,29.982,30.666,30.666,,27.75,2.916,
2026-10-03 03:14:59,2578.0,tail,,,,29.94,30.75,30.75,,27.75,3.0,
2026-10-03 03:15:00,2579.0,tail,,,,29.938,30.732,30.732,,27.75,2.982,
2026-10-03 03:15:01,2580.0,tail,,,,29.954,30.716,30.716,,27.75,2.966,
2026-10-03 03:15:02,2581.0,tail,,,,29.916,30.766,30.766,,27.75,3.016,
2026-10-03 03:15:03,2582.0,tail,,,,29.864,30.778,30.778,,27.687,3.091,
2026-10-03 03:15:04,2583.0,tail,,,,29.838,30.84,30.84,,27.687,3.153,
2026-10-03 03:15:05,2584.0,tail,,,,29.832,30.8,30.8,,27.687,3.113,
2026-10-03 03:15:06,2585.0,tail,,,,29.9,30.776,30.776,,27.687,3.089,
2026-10-03 03:15:07,2586.0,tail,,,,29.854,30.762,30.762,,27.687,3.075,
2026-10-03 03:15:08,2587.0,tail,,,,29.854,30.826,30.826,,27.687,3.139,
2026-10-03 03:15:09,2588.0,tail,,,,29.864,30.82,30.82,,27.687,3.133,
2026-10-03 03:15:10,2589.0,tail,,,,29.87,30.692,30.692,,27.625,3.067,
2026-10-03 03:15:11,2590.0,tail,,,,29.788,30.662,30.662,,27.625,3.037,
2026-10-03 03:15:12,2591.0,tail,,,,29.778,30.688,30.688,,27.625,3.063,
2026-10-03 03:15:13,2592.0,tail,,,,29.86,30.53,30.53,,27.625,2.905,
2026-10-03 03:15:14,2593.0,tail,,,,29.852,30.556,30.556,,27.625,2.931,
2026-10-03 03:15:15,2594.0,tail,,,,29.776,30.48,30.48,,27.625,2.855,
2026-10-03 03:15:16,2595.0,tail,,,,29.78,30.492,30.492,,27.562,2.93,
2026-10-03 03:15:17,2596.0,tail,,,,29.836,30.432,30.432,,27.562,2.87,
2026-10-03 03:15:18,2597.0,tail,,,,29.83,30.406,30.406,,27.562,2.844,
2026-10-03 03:15:19,2598.0,tail,,,,29.816,30.37,30.37,,27.562,2.808,
2026-10-03 03:15:20,2599.0,tail,,,,29.794,30.47,30.47,,27.562,2.908,
2026-10-03 03:15:21,2600.0,tail,,,,29.742,30.454,30.454,,27.562,2.892,
2026-10-03 03:15:22,2601.0,tail,,,,29.78,30.388,30.388,,27.562,2.826,
2026-10-03 03:15:23,2602.0,tail,,,,29.698,30.43,30.43,,27.5,2.93,
2026-10-03 03:15:24,2603.0,tail,,,,29.652,30.408,30.408,,27.5,2.908,
2026-10-03 03:15:25,2604.0,tail,,,,29.686,30.364,30.364,,27.5,2.864,
2026-10-03 03:15:26,2605.0,tail,,,,29.646,30.248,30.248,,27.5,2.748,
2026-10-03 03:15:27,2606.0,tail,,,,29.708,30.274,30.274,,27.5,2.774,
2026-10-03 03:15:28,2607.0,tail,,,,29.652,30.254,30.254,,27.437,2.817,
2026-10-03 03:15:29,2608.0,tail,,,,29.762,30.224,30.224,,27.437,2.787,
2026-10-03 03:15:30,2609.0,tail,,,,29.666,30.142,30.142,,27.437,2.705,
2026-10-03 03:15:31,2610.0,tail,,,,29.624,30.12,30.12,,27.437,2.683,
2026-10-03 03:15:32,2611.0,tail,,,,29.636,30.12,30.12,,27.437,2.683,
2026-10-03 03:15:33,2612.0,tail,,,,29.59,30.112,30.112,,27.437,2.675,
2026-10-03 03:15:34,2613.0,tail,,,,29.596,30.16,30.16,,27.375,2.785,
2026-10-03 03:15:35,2614.0,tail,,,,29.598,30.088,30.088,,27.375,2.713,
2026-10-03 03:15:36,2615.0,tail,,,,29.624,30.124,30.124,,27.375,2.749,
2026-10-03 03:15:37,2616.0,tail,,,,29.618,30.052,30.052,,27.375,2.677,
2026-10-03 03:15:38,2617.0,tail,,,,29.618,30.092,30.092,,27.375,2.717,
2026-10-03 03:15:39,2618.0,tail,,,,29.588,30.136,30.136,,27.375,2.761,
2026-10-03 03:15:40,2619.0,tail,,,,29.622,30.11,30.11,,27.375,2.735,
2026-10-03 03:15:41,2620.0,tail,,,,29.592,30.214,30.214,,27.375,2.839,
2026-10-03 03:15:42,2621.0,tail,,,,29.566,30.228,30.228,,27.375,2.853,
2026-10-03 03:15:43,2622.0,tail,,,,29.554,30.236,30.236,,27.312,2.924,
2026-10-03 03:15:44,2623.0,tail,,,,29.542,30.26,30.26,,27.312,2.948,
2026-10-03 03:15:45,2624.0,tail,,,,29.524,30.286,30.286,,27.312,2.974,
2026-10-03 03:15:46,2625.0,tail,,,,29.522,30.31,30.31,,27.312,2.998,
2026-10-03 03:15:47,2626.0,tail,,,,29.552,30.306,30.306,,27.312,2.994,
2026-10-03 03:15:48,2627.0,tail,,,,29.466,30.316,30.316,,27.25,3.066,
2026-10-03 03:15:49,2628.0,tail,,,,29.468,30.372,30.372,,27.25,3.122,
2026-10-03 03:15:50,2629.0,tail,,,,29.512,30.37,30.37,,27.25,3.12,
2026-10-03 03:15:51,2630.0,tail,,,,29.52,30.322,30.322,,27.25,3.072,
2026-10-03 03:15:52,2631.0,tail,,,,29.488,30.372,30.372,,27.25,3.122,
2026-10-03 03:15:53,2632.0,tail,,,,29.454,30.264,30.264,,27.25,3.014,
2026-10-03 03:15:54,2633.0,tail,,,,29.442,30.328,30.328,,27.25,3.078,
2026-10-03 03:15:55,2634.0,tail,,,,29.51,30.208,30.208,,27.187,3.021,
2026-10-03 03:15:56,2635.0,tail,,,,29.474,30.192,30.192,,27.187,3.005,
2026-10-03 03:15:57,2636.0,tail,,,,29.478,30.238,30.238,,27.187,3.051,
2026-10-03 03:15:58,2637.0,tail,,,,29.374,30.278,30.278,,27.187,3.091,
2026-10-03 03:15:59,2638.0,tail,,,,29.49,30.27,30.27,,27.187,3.083,
2026-10-03 03:16:00,2639.0,tail,,,,29.532,30.318,30.318,,27.187,3.131,
2026-10-03 03:16:01,2640.0,tail,,,,29.498,30.32,30.32,,27.187,3.133,
2026-10-03 03:16:02,2641.0,tail,,,,29.402,30.352,30.352,,27.187,3.165,
2026-10-03 03:16:03,2642.0,tail,,,,29.414,30.366,30.366,,27.187,3.179,
2026-10-03 03:16:04,2643.0,tail,,,,29.474,30.31,30.31,,27.125,3.185,
2026-10-03 03:16:05,2644.0,tail,,,,29.33,30.364,30.364,,27.125,3.239,
2026-10-03 03:16:06,2645.0,tail,,,,29.42,30.376,30.376,,27.125,3.251,
2026-10-03 03:16:07,2646.0,tail,,,,29.334,30.324,30.324,,27.125,3.199,
2026-10-03 03:16:08,2647.0,tail,,,,29.4,30.368,30.368,,27.125,3.243,
2026-10-03 03:16:09,2648.0,tail,,,,29.358,30.282,30.282,,27.062,3.22,
2026-10-03 03:16:10,2649.0,tail,,,,29.364,30.222,30.222,,27.062,3.16,
2026-10-03 03:16:11,2650.0,tail,,,,29.49,30.216,30.216,,27.062,3.154,
2026-10-03 03:16:12,2651.0,tail,,,,29.288,30.112,30.112,,27.062,3.05,
2026-10-03 03:16:13,2652.0,tail,,,,29.404,30.136,30.136,,27.062,3.074,
2026-10-03 03:16:14,2653.0,tail,,,,29.348,30.114,30.114,,27.062,3.052,
2026-10-03 03:16:15,2654.0,tail,,,,29.334,30.07,30.07,,27.062,3.008,
2026-10-03 03:16:16,2655.0,tail,,,,29.286,30.078,30.078,,27.062,3.016,
2026-10-03 03:16:17,2656.0,tail,,,,29.356,30.216,30.216,,27.062,3.154,
2026-10-03 03:16:18,2657.0,tail,,,,29.24,30.224,30.224,,27.0,3.224,
2026-10-03 03:16:19,2658.0,tail,,,,29.252,30.222,30.222,,27.0,3.222,
2026-10-03 03:16:20,2659.0,tail,,,,29.244,30.27,30.27,,27.0,3.27,
2026-10-03 03:16:21,2660.0,tail,,,,29.238,30.256,30.256,,27.0,3.256,
2026-10-03 03:16:22,2661.0,tail,,,,29.334,30.218,30.218,,27.0,3.218,
2026-10-03 03:16:23,2662.0,tail,,,,29.252,30.156,30.156,,27.0,3.156,
2026-10-03 03:16:24,2663.0,tail,,,,29.24,30.126,30.126,,27.0,3.126,
2026-10-03 03:16:25,2664.0,tail,,,,29.292,30.108,30.108,,27.0,3.108,
2026-10-03 03:16:26,2665.0,tail,,,,29.24,30.112,30.112,,26.937,3.175,
2026-10-03 03:16:27,2666.0,tail,,,,29.196,30.09,30.09,,26.937,3.153,
2026-10-03 03:16:28,2667.0,tail,,,,29.58,30.046,30.306,,26.937,3.369,
2026-10-03 03:16:29,2668.0,tail,,,,29.154,30.11,30.11,,26.937,3.173,
2026-10-03 03:16:30,2669.0,tail,,,,29.124,30.01,30.01,,26.937,3.073,
2026-10-03 03:16:31,2670.0,tail,,,,29.146,29.92,29.92,,26.937,2.983,
2026-10-03 03:16:32,2671.0,tail,,,,29.148,29.846,29.846,,26.937,2.909,
2026-10-03 03:16:33,2672.0,tail,,,,29.182,29.82,29.82,,26.937,2.883,
2026-10-03 03:16:34,2673.0,tail,,,,29.164,29.834,29.834,,26.937,2.897,
2026-10-03 03:16:35,2674.0,tail,,,,29.214,29.818,29.818,,26.937,2.881,
2026-10-03 03:16:36,2675.0,tail,,,,29.164,29.698,29.698,,26.875,2.823,
2026-10-03 03:16:37,2676.0,tail,,,,29.13,29.744,29.744,,26.875,2.869,
2026-10-03 03:16:38,2677.0,tail,,,,29.214,29.808,29.808,,26.875,2.933,
2026-10-03 03:16:39,2678.0,tail,,,,29.148,29.88,29.88,,26.875,3.005,
2026-10-03 03:16:40,2679.0,tail,,,,29.166,29.864,29.864,,26.875,2.989,
2026-10-03 03:16:41,2680.0,tail,,,,29.13,29.916,29.916,,26.875,3.041,
2026-10-03 03:16:42,2681.0,tail,,,,29.092,29.942,29.942,,26.875,3.067,
2026-10-03 03:16:43,2682.0,tail,,,,29.132,29.896,29.896,,26.875,3.021,
2026-10-03 03:16:44,2683.0,tail,,,,29.054,29.878,29.878,,26.875,3.003,
2026-10-03 03:16:45,2684.0,tail,,,,29.028,29.942,29.942,,26.812,3.13,
2026-10-03 03:16:46,2685.0,tail,,,,29.056,29.898,29.898,,26.812,3.086,
2026-10-03 03:16:47,2686.0,tail,,,,29.02,30.006,30.006,,26.812,3.194,
2026-10-03 03:16:48,2687.0,tail,,,,29.084,30.01,30.01,,26.812,3.198,
2026-10-03 03:16:49,2688.0,tail,,,,29.098,29.914,29.914,,26.812,3.102,
2026-10-03 03:16:50,2689.0,tail,,,,29.08,30.0,30.0,,26.812,3.188,
2026-10-03 03:16:51,2690.0,tail,,,,29.088,30.048,30.048,,26.812,3.236,
2026-10-03 03:16:52,2691.0,tail,,,,29.062,30.12,30.12,,26.812,3.308,
2026-10-03 03:16:53,2692.0,tail,,,,29.014,30.054,30.054,,26.812,3.242,
2026-10-03 03:16:54,2693.0,tail,,,,29.01,30.048,30.048,,26.812,3.236,
2026-10-03 03:16:55,2694.0,tail,,,,29.044,30.05,30.05,,26.812,3.238,
2026-10-03 03:16:56,2695.0,tail,,,,29.048,30.03,30.03,,26.75,3.28,
2026-10-03 03:16:57,2696.0,tail,,,,29.012,30.042,30.042,,26.75,3.292,
2026-10-03 03:16:58,2697.0,tail,,,,29.0,29.998,29.998,,26.75,3.248,
2026-10-03 03:16:59,2698.0,tail,,,,29.008,29.906,29.906,,26.75,3.156,
2026-10-03 03:17:00,2699.0,tail,,,,29.016,29.908,29.908,,26.75,3.158,
2026-10-03 03:17:01,2700.0,tail,,,,28.988,29.798,29.798,,26.75,3.048,
2026-10-03 03:17:02,2701.0,tail,,,,28.962,29.852,29.852,,26.75,3.102,
2026-10-03 03:17:03,2702.0,tail,,,,28.968,29.746,29.746,,26.75,2.996,
2026-10-03 03:17:04,2703.0,tail,,,,28.908,29.824,29.824,,26.75,3.074,
2026-10-03 03:17:05,2704.0,tail,,,,29.018,29.766,29.766,,26.75,3.016,
2026-10-03 03:17:06,2705.0,tail,,,,28.944,29.694,29.694,,26.75,2.944,
2026-10-03 03:17:07,2706.0,tail,,,,28.914,29.698,29.698,,26.687,3.011,
2026-10-03 03:17:08,2707.0,tail,,,,28.902,29.674,29.674,,26.687,2.987,
2026-10-03 03:17:09,2708.0,tail,,,,28.832,29.67,29.67,,26.687,2.983,
2026-10-03 03:17:10,2709.0,tail,,,,28.91,29.68,29.68,,26.687,2.993,
2026-10-03 03:17:11,2710.0,tail,,,,28.902,29.598,29.598,,26.687,2.911,
2026-10-03 03:17:12,2711.0,tail,,,,28.828,29.68,29.68,,26.687,2.993,
2026-10-03 03:17:13,2712.0,tail,,,,28.874,29.648,29.648,,26.687,2.961,
2026-10-03 03:17:14,2713.0,tail,,,,28.838,29.75,29.75,,26.687,3.063,
2026-10-03 03:17:15,2714.0,tail,,,,28.856,29.788,29.788,,26.687,3.101,
2026-10-03 03:17:16,2715.0,tail,,,,28.892,29.758,29.758,,26.625,3.133,
2026-10-03 03:17:17,2716.0,tail,,,,28.82,29.848,29.848,,26.625,3.223,
2026-10-03 03:17:18,2717.0,tail,,,,28.814,29.846,29.846,,26.625,3.221,
2026-10-03 03:17:19,2718.0,tail,,,,28.936,29.708,29.708,,26.625,3.083,
2026-10-03 03:17:20,2719.0,tail,,,,28.874,29.758,29.758,,26.625,3.133,
2026-10-03 03:17:21,2720.0,tail,,,,28.826,29.722,29.722,,26.625,3.097,
2026-10-03 03:17:22,2721.0,tail,,,,28.796,29.644,29.644,,26.625,3.019,
2026-10-03 03:17:23,2722.0,tail,,,,28.792,29.69,29.69,,26.625,3.065,
2026-10-03 03:17:24,2723.0,tail,,,,28.77,29.634,29.634,,26.625,3.009,
2026-10-03 03:17:25,2724.0,tail,,,,28.718,29.568,29.568,,26.625,2.943,
2026-10-03 03:17:26,2725.0,tail,,,,28.75,29.652,29.652,,26.625,3.027,
2026-10-03 03:17:27,2726.0,tail,,,,28.846,29.526,29.526,,26.562,2.964,
2026-10-03 03:17:28,2727.0,tail,,,,28.786,29.478,29.478,,26.562,2.916,
2026-10-03 03:17:29,2728.0,tail,,,,28.8,29.52,29.52,,26.562,2.958,
2026-10-03 03:17:30,2729.0,tail,,,,28.818,29.436,29.436,,26.562,2.874,
2026-10-03 03:17:31,2730.0,tail,,,,28.716,29.56,29.56,,26.562,2.998,
2026-10-03 03:17:32,2731.0,tail,,,,28.764,29.578,29.578,,26.562,3.016,
2026-10-03 03:17:33,2732.0,tail,,,,28.88,29.564,29.564,,26.562,3.002,
2026-10-03 03:17:34,2733.0,tail,,,,28.744,29.622,29.622,,26.562,3.06,
2026-10-03 03:17:35,2734.0,tail,,,,28.786,29.55,29.55,,26.562,2.988,
2026-10-03 03:17:36,2735.0,tail,,,,28.838,29.652,29.652,,26.5,3.152,
2026-10-03 03:17:37,2736.0,tail,,,,28.654,29.546,29.546,,26.5,3.046,
2026-10-03 03:17:38,2737.0,tail,,,,28.79,29.442,29.442,,26.5,2.942,
2026-10-03 03:17:39,2738.0,tail,,,,28.716,29.506,29.506,,26.5,3.006,
2026-10-03 03:17:40,2739.0,tail,,,,28.808,29.402,29.402,,26.5,2.902,
2026-10-03 03:17:41,2740.0,tail,,,,28.856,29.454,29.454,,26.5,2.954,
2026-10-03 03:17:42,2741.0,tail,,,,28.582,29.49,29.49,,26.5,2.99,
2026-10-03 03:17:43,2742.0,tail,,,,28.748,29.408,29.408,,26.5,2.908,
2026-10-03 03:17:44,2743.0,tail,,,,28.684,29.486,29.486,,26.5,2.986,
2026-10-03 03:17:45,2744.0,tail,,,,28.77,29.384,29.384,,26.5,2.884,
2026-10-03 03:17:46,2745.0,tail,,,,28.626,29.434,29.434,,26.5,2.934,
2026-10-03 03:17:47,2746.0,tail,,,,28.62,29.442,29.442,,26.5,2.942,
2026-10-03 03:17:48,2747.0,tail,,,,28.608,29.504,29.504,,26.437,3.067,
2026-10-03 03:17:49,2748.0,tail,,,,28.624,29.514,29.514,,26.437,3.077,
2026-10-03 03:17:50,2749.0,tail,,,,28.686,29.57,29.57,,26.437,3.133,
2026-10-03 03:17:51,2750.0,tail,,,,28.672,29.53,29.53,,26.437,3.093,
2026-10-03 03:17:52,2751.0,tail,,,,28.71,29.53,29.53,,26.437,3.093,
2026-10-03 03:17:53,2752.0,tail,,,,28.628,29.518,29.518,,26.437,3.081,
2026-10-03 03:17:54,2753.0,tail,,,,28.566,29.466,29.466,,26.437,3.029,
2026-10-03 03:17:55,2754.0,tail,,,,28.656,29.454,29.454,,26.437,3.017,
2026-10-03 03:17:56,2755.0,tail,,,,28.664,29.448,29.448,,26.437,3.011,
2026-10-03 03:17:57,2756.0,tail,,,,28.59,29.43,29.43,,26.437,2.993,
2026-10-03 03:17:58,2757.0,tail,,,,28.628,29.334,29.334,,26.437,2.897,
2026-10-03 03:17:59,2758.0,tail,,,,28.648,29.4,29.4,,26.375,3.025,
2026-10-03 03:18:00,2759.0,tail,,,,28.602,29.388,29.388,,26.375,3.013,
2026-10-03 03:18:01,2760.0,tail,,,,28.67,29.458,29.458,,26.375,3.083,
2026-10-03 03:18:02,2761.0,tail,,,,28.648,29.408,29.408,,26.375,3.033,
2026-10-03 03:18:03,2762.0,tail,,,,28.62,29.38,29.38,,26.375,3.005,
2026-10-03 03:18:04,2763.0,tail,,,,28.602,29.392,29.392,,26.375,3.017,
2026-10-03 03:18:05,2764.0,tail,,,,28.646,29.452,29.452,,26.375,3.077,
2026-10-03 03:18:06,2765.0,tail,,,,28.538,29.476,29.476,,26.375,3.101,
2026-10-03 03:18:07,2766.0,tail,,,,28.656,29.478,29.478,,26.375,3.103,
2026-10-03 03:18:08,2767.0,tail,,,,28.548,29.512,29.512,,26.375,3.137,
2026-10-03 03:18:09,2768.0,tail,,,,28.628,29.52,29.52,,26.375,3.145,
2026-10-03 03:18:10,2769.0,tail,,,,28.594,29.562,29.562,,26.375,3.187,
2026-10-03 03:18:11,2770.0,tail,,,,28.544,29.516,29.516,,26.312,3.204,
2026-10-03 03:18:12,2771.0,tail,,,,28.62,29.458,29.458,,26.312,3.146,
2026-10-03 03:18:13,2772.0,tail,,,,28.526,29.424,29.424,,26.312,3.112,
2026-10-03 03:18:14,2773.0,tail,,,,28.59,29.414,29.414,,26.312,3.102,
2026-10-03 03:18:15,2774.0,tail,,,,28.52,29.542,29.542,,26.312,3.23,
2026-10-03 03:18:16,2775.0,tail,,,,28.5,29.532,29.532,,26.312,3.22,
2026-10-03 03:18:17,2776.0,tail,,,,28.566,29.498,29.498,,26.312,3.186,
2026-10-03 03:18:18,2777.0,tail,,,,28.544,29.426,29.426,,26.312,3.114,
2026-10-03 03:18:19,2778.0,tail,,,,28.514,29.424,29.424,,26.312,3.112,
2026-10-03 03:18:20,2779.0,tail,,,,28.48,29.404,29.404,,26.312,3.092,
2026-10-03 03:18:21,2780.0,tail,,,,28.504,29.336,29.336,,26.312,3.024,
2026-10-03 03:18:22,2781.0,tail,,,,28.458,29.406,29.406,,26.312,3.094,
2026-10-03 03:18:23,2782.0,tail,,,,28.444,29.232,29.232,,26.312,2.92,
2026-10-03 03:18:24,2783.0,tail,,,,28.502,29.284,29.284,,26.312,2.972,
2026-10-03 03:18:25,2784.0,tail,,,,28.48,29.336,29.336,,26.312,3.024,
2026-10-03 03:18:26,2785.0,tail,,,,28.504,29.308,29.308,,26.25,3.058,
2026-10-03 03:18:27,2786.0,tail,,,,28.538,29.334,29.334,,26.25,3.084,
2026-10-03 03:18:28,2787.0,tail,,,,28.43,29.274,29.274,,26.25,3.024,
2026-10-03 03:18:29,2788.0,tail,,,,28.48,29.204,29.204,,26.25,2.954,
2026-10-03 03:18:30,2789.0,tail,,,,28.482,29.216,29.216,,26.25,2.966,
2026-10-03 03:18:31,2790.0,tail,,,,28.476,29.252,29.252,,26.25,3.002,
2026-10-03 03:18:32,2791.0,tail,,,,28.396,29.164,29.164,,26.25,2.914,
2026-10-03 03:18:33,2792.0,tail,,,,28.418,29.196,29.196,,26.25,2.946,
2026-10-03 03:18:34,2793.0,tail,,,,28.444,29.186,29.186,,26.25,2.936,
2026-10-03 03:18:35,2794.0,tail,,,,28.426,29.152,29.152,,26.25,2.902,
2026-10-03 03:18:36,2795.0,tail,,,,28.448,29.126,29.126,,26.25,2.876,
2026-10-03 03:18:37,2796.0,tail,,,,28.346,29.21,29.21,,26.25,2.96,
2026-10-03 03:18:38,2797.0,tail,,,,28.398,29.064,29.064,,26.25,2.814,
2026-10-03 03:18:39,2798.0,tail,,,,28.346,29.164,29.164,,26.25,2.914,
2026-10-03 03:18:40,2799.0,tail,,,,28.364,29.162,29.162,,26.187,2.975,
2026-10-03 03:18:41,2800.0,tail,,,,28.366,29.084,29.084,,26.187,2.897,
2026-10-03 03:18:42,2801.0,tail,,,,28.414,29.11,29.11,,26.187,2.923,
2026-10-03 03:18:43,2802.0,tail,,,,28.372,29.14,29.14,,26.187,2.953,
2026-10-03 03:18:44,2803.0,tail,,,,28.384,29.16,29.16,,26.187,2.973,
2026-10-03 03:18:45,2804.0,tail,,,,28.308,29.092,29.092,,26.187,2.905,
2026-10-03 03:18:46,2805.0,tail,,,,28.324,29.1,29.1,,26.187,2.913,
2026-10-03 03:18:47,2806.0,tail,,,,28.394,29.16,29.16,,26.187,2.973,
2026-10-03 03:18:48,2807.0,tail,,,,28.424,29.198,29.198,,26.187,3.011,
2026-10-03 03:18:49,2808.0,tail,,,,28.39,29.202,29.202,,26.187,3.015,
2026-10-03 03:18:50,2809.0,tail,,,,28.294,29.342,29.342,,26.187,3.155,
2026-10-03 03:18:51,2810.0,tail,,,,28.318,29.33,29.33,,26.187,3.143,
2026-10-03 03:18:52,2811.0,tail,,,,28.418,29.312,29.312,,26.187,3.125,
2026-10-03 03:18:53,2812.0,tail,,,,28.318,29.228,29.228,,26.125,3.103,
2026-10-03 03:18:54,2813.0,tail,,,,28.41,29.29,29.29,,26.187,3.103,
2026-10-03 03:18:55,2814.0,tail,,,,28.4,29.306,29.306,,26.187,3.119,
2026-10-03 03:18:56,2815.0,tail,,,,28.324,29.334,29.334,,26.125,3.209,
2026-10-03 03:18:57,2816.0,tail,,,,28.27,29.358,29.358,,26.125,3.233,
2026-10-03 03:18:58,2817.0,tail,,,,28.382,29.378,29.378,,26.125,3.253,
2026-10-03 03:18:59,2818.0,tail,,,,28.396,29.364,29.364,,26.125,3.239,
2026-10-03 03:19:00,2819.0,tail,,,,28.248,29.414,29.414,,26.125,3.289,
2026-10-03 03:19:01,2820.0,tail,,,,28.266,29.442,29.442,,26.125,3.317,
2026-10-03 03:19:02,2821.0,tail,,,,28.298,29.504,29.504,,26.125,3.379,
2026-10-03 03:19:03,2822.0,tail,,,,28.322,29.426,29.426,,26.125,3.301,
2026-10-03 03:19:04,2823.0,tail,,,,28.218,29.508,29.508,,26.125,3.383,
2026-10-03 03:19:05,2824.0,tail,,,,28.224,29.496,29.496,,26.125,3.371,
2026-10-03 03:19:06,2825.0,tail,,,,28.256,29.528,29.528,,26.125,3.403,
2026-10-03 03:19:07,2826.0,tail,,,,28.256,29.508,29.508,,26.125,3.383,
2026-10-03 03:19:08,2827.0,tail,,,,28.196,29.46,29.46,,26.125,3.335,
2026-10-03 03:19:09,2828.0,tail,,,,28.25,29.428,29.428,,26.062,3.366,
2026-10-03 03:19:10,2829.0,tail,,,,28.19,29.436,29.436,,26.125,3.311,
2026-10-03 03:19:11,2830.0,tail,,,,28.202,29.394,29.394,,26.125,3.269,
2026-10-03 03:19:12,2831.0,tail,,,,28.248,29.356,29.356,,26.062,3.294,
2026-10-03 03:19:13,2832.0,tail,,,,28.182,29.42,29.42,,26.062,3.358,
2026-10-03 03:19:14,2833.0,tail,,,,28.21,29.398,29.398,,26.062,3.336,
2026-10-03 03:19:15,2834.0,tail,,,,28.196,29.434,29.434,,26.062,3.372,
2026-10-03 03:19:16,2835.0,tail,,,,28.134,29.468,29.468,,26.062,3.406,
2026-10-03 03:19:17,2836.0,tail,,,,28.174,29.448,29.448,,26.062,3.386,
2026-10-03 03:19:18,2837.0,tail,,,,28.206,29.49,29.49,,26.062,3.428,
2026-10-03 03:19:19,2838.0,tail,,,,28.172,29.518,29.518,,26.062,3.456,
2026-10-03 03:19:20,2839.0,tail,,,,28.15,29.47,29.47,,26.062,3.408,
2026-10-03 03:19:21,2840.0,tail,,,,28.17,29.454,29.454,,26.062,3.392,
2026-10-03 03:19:22,2841.0,tail,,,,28.174,29.38,29.38,,26.062,3.318,
2026-10-03 03:19:23,2842.0,tail,,,,28.194,29.448,29.448,,26.062,3.386,
2026-10-03 03:19:24,2843.0,tail,,,,28.146,29.434,29.434,,26.062,3.372,
2026-10-03 03:19:25,2844.0,tail,,,,28.204,29.442,29.442,,26.062,3.38,
2026-10-03 03:19:26,2845.0,tail,,,,28.036,29.45,29.45,,26.062,3.388,
2026-10-03 03:19:27,2846.0,tail,,,,28.15,29.392,29.392,,26.062,3.33,
2026-10-03 03:19:28,2847.0,tail,,,,28.14,29.402,29.402,,26.0,3.402,
2026-10-03 03:19:29,2848.0,tail,,,,28.102,29.344,29.344,,26.0,3.344,
2026-10-03 03:19:30,2849.0,tail,,,,28.134,29.396,29.396,,26.0,3.396,
2026-10-03 03:19:31,2850.0,tail,,,,28.096,29.45,29.45,,26.0,3.45,
2026-10-03 03:19:32,2851.0,tail,,,,28.104,29.414,29.414,,26.0,3.414,
2026-10-03 03:19:33,2852.0,tail,,,,28.122,29.446,29.446,,26.0,3.446,
2026-10-03 03:19:34,2853.0,tail,,,,28.052,29.418,29.418,,26.0,3.418,
2026-10-03 03:19:35,2854.0,tail,,,,28.074,29.336,29.336,,26.0,3.336,
2026-10-03 03:19:36,2855.0,tail,,,,28.112,29.34,29.34,,26.0,3.34,
2026-10-03 03:19:37,2856.0,tail,,,,28.138,29.284,29.284,,26.0,3.284,
2026-10-03 03:19:38,2857.0,tail,,,,28.068,29.214,29.214,,26.0,3.214,
2026-10-03 03:19:39,2858.0,tail,,,,28.08,29.304,29.304,,26.0,3.304,
2026-10-03 03:19:40,2859.0,tail,,,,28.106,29.26,29.26,,26.0,3.26,
2026-10-03 03:19:41,2860.0,tail,,,,28.078,29.172,29.172,,26.0,3.172,
2026-10-03 03:19:42,2861.0,tail,,,,28.038,29.152,29.152,,26.0,3.152,
2026-10-03 03:19:43,2862.0,tail,,,,28.05,29.192,29.192,,26.0,3.192,
2026-10-03 03:19:44,2863.0,tail,,,,28.032,29.19,29.19,,26.0,3.19,
2026-10-03 03:19:45,2864.0,tail,,,,28.066,29.2,29.2,,26.0,3.2,
2026-10-03 03:19:46,2865.0,tail,,,,28.082,29.158,29.158,,25.937,3.221,
2026-10-03 03:19:47,2866.0,tail,,,,28.052,29.15,29.15,,25.937,3.213,
2026-10-03 03:19:48,2867.0,tail,,,,28.07,29.126,29.126,,25.937,3.189,
2026-10-03 03:19:49,2868.0,tail,,,,28.096,29.036,29.036,,25.937,3.099,
2026-10-03 03:19:50,2869.0,tail,,,,28.124,29.128,29.128,,25.937,3.191,
2026-10-03 03:19:51,2870.0,tail,,,,28.018,29.11,29.11,,25.937,3.173,
2026-10-03 03:19:52,2871.0,tail,,,,28.06,29.048,29.048,,25.937,3.111,
2026-10-03 03:19:53,2872.0,tail,,,,28.012,29.068,29.068,,25.937,3.131,
2026-10-03 03:19:54,2873.0,tail,,,,28.042,29.008,29.008,,25.937,3.071,
2026-10-03 03:19:55,2874.0,tail,,,,28.012,29.05,29.05,,25.937,3.113,
2026-10-03 03:19:56,2875.0,tail,,,,28.126,29.106,29.106,,25.937,3.169,
2026-10-03 03:19:57,2876.0,tail,,,,28.034,29.106,29.106,,25.937,3.169,
2026-10-03 03:19:58,2877.0,tail,,,,28.056,29.172,29.172,,25.937,3.235,
2026-10-03 03:19:59,2878.0,tail,,,,28.008,29.078,29.078,,25.937,3.141,
2026-10-03 03:20:00,2879.0,tail,,,,27.99,29.104,29.104,,25.937,3.167,
2026-10-03 03:20:01,2880.0,tail,,,,28.028,29.12,29.12,,25.937,3.183,
2026-10-03 03:20:02,2881.0,tail,,,,27.978,29.116,29.116,,25.937,3.179,
2026-10-03 03:20:03,2882.0,tail,,,,27.958,28.94,28.94,,25.937,3.003,
2026-10-03 03:20:04,2883.0,tail,,,,28.016,29.018,29.018,,25.937,3.081,
2026-10-03 03:20:05,2884.0,tail,,,,27.978,28.91,28.91,,25.937,2.973,
2026-10-03 03:20:06,2885.0,tail,,,,27.994,29.07,29.07,,25.937,3.133,
2026-10-03 03:20:07,2886.0,tail,,,,27.96,28.988,28.988,,25.937,3.051,
2026-10-03 03:20:08,2887.0,tail,,,,27.9,29.064,29.064,,25.875,3.189,
2026-10-03 03:20:09,2888.0,tail,,,,27.972,29.118,29.118,,25.875,3.243,
2026-10-03 03:20:10,2889.0,tail,,,,27.984,29.032,29.032,,25.875,3.157,
2026-10-03 03:20:11,2890.0,tail,,,,27.972,29.122,29.122,,25.875,3.247,
2026-10-03 03:20:12,2891.0,tail,,,,27.948,29.154,29.154,,25.875,3.279,
2026-10-03 03:20:13,2892.0,tail,,,,27.948,29.12,29.12,,25.875,3.245,
2026-10-03 03:20:14,2893.0,tail,,,,27.904,29.176,29.176,,25.875,3.301,
2026-10-03 03:20:15,2894.0,tail,,,,27.928,29.172,29.172,,25.875,3.297,
2026-10-03 03:20:16,2895.0,tail,,,,27.934,29.25,29.25,,25.875,3.375,
2026-10-03 03:20:17,2896.0,tail,,,,27.954,29.166,29.166,,25.875,3.291,
2026-10-03 03:20:18,2897.0,tail,,,,27.962,29.178,29.178,,25.875,3.303,
2026-10-03 03:20:19,2898.0,tail,,,,27.844,29.248,29.248,,25.875,3.373,
2026-10-03 03:20:20,2899.0,tail,,,,27.912,29.196,29.196,,25.875,3.321,
2026-10-03 03:20:21,2900.0,tail,,,,27.966,29.244,29.244,,25.875,3.369,
2026-10-03 03:20:22,2901.0,tail,,,,27.956,29.162,29.162,,25.875,3.287,
2026-10-03 03:20:23,2902.0,tail,,,,27.95,29.118,29.118,,25.875,3.243,
2026-10-03 03:20:24,2903.0,tail,,,,27.932,29.128,29.128,,25.875,3.253,
2026-10-03 03:20:25,2904.0,tail,,,,27.9,29.0,29.0,,25.875,3.125,
2026-10-03 03:20:26,2905.0,tail,,,,27.972,29.074,29.074,,25.875,3.199,
2026-10-03 03:20:27,2906.0,tail,,,,27.872,29.058,29.058,,25.875,3.183,
2026-10-03 03:20:28,2907.0,tail,,,,27.904,29.062,29.062,,25.812,3.25,
2026-10-03 03:20:29,2908.0,tail,,,,27.962,29.092,29.092,,25.812,3.28,
2026-10-03 03:20:30,2909.0,tail,,,,27.86,29.172,29.172,,25.812,3.36,
2026-10-03 03:20:31,2910.0,tail,,,,27.884,29.212,29.212,,25.812,3.4,
2026-10-03 03:20:32,2911.0,tail,,,,27.888,29.17,29.17,,25.812,3.358,
2026-10-03 03:20:33,2912.0,tail,,,,27.838,29.228,29.228,,25.812,3.416,
2026-10-03 03:20:34,2913.0,tail,,,,27.936,29.112,29.112,,25.812,3.3,
2026-10-03 03:20:35,2914.0,tail,,,,27.902,29.122,29.122,,25.812,3.31,
2026-10-03 03:20:36,2915.0,tail,,,,27.918,29.152,29.152,,25.812,3.34,
2026-10-03 03:20:37,2916.0,tail,,,,27.842,29.18,29.18,,25.812,3.368,
2026-10-03 03:20:38,2917.0,tail,,,,27.926,29.068,29.068,,25.812,3.256,
2026-10-03 03:20:39,2918.0,tail,,,,27.856,29.044,29.044,,25.812,3.232,
2026-10-03 03:20:40,2919.0,tail,,,,27.846,28.998,28.998,,25.812,3.186,
2026-10-03 03:20:41,2920.0,tail,,,,27.872,29.034,29.034,,25.812,3.222,
2026-10-03 03:20:42,2921.0,tail,,,,27.944,29.026,29.026,,25.812,3.214,
2026-10-03 03:20:43,2922.0,tail,,,,27.858,29.04,29.04,,25.812,3.228,
2026-10-03 03:20:44,2923.0,tail,,,,27.872,29.024,29.024,,25.812,3.212,
2026-10-03 03:20:45,2924.0,tail,,,,27.904,29.05,29.05,,25.812,3.238,
2026-10-03 03:20:46,2925.0,tail,,,,27.83,29.08,29.08,,25.812,3.268,
2026-10-03 03:20:47,2926.0,tail,,,,27.768,29.072,29.072,,25.812,3.26,
2026-10-03 03:20:48,2927.0,tail,,,,27.818,29.116,29.116,,25.812,3.304,
2026-10-03 03:20:49,2928.0,tail,,,,27.914,28.99,28.99,,25.812,3.178,
2026-10-03 03:20:50,2929.0,tail,,,,27.758,28.984,28.984,,25.812,3.172,
2026-10-03 03:20:51,2930.0,tail,,,,27.85,29.012,29.012,,25.812,3.2,
2026-10-03 03:20:52,2931.0,tail,,,,27.768,28.95,28.95,,25.812,3.138,
2026-10-03 03:20:53,2932.0,tail,,,,27.798,28.98,28.98,,25.812,3.168,
2026-10-03 03:20:54,2933.0,tail,,,,27.78,28.916,28.916,,25.75,3.166,
2026-10-03 03:20:55,2934.0,tail,,,,27.676,28.948,28.948,,25.75,3.198,
2026-10-03 03:20:56,2935.0,tail,,,,27.8,28.912,28.912,,25.75,3.162,
2026-10-03 03:20:57,2936.0,tail,,,,27.71,28.876,28.876,,25.75,3.126,
2026-10-03 03:20:58,2937.0,tail,,,,27.796,28.784,28.784,,25.75,3.034,
2026-10-03 03:20:59,2938.0,tail,,,,27.728,28.902,28.902,,25.75,3.152,
2026-10-03 03:21:00,2939.0,tail,,,,27.692,28.862,28.862,,25.75,3.112,
2026-10-03 03:21:01,2940.0,tail,,,,27.776,28.778,28.778,,25.75,3.028,
2026-10-03 03:21:02,2941.0,tail,,,,27.798,28.912,28.912,,25.75,3.162,
2026-10-03 03:21:03,2942.0,tail,,,,27.808,28.954,28.954,,25.75,3.204,
2026-10-03 03:21:04,2943.0,tail,,,,27.694,28.87,28.87,,25.75,3.12,
2026-10-03 03:21:05,2944.0,tail,,,,27.768,28.824,28.824,,25.75,3.074,
2026-10-03 03:21:06,2945.0,tail,,,,27.798,28.906,28.906,,25.75,3.156,
2026-10-03 03:21:07,2946.0,tail,,,,27.752,28.922,28.922,,25.75,3.172,
2026-10-03 03:21:08,2947.0,tail,,,,27.848,28.894,28.894,,25.75,3.144,
2026-10-03 03:21:09,2948.0,tail,,,,27.794,28.964,28.964,,25.75,3.214,
2026-10-03 03:21:10,2949.0,tail,,,,27.714,28.94,28.94,,25.75,3.19,
2026-10-03 03:21:11,2950.0,tail,,,,27.742,29.006,29.006,,25.75,3.256,
2026-10-03 03:21:12,2951.0,tail,,,,27.73,29.01,29.01,,25.75,3.26,
2026-10-03 03:21:13,2952.0,tail,,,,27.68,29.068,29.068,,25.75,3.318,
2026-10-03 03:21:14,2953.0,tail,,,,27.672,28.946,28.946,,25.75,3.196,
2026-10-03 03:21:15,2954.0,tail,,,,27.778,28.962,28.962,,25.75,3.212,
2026-10-03 03:21:16,2955.0,tail,,,,27.714,28.894,28.894,,25.75,3.144,
2026-10-03 03:21:17,2956.0,tail,,,,27.778,28.838,28.838,,25.75,3.088,
2026-10-03 03:21:18,2957.0,tail,,,,27.716,28.91,28.91,,25.75,3.16,
2026-10-03 03:21:19,2958.0,tail,,,,27.684,28.9,28.9,,25.75,3.15,
2026-10-03 03:21:20,2959.0,tail,,,,27.728,28.934,28.934,,25.687,3.247,
2026-10-03 03:21:21,2960.0,tail,,,,27.74,28.928,28.928,,25.687,3.241,
2026-10-03 03:21:22,2961.0,tail,,,,27.682,28.968,28.968,,25.687,3.281,
2026-10-03 03:21:23,2962.0,tail,,,,27.692,28.954,28.954,,25.687,3.267,
2026-10-03 03:21:24,2963.0,tail,,,,27.684,28.9,28.9,,25.687,3.213,
2026-10-03 03:21:25,2964.0,tail,,,,27.758,29.004,29.004,,25.687,3.317,
2026-10-03 03:21:26,2965.0,tail,,,,27.59,28.898,28.898,,25.687,3.211,
2026-10-03 03:21:27,2966.0,tail,,,,27.726,28.922,28.922,,25.687,3.235,
2026-10-03 03:21:28,2967.0,tail,,,,27.7,28.892,28.892,,25.687,3.205,
2026-10-03 03:21:29,2968.0,tail,,,,27.722,28.922,28.922,,25.687,3.235,
2026-10-03 03:21:30,2969.0,tail,,,,27.73,28.892,28.892,,25.687,3.205,
2026-10-03 03:21:31,2970.0,tail,,,,27.682,28.994,28.994,,25.687,3.307,
2026-10-03 03:21:32,2971.0,tail,,,,27.684,28.968,28.968,,25.687,3.281,
2026-10-03 03:21:33,2972.0,tail,,,,27.65,28.94,28.94,,25.687,3.253,
2026-10-03 03:21:34,2973.0,tail,,,,27.656,28.976,28.976,,25.687,3.289,
2026-10-03 03:21:35,2974.0,tail,,,,27.684,28.996,28.996,,25.687,3.309,
2026-10-03 03:21:36,2975.0,tail,,,,27.636,29.018,29.018,,25.687,3.331,
2026-10-03 03:21:37,2976.0,tail,,,,27.676,28.98,28.98,,25.687,3.293,
2026-10-03 03:21:38,2977.0,tail,,,,27.586,29.046,29.046,,25.687,3.359,
2026-10-03 03:21:39,2978.0,tail,,,,27.65,28.97,28.97,,25.687,3.283,
2026-10-03 03:21:40,2979.0,tail,,,,27.694,29.0,29.0,,25.687,3.313,
2026-10-03 03:21:41,2980.0,tail,,,,27.654,29.0,29.0,,25.687,3.313,
2026-10-03 03:21:42,2981.0,tail,,,,27.652,29.012,29.012,,25.687,3.325,
2026-10-03 03:21:43,2982.0,tail,,,,27.612,29.004,29.004,,25.687,3.317,
2026-10-03 03:21:44,2983.0,tail,,,,27.568,29.084,29.084,,25.687,3.397,
2026-10-03 03:21:45,2984.0,tail,,,,27.676,29.092,29.092,,25.687,3.405,
2026-10-03 03:21:46,2985.0,tail,,,,27.626,29.154,29.154,,25.687,3.467,
2026-10-03 03:21:47,2986.0,tail,,,,27.654,29.132,29.132,,25.687,3.445,
2026-10-03 03:21:48,2987.0,tail,,,,27.748,29.138,29.138,,25.625,3.513,
2026-10-03 03:21:49,2988.0,tail,,,,27.654,29.108,29.108,,25.625,3.483,
2026-10-03 03:21:50,2989.0,tail,,,,27.644,29.142,29.142,,25.625,3.517,
2026-10-03 03:21:51,2990.0,tail,,,,27.61,29.144,29.144,,25.625,3.519,
2026-10-03 03:21:52,2991.0,tail,,,,27.578,29.124,29.124,,25.625,3.499,
2026-10-03 03:21:53,2992.0,tail,,,,27.672,29.198,29.198,,25.625,3.573,
2026-10-03 03:21:54,2993.0,tail,,,,27.676,29.192,29.192,,25.625,3.567,
2026-10-03 03:21:55,2994.0,tail,,,,27.716,29.094,29.094,,25.625,3.469,
2026-10-03 03:21:56,2995.0,tail,,,,27.634,29.096,29.096,,25.625,3.471,
2026-10-03 03:21:57,2996.0,tail,,,,27.662,29.056,29.056,,25.625,3.431,
2026-10-03 03:21:58,2997.0,tail,,,,27.68,29.044,29.044,,25.625,3.419,
2026-10-03 03:21:59,2998.0,tail,,,,27.656,29.054,29.054,,25.625,3.429,
2026-10-03 03:22:00,2999.0,tail,,,,27.722,29.0,29.0,,25.625,3.375,
2026-10-03 03:22:01,3000.0,tail,,,,27.566,29.132,29.132,,25.625,3.507,
2026-10-03 03:22:02,3001.0,tail,,,,27.62,29.138,29.138,,25.625,3.513,
2026-10-03 03:22:03,3002.0,tail,,,,27.66,29.116,29.116,,25.625,3.491,
2026-10-03 03:22:04,3003.0,tail,,,,27.686,29.096,29.096,,25.625,3.471,
2026-10-03 03:22:05,3004.0,tail,,,,27.638,29.108,29.108,,25.625,3.483,
2026-10-03 03:22:06,3005.0,tail,,,,27.544,29.086,29.086,,25.625,3.461,
2026-10-03 03:22:07,3006.0,tail,,,,27.576,29.092,29.092,,25.625,3.467,
2026-10-03 03:22:08,3007.0,tail,,,,27.58,29.012,29.012,,25.625,3.387,
2026-10-03 03:22:09,3008.0,tail,,,,27.634,29.08,29.08,,25.625,3.455,
2026-10-03 03:22:10,3009.0,tail,,,,27.594,28.984,28.984,,25.625,3.359,
2026-10-03 03:22:11,3010.0,tail,,,,27.622,29.056,29.056,,25.625,3.431,
2026-10-03 03:22:12,3011.0,tail,,,,27.582,29.076,29.076,,25.625,3.451,
2026-10-03 03:22:13,3012.0,tail,,,,27.596,29.062,29.062,,25.625,3.437,
2026-10-03 03:22:14,3013.0,tail,,,,27.586,29.154,29.154,,25.625,3.529,
2026-10-03 03:22:15,3014.0,tail,,,,27.506,29.132,29.132,,25.562,3.57,
2026-10-03 03:22:16,3015.0,tail,,,,27.574,29.168,29.168,,25.562,3.606,
2026-10-03 03:22:17,3016.0,tail,,,,27.602,29.174,29.174,,25.562,3.612,
2026-10-03 03:22:18,3017.0,tail,,,,27.526,29.144,29.144,,25.562,3.582,
2026-10-03 03:22:19,3018.0,tail,,,,27.538,29.18,29.18,,25.562,3.618,
2026-10-03 03:22:20,3019.0,tail,,,,27.566,29.156,29.156,,25.562,3.594,
2026-10-03 03:22:21,3020.0,tail,,,,27.584,29.088,29.088,,25.562,3.526,
2026-10-03 03:22:22,3021.0,tail,,,,27.552,29.046,29.046,,25.562,3.484,
2026-10-03 03:22:23,3022.0,tail,,,,27.526,29.122,29.122,,25.562,3.56,
2026-10-03 03:22:24,3023.0,tail,,,,27.596,29.118,29.118,,25.562,3.556,
2026-10-03 03:22:25,3024.0,tail,,,,27.542,29.13,29.13,,25.562,3.568,
2026-10-03 03:22:26,3025.0,tail,,,,27.516,29.108,29.108,,25.562,3.546,
2026-10-03 03:22:27,3026.0,tail,,,,27.476,29.062,29.062,,25.562,3.5,
2026-10-03 03:22:28,3027.0,tail,,,,27.57,29.026,29.026,,25.562,3.464,
2026-10-03 03:22:29,3028.0,tail,,,,27.53,28.9,28.9,,25.562,3.338,
2026-10-03 03:22:30,3029.0,tail,,,,27.526,28.968,28.968,,25.562,3.406,
2026-10-03 03:22:31,3030.0,tail,,,,27.524,28.932,28.932,,25.562,3.37,
2026-10-03 03:22:32,3031.0,tail,,,,27.472,28.826,28.826,,25.562,3.264,
2026-10-03 03:22:33,3032.0,tail,,,,27.474,28.946,28.946,,25.562,3.384,
2026-10-03 03:22:34,3033.0,tail,,,,27.496,28.872,28.872,,25.562,3.31,
2026-10-03 03:22:35,3034.0,tail,,,,27.582,28.822,28.822,,25.562,3.26,
2026-10-03 03:22:36,3035.0,tail,,,,27.46,28.904,28.904,,25.562,3.342,
2026-10-03 03:22:37,3036.0,tail,,,,27.472,28.836,28.836,,25.562,3.274,
2026-10-03 03:22:38,3037.0,tail,,,,27.522,28.88,28.88,,25.562,3.318,
2026-10-03 03:22:39,3038.0,tail,,,,27.534,28.974,28.974,,25.562,3.412,
2026-10-03 03:22:40,3039.0,tail,,,,27.512,28.932,28.932,,25.562,3.37,
2026-10-03 03:22:41,3040.0,tail,,,,27.458,28.954,28.954,,25.562,3.392,
2026-10-03 03:22:42,3041.0,tail,,,,27.46,28.964,28.964,,25.562,3.402,
2026-10-03 03:22:43,3042.0,tail,,,,27.518,28.944,28.944,,25.562,3.382,
2026-10-03 03:22:44,3043.0,tail,,,,27.602,28.936,28.936,,25.562,3.374,
2026-10-03 03:22:45,3044.0,tail,,,,27.452,28.998,28.998,,25.562,3.436,
2026-10-03 03:22:46,3045.0,tail,,,,27.476,29.01,29.01,,25.562,3.448,
2026-10-03 03:22:47,3046.0,tail,,,,27.436,29.0,29.0,,25.562,3.438,
2026-10-03 03:22:48,3047.0,tail,,,,27.514,29.02,29.02,,25.562,3.458,
2026-10-03 03:22:49,3048.0,tail,,,,27.408,28.906,28.906,,25.562,3.344,
2026-10-03 03:22:50,3049.0,tail,,,,27.474,28.832,28.832,,25.562,3.27,
2026-10-03 03:22:51,3050.0,tail,,,,27.424,28.9,28.9,,25.562,3.338,
2026-10-03 03:22:52,3051.0,tail,,,,27.502,28.822,28.822,,25.562,3.26,
2026-10-03 03:22:53,3052.0,tail,,,,27.426,28.812,28.812,,25.5,3.312,
2026-10-03 03:22:54,3053.0,tail,,,,27.386,28.726,28.726,,25.562,3.164,
2026-10-03 03:22:55,3054.0,tail,,,,27.458,28.788,28.788,,25.562,3.226,
2026-10-03 03:22:56,3055.0,tail,,,,27.37,28.804,28.804,,25.562,3.242,
2026-10-03 03:22:57,3056.0,tail,,,,27.456,28.836,28.836,,25.562,3.274,
2026-10-03 03:22:58,3057.0,tail,,,,27.4,28.786,28.786,,25.5,3.286,
2026-10-03 03:22:59,3058.0,tail,,,,27.414,28.742,28.742,,25.5,3.242,
2026-10-03 03:23:00,3059.0,tail,,,,27.478,28.762,28.762,,25.5,3.262,
2026-10-03 03:23:01,3060.0,tail,,,,27.438,28.702,28.702,,25.5,3.202,
2026-10-03 03:23:02,3061.0,tail,,,,27.406,28.804,28.804,,25.5,3.304,
2026-10-03 03:23:03,3062.0,tail,,,,27.49,28.616,28.616,,25.5,3.116,
2026-10-03 03:23:04,3063.0,tail,,,,27.414,28.57,28.57,,25.5,3.07,
2026-10-03 03:23:05,3064.0,tail,,,,27.48,28.726,28.726,,25.5,3.226,
2026-10-03 03:23:06,3065.0,tail,,,,27.412,28.604,28.604,,25.5,3.104,
2026-10-03 03:23:07,3066.0,tail,,,,27.416,28.748,28.748,,25.5,3.248,
2026-10-03 03:23:08,3067.0,tail,,,,27.426,28.686,28.686,,25.5,3.186,
2026-10-03 03:23:09,3068.0,tail,,,,27.476,28.71,28.71,,25.5,3.21,
2026-10-03 03:23:10,3069.0,tail,,,,27.438,28.746,28.746,,25.5,3.246,
2026-10-03 03:23:11,3070.0,tail,,,,27.398,28.71,28.71,,25.5,3.21,
2026-10-03 03:23:12,3071.0,tail,,,,27.424,28.788,28.788,,25.5,3.288,
2026-10-03 03:23:13,3072.0,tail,,,,27.416,28.666,28.666,,25.5,3.166,
2026-10-03 03:23:14,3073.0,tail,,,,27.412,28.692,28.692,,25.5,3.192,
2026-10-03 03:23:15,3074.0,tail,,,,27.388,28.768,28.768,,25.5,3.268,
2026-10-03 03:23:16,3075.0,tail,,,,27.448,28.646,28.646,,25.5,3.146,
2026-10-03 03:23:17,3076.0,tail,,,,27.442,28.718,28.718,,25.5,3.218,
2026-10-03 03:23:18,3077.0,tail,,,,27.428,28.694,28.694,,25.5,3.194,
2026-10-03 03:23:19,3078.0,tail,,,,27.426,28.794,28.794,,25.5,3.294,
2026-10-03 03:23:20,3079.0,tail,,,,27.412,28.872,28.872,,25.5,3.372,
2026-10-03 03:23:21,3080.0,tail,,,,27.442,28.892,28.892,,25.5,3.392,
2026-10-03 03:23:22,3081.0,tail,,,,27.342,28.846,28.846,,25.5,3.346,
2026-10-03 03:23:23,3082.0,tail,,,,27.39,28.908,28.908,,25.5,3.408,
2026-10-03 03:23:24,3083.0,tail,,,,27.414,28.928,28.928,,25.5,3.428,
2026-10-03 03:23:25,3084.0,tail,,,,27.382,28.906,28.906,,25.5,3.406,
2026-10-03 03:23:26,3085.0,tail,,,,27.444,28.926,28.926,,25.5,3.426,
2026-10-03 03:23:27,3086.0,tail,,,,27.432,28.88,28.88,,25.5,3.38,
2026-10-03 03:23:28,3087.0,tail,,,,27.318,28.91,28.91,,25.5,3.41,
2026-10-03 03:23:29,3088.0,tail,,,,27.378,28.918,28.918,,25.5,3.418,
2026-10-03 03:23:30,3089.0,tail,,,,27.36,28.986,28.986,,25.5,3.486,
2026-10-03 03:23:31,3090.0,tail,,,,27.312,28.94,28.94,,25.5,3.44,
2026-10-03 03:23:32,3091.0,tail,,,,27.382,28.922,28.922,,25.5,3.422,
2026-10-03 03:23:33,3092.0,tail,,,,27.37,28.932,28.932,,25.5,3.432,
2026-10-03 03:23:34,3093.0,tail,,,,27.356,28.896,28.896,,25.5,3.396,
2026-10-03 03:23:35,3094.0,tail,,,,27.354,28.81,28.81,,25.5,3.31,
2026-10-03 03:23:36,3095.0,tail,,,,27.258,28.738,28.738,,25.5,3.238,
2026-10-03 03:23:37,3096.0,tail,,,,27.384,28.786,28.786,,25.5,3.286,
2026-10-03 03:23:38,3097.0,tail,,,,27.302,28.778,28.778,,25.5,3.278,
2026-10-03 03:23:39,3098.0,tail,,,,27.38,28.742,28.742,,25.5,3.242,
2026-10-03 03:23:40,3099.0,tail,,,,27.354,28.752,28.752,,25.5,3.252,
2026-10-03 03:23:41,3100.0,tail,,,,27.302,28.668,28.668,,25.5,3.168,
2026-10-03 03:23:42,3101.0,tail,,,,27.264,28.718,28.718,,25.5,3.218,
2026-10-03 03:23:43,3102.0,tail,,,,27.25,28.716,28.716,,25.437,3.279,
2026-10-03 03:23:44,3103.0,tail,,,,27.306,28.776,28.776,,25.437,3.339,
2026-10-03 03:23:45,3104.0,tail,,,,27.286,28.75,28.75,,25.437,3.313,
2026-10-03 03:23:46,3105.0,tail,,,,27.238,28.726,28.726,,25.437,3.289,
2026-10-03 03:23:47,3106.0,tail,,,,27.322,28.76,28.76,,25.437,3.323,
2026-10-03 03:23:48,3107.0,tail,,,,27.316,28.714,28.714,,25.437,3.277,
2026-10-03 03:23:49,3108.0,tail,,,,27.318,28.802,28.802,,25.437,3.365,
2026-10-03 03:23:50,3109.0,tail,,,,27.282,28.794,28.794,,25.437,3.357,
2026-10-03 03:23:51,3110.0,tail,,,,27.304,28.934,28.934,,25.437,3.497,
2026-10-03 03:23:52,3111.0,tail,,,,27.282,28.898,28.898,,25.437,3.461,
2026-10-03 03:23:53,3112.0,tail,,,,27.306,28.834,28.834,,25.437,3.397,
2026-10-03 03:23:54,3113.0,tail,,,,27.262,28.808,28.808,,25.437,3.371,
2026-10-03 03:23:55,3114.0,tail,,,,27.336,28.796,28.796,,25.437,3.359,
2026-10-03 03:23:56,3115.0,tail,,,,27.25,28.902,28.902,,25.437,3.465,
2026-10-03 03:23:57,3116.0,tail,,,,27.312,28.842,28.842,,25.437,3.405,
2026-10-03 03:23:58,3117.0,tail,,,,27.29,28.806,28.806,,25.437,3.369,
2026-10-03 03:23:59,3118.0,tail,,,,27.302,28.854,28.854,,25.437,3.417,
2026-10-03 03:24:00,3119.0,tail,,,,27.25,28.712,28.712,,25.437,3.275,
2026-10-03 03:24:01,3120.0,tail,,,,27.338,28.658,28.658,,25.437,3.221,
2026-10-03 03:24:02,3121.0,tail,,,,27.218,28.686,28.686,,25.437,3.249,
2026-10-03 03:24:03,3122.0,tail,,,,27.248,28.692,28.692,,25.437,3.255,
2026-10-03 03:24:04,3123.0,tail,,,,27.25,28.726,28.726,,25.437,3.289,
2026-10-03 03:24:05,3124.0,tail,,,,27.266,28.732,28.732,,25.437,3.295,
2026-10-03 03:24:06,3125.0,tail,,,,27.272,28.63,28.63,,25.437,3.193,
2026-10-03 03:24:07,3126.0,tail,,,,27.314,28.7,28.7,,25.437,3.263,
2026-10-03 03:24:08,3127.0,tail,,,,27.288,28.698,28.698,,25.437,3.261,
2026-10-03 03:24:09,3128.0,tail,,,,27.26,28.738,28.738,,25.437,3.301,
2026-10-03 03:24:10,3129.0,tail,,,,27.248,28.688,28.688,,25.437,3.251,
2026-10-03 03:24:11,3130.0,tail,,,,27.218,28.706,28.706,,25.437,3.269,
2026-10-03 03:24:12,3131.0,tail,,,,27.21,28.732,28.732,,25.437,3.295,
2026-10-03 03:24:13,3132.0,tail,,,,27.19,28.684,28.684,,25.437,3.247,
2026-10-03 03:24:14,3133.0,tail,,,,27.272,28.74,28.74,,25.437,3.303,
2026-10-03 03:24:15,3134.0,tail,,,,27.326,28.704,28.704,,25.437,3.267,
2026-10-03 03:24:16,3135.0,tail,,,,27.234,28.656,28.656,,25.437,3.219,
2026-10-03 03:24:17,3136.0,tail,,,,27.204,28.678,28.678,,25.437,3.241,
2026-10-03 03:24:18,3137.0,tail,,,,27.24,28.508,28.508,,25.437,3.071,
2026-10-03 03:24:19,3138.0,tail,,,,27.178,28.532,28.532,,25.437,3.095,
2026-10-03 03:24:20,3139.0,tail,,,,27.216,28.536,28.536,,25.437,3.099,
2026-10-03 03:24:21,3140.0,tail,,,,27.26,28.564,28.564,,25.375,3.189,
2026-10-03 03:24:22,3141.0,tail,,,,27.192,28.484,28.484,,25.437,3.047,
2026-10-03 03:24:23,3142.0,tail,,,,27.18,28.504,28.504,,25.437,3.067,
2026-10-03 03:24:24,3143.0,tail,,,,27.234,28.502,28.502,,25.375,3.127,
2026-10-03 03:24:25,3144.0,tail,,,,27.154,28.542,28.542,,25.375,3.167,
2026-10-03 03:24:26,3145.0,tail,,,,27.252,28.49,28.49,,25.375,3.115,
2026-10-03 03:24:27,3146.0,tail,,,,27.198,28.592,28.592,,25.375,3.217,
2026-10-03 03:24:28,3147.0,tail,,,,27.186,28.584,28.584,,25.375,3.209,
2026-10-03 03:24:29,3148.0,tail,,,,27.22,28.574,28.574,,25.375,3.199,
2026-10-03 03:24:30,3149.0,tail,,,,27.192,28.678,28.678,,25.375,3.303,
2026-10-03 03:24:31,3150.0,tail,,,,27.23,28.682,28.682,,25.375,3.307,
2026-10-03 03:24:32,3151.0,tail,,,,27.136,28.744,28.744,,25.375,3.369,
2026-10-03 03:24:33,3152.0,tail,,,,27.262,28.732,28.732,,25.375,3.357,
2026-10-03 03:24:34,3153.0,tail,,,,27.212,28.792,28.792,,25.375,3.417,
2026-10-03 03:24:35,3154.0,tail,,,,27.116,28.82,28.82,,25.375,3.445,
2026-10-03 03:24:36,3155.0,tail,,,,27.226,28.708,28.708,,25.375,3.333,
2026-10-03 03:24:37,3156.0,tail,,,,27.176,28.768,28.768,,25.375,3.393,
2026-10-03 03:24:38,3157.0,tail,,,,27.232,28.732,28.732,,25.375,3.357,
2026-10-03 03:24:39,3158.0,tail,,,,27.122,28.762,28.762,,25.375,3.387,
2026-10-03 03:24:40,3159.0,tail,,,,27.162,28.73,28.73,,25.375,3.355,
2026-10-03 03:24:41,3160.0,tail,,,,27.186,28.792,28.792,,25.375,3.417,
2026-10-03 03:24:42,3161.0,tail,,,,27.1,28.752,28.752,,25.375,3.377,
2026-10-03 03:24:43,3162.0,tail,,,,27.174,28.788,28.788,,25.375,3.413,
2026-10-03 03:24:44,3163.0,tail,,,,27.212,28.766,28.766,,25.375,3.391,
2026-10-03 03:24:45,3164.0,tail,,,,27.16,28.792,28.792,,25.375,3.417,
2026-10-03 03:24:46,3165.0,tail,,,,27.166,28.732,28.732,,25.375,3.357,
2026-10-03 03:24:47,3166.0,tail,,,,27.158,28.84,28.84,,25.375,3.465,
2026-10-03 03:24:48,3167.0,tail,,,,27.16,28.768,28.768,,25.375,3.393,
2026-10-03 03:24:49,3168.0,tail,,,,27.206,28.778,28.778,,25.375,3.403,
2026-10-03 03:24:50,3169.0,tail,,,,27.174,28.79,28.79,,25.375,3.415,
2026-10-03 03:24:51,3170.0,tail,,,,27.208,28.656,28.656,,25.375,3.281,
2026-10-03 03:24:52,3171.0,tail,,,,27.112,28.738,28.738,,25.375,3.363,
2026-10-03 03:24:53,3172.0,tail,,,,27.102,28.718,28.718,,25.375,3.343,
2026-10-03 03:24:54,3173.0,tail,,,,27.142,28.762,28.762,,25.375,3.387,
2026-10-03 03:24:55,3174.0,tail,,,,27.14,28.742,28.742,,25.375,3.367,
2026-10-03 03:24:56,3175.0,tail,,,,27.096,28.74,28.74,,25.375,3.365,
2026-10-03 03:24:57,3176.0,tail,,,,27.146,28.77,28.77,,25.375,3.395,
2026-10-03 03:24:58,3177.0,tail,,,,27.144,28.766,28.766,,25.375,3.391,
2026-10-03 03:24:59,3178.0,tail,,,,27.162,28.704,28.704,,25.375,3.329,
2026-10-03 03:25:00,3179.0,tail,,,,27.162,28.668,28.668,,25.375,3.293,
2026-10-03 03:25:01,3180.0,tail,,,,27.118,28.628,28.628,,25.375,3.253,
2026-10-03 03:25:02,3181.0,tail,,,,27.146,28.694,28.694,,25.375,3.319,
2026-10-03 03:25:03,3182.0,tail,,,,27.098,28.658,28.658,,25.375,3.283,
2026-10-03 03:25:04,3183.0,tail,,,,27.128,28.682,28.682,,25.375,3.307,
2026-10-03 03:25:05,3184.0,tail,,,,27.14,28.788,28.788,,25.375,3.413,
2026-10-03 03:25:06,3185.0,tail,,,,27.092,28.68,28.68,,25.375,3.305,
2026-10-03 03:25:07,3186.0,tail,,,,27.024,28.714,28.714,,25.375,3.339,
2026-10-03 03:25:08,3187.0,tail,,,,27.114,28.61,28.61,,25.375,3.235,
2026-10-03 03:25:09,3188.0,tail,,,,27.134,28.648,28.648,,25.375,3.273,
2026-10-03 03:25:10,3189.0,tail,,,,27.164,28.704,28.704,,25.375,3.329,
2026-10-03 03:25:11,3190.0,tail,,,,27.156,28.51,28.51,,25.375,3.135,
2026-10-03 03:25:12,3191.0,tail,,,,27.1,28.638,28.638,,25.375,3.263,
2026-10-03 03:25:13,3192.0,tail,,,,27.118,28.528,28.528,,25.375,3.153,
2026-10-03 03:25:14,3193.0,tail,,,,27.108,28.53,28.53,,25.375,3.155,
2026-10-03 03:25:15,3194.0,tail,,,,27.136,28.524,28.524,,25.375,3.149,
2026-10-03 03:25:16,3195.0,tail,,,,27.214,28.614,28.614,,25.312,3.302,
2026-10-03 03:25:17,3196.0,tail,,,,27.126,28.658,28.658,,25.312,3.346,
2026-10-03 03:25:18,3197.0,tail,,,,27.098,28.66,28.66,,25.375,3.285,
2026-10-03 03:25:19,3198.0,tail,,,,27.058,28.674,28.674,,25.375,3.299,
2026-10-03 03:25:20,3199.0,tail,,,,27.11,28.752,28.752,,25.375,3.377,
2026-10-03 03:25:21,3200.0,tail,,,,27.112,28.746,28.746,,25.375,3.371,
2026-10-03 03:25:22,3201.0,tail,,,,27.084,28.776,28.776,,25.375,3.401,
2026-10-03 03:25:23,3202.0,tail,,,,27.106,28.718,28.718,,25.312,3.406,
2026-10-03 03:25:24,3203.0,tail,,,,27.072,28.68,28.68,,25.312,3.368,
2026-10-03 03:25:25,3204.0,tail,,,,27.106,28.662,28.662,,25.312,3.35,
2026-10-03 03:25:26,3205.0,tail,,,,27.058,28.638,28.638,,25.312,3.326,
2026-10-03 03:25:27,3206.0,tail,,,,27.042,28.642,28.642,,25.312,3.33,
2026-10-03 03:25:28,3207.0,tail,,,,27.08,28.66,28.66,,25.312,3.348,
2026-10-03 03:25:29,3208.0,tail,,,,27.038,28.688,28.688,,25.312,3.376,
2026-10-03 03:25:30,3209.0,tail,,,,27.016,28.724,28.724,,25.312,3.412,
2026-10-03 03:25:31,3210.0,tail,,,,27.046,28.674,28.674,,25.312,3.362,
2026-10-03 03:25:32,3211.0,tail,,,,27.078,28.726,28.726,,25.312,3.414,
2026-10-03 03:25:33,3212.0,tail,,,,27.008,28.64,28.64,,25.312,3.328,
2026-10-03 03:25:34,3213.0,tail,,,,27.072,28.766,28.766,,25.312,3.454,
2026-10-03 03:25:35,3214.0,tail,,,,27.106,28.674,28.674,,25.312,3.362,
2026-10-03 03:25:36,3215.0,tail,,,,26.982,28.728,28.728,,25.312,3.416,
2026-10-03 03:25:37,3216.0,tail,,,,27.088,28.712,28.712,,25.312,3.4,
2026-10-03 03:25:38,3217.0,tail,,,,27.006,28.7,28.7,,25.312,3.388,
2026-10-03 03:25:39,3218.0,tail,,,,27.078,28.638,28.638,,25.312,3.326,
2026-10-03 03:25:40,3219.0,tail,,,,27.08,28.734,28.734,,25.312,3.422,
2026-10-03 03:25:41,3220.0,tail,,,,27.048,28.736,28.736,,25.312,3.424,
2026-10-03 03:25:42,3221.0,tail,,,,27.04,28.684,28.684,,25.312,3.372,
2026-10-03 03:25:43,3222.0,tail,,,,27.064,28.682,28.682,,25.312,3.37,
2026-10-03 03:25:44,3223.0,tail,,,,27.098,28.85,28.85,,25.312,3.538,
2026-10-03 03:25:45,3224.0,tail,,,,27.042,28.652,28.652,,25.312,3.34,
2026-10-03 03:25:46,3225.0,tail,,,,26.984,28.628,28.628,,25.312,3.316,
2026-10-03 03:25:47,3226.0,tail,,,,27.09,28.722,28.722,,25.312,3.41,
2026-10-03 03:25:48,3227.0,tail,,,,26.988,28.718,28.718,,25.312,3.406,
2026-10-03 03:25:49,3228.0,tail,,,,27.082,28.606,28.606,,25.312,3.294,
2026-10-03 03:25:50,3229.0,tail,,,,27.05,28.642,28.642,,25.312,3.33,
2026-10-03 03:25:51,3230.0,tail,,,,27.084,28.612,28.612,,25.312,3.3,
2026-10-03 03:25:52,3231.0,tail,,,,27.124,28.556,28.556,,25.312,3.244,
2026-10-03 03:25:53,3232.0,tail,,,,27.028,28.602,28.602,,25.312,3.29,
2026-10-03 03:25:54,3233.0,tail,,,,27.014,28.636,28.636,,25.312,3.324,
2026-10-03 03:25:55,3234.0,tail,,,,27.066,28.61,28.61,,25.312,3.298,
2026-10-03 03:25:56,3235.0,tail,,,,26.964,28.604,28.604,,25.312,3.292,
2026-10-03 03:25:57,3236.0,tail,,,,26.976,28.67,28.67,,25.312,3.358,
2026-10-03 03:25:58,3237.0,tail,,,,27.07,28.676,28.676,,25.312,3.364,
2026-10-03 03:25:59,3238.0,tail,,,,27.052,28.592,28.592,,25.312,3.28,
2026-10-03 03:26:00,3239.0,tail,,,,27.06,28.62,28.62,,25.312,3.308,
2026-10-03 03:26:01,3240.0,tail,,,,27.038,28.606,28.606,,25.312,3.294,
2026-10-03 03:26:02,3241.0,tail,,,,26.994,28.68,28.68,,25.312,3.368,
2026-10-03 03:26:03,3242.0,tail,,,,26.998,28.658,28.658,,25.312,3.346,
2026-10-03 03:26:04,3243.0,tail,,,,26.996,28.706,28.706,,25.312,3.394,
2026-10-03 03:26:05,3244.0,tail,,,,26.926,28.688,28.688,,25.312,3.376,
2026-10-03 03:26:06,3245.0,tail,,,,27.068,28.752,28.752,,25.312,3.44,
2026-10-03 03:26:07,3246.0,tail,,,,27.022,28.688,28.688,,25.312,3.376,
2026-10-03 03:26:08,3247.0,tail,,,,27.008,28.608,28.608,,25.312,3.296,
2026-10-03 03:26:09,3248.0,tail,,,,26.916,28.774,28.774,,25.312,3.462,
2026-10-03 03:26:10,3249.0,tail,,,,27.006,28.694,28.694,,25.312,3.382,
2026-10-03 03:26:11,3250.0,tail,,,,27.006,28.728,28.728,,25.312,3.416,
2026-10-03 03:26:12,3251.0,tail,,,,26.974,28.706,28.706,,25.312,3.394,
2026-10-03 03:26:13,3252.0,tail,,,,26.98,28.668,28.668,,25.312,3.356,
2026-10-03 03:26:14,3253.0,tail,,,,27.028,28.654,28.654,,25.312,3.342,
2026-10-03 03:26:15,3254.0,tail,,,,27.012,28.678,28.678,,25.312,3.366,
2026-10-03 03:26:16,3255.0,tail,,,,26.988,28.684,28.684,,25.312,3.372,
2026-10-03 03:26:17,3256.0,tail,,,,27.018,28.67,28.67,,25.312,3.358,
2026-10-03 03:26:18,3257.0,tail,,,,26.92,28.704,28.704,,25.312,3.392,
2026-10-03 03:26:19,3258.0,tail,,,,26.964,28.682,28.682,,25.312,3.37,
2026-10-03 03:26:20,3259.0,tail,,,,26.984,28.728,28.728,,25.312,3.416,
2026-10-03 03:26:21,3260.0,tail,,,,26.948,28.628,28.628,,25.312,3.316,
2026-10-03 03:26:22,3261.0,tail,,,,26.916,28.694,28.694,,25.312,3.382,
2026-10-03 03:26:23,3262.0,tail,,,,27.004,28.634,28.634,,25.312,3.322,
2026-10-03 03:26:24,3263.0,tail,,,,27.048,28.618,28.618,,25.312,3.306,
2026-10-03 03:26:25,3264.0,tail,,,,26.98,28.636,28.636,,25.312,3.324,
2026-10-03 03:26:26,3265.0,tail,,,,26.972,28.608,28.608,,25.312,3.296,
2026-10-03 03:26:27,3266.0,tail,,,,26.976,28.606,28.606,,25.312,3.294,
2026-10-03 03:26:28,3267.0,tail,,,,26.924,28.524,28.524,,25.312,3.212,
2026-10-03 03:26:29,3268.0,tail,,,,26.974,28.688,28.688,,25.312,3.376,
2026-10-03 03:26:30,3269.0,tail,,,,26.976,28.632,28.632,,25.312,3.32,
2026-10-03 03:26:31,3270.0,tail,,,,26.862,28.594,28.594,,25.312,3.282,
2026-10-03 03:26:32,3271.0,tail,,,,27.004,28.656,28.656,,25.312,3.344,
2026-10-03 03:26:33,3272.0,tail,,,,27.002,28.618,28.618,,25.312,3.306,
2026-10-03 03:26:34,3273.0,tail,,,,27.01,28.602,28.602,,25.312,3.29,
2026-10-03 03:26:35,3274.0,tail,,,,27.008,28.598,28.598,,25.312,3.286,
2026-10-03 03:26:36,3275.0,tail,,,,26.956,28.452,28.452,,25.312,3.14,
2026-10-03 03:26:37,3276.0,tail,,,,27.02,28.51,28.51,,25.312,3.198,
2026-10-03 03:26:38,3277.0,tail,,,,27.008,28.478,28.478,,25.312,3.166,
2026-10-03 03:26:39,3278.0,tail,,,,26.942,28.476,28.476,,25.312,3.164,
2026-10-03 03:26:40,3279.0,tail,,,,26.986,28.372,28.372,,25.25,3.122,
2026-10-03 03:26:41,3280.0,tail,,,,26.958,28.392,28.392,,25.25,3.142,
2026-10-03 03:26:42,3281.0,tail,,,,26.838,28.368,28.368,,25.25,3.118,
2026-10-03 03:26:43,3282.0,tail,,,,26.97,28.384,28.384,,25.25,3.134,
2026-10-03 03:26:44,3283.0,tail,,,,26.916,28.36,28.36,,25.312,3.048,
2026-10-03 03:26:45,3284.0,tail,,,,26.956,28.296,28.296,,25.312,2.984,
2026-10-03 03:26:46,3285.0,tail,,,,26.874,28.4,28.4,,25.25,3.15,
2026-10-03 03:26:47,3286.0,tail,,,,26.934,28.322,28.322,,25.25,3.072,
2026-10-03 03:26:48,3287.0,tail,,,,26.866,28.322,28.322,,25.312,3.01,
2026-10-03 03:26:49,3288.0,tail,,,,26.89,28.39,28.39,,25.312,3.078,
2026-10-03 03:26:50,3289.0,tail,,,,26.93,28.294,28.294,,25.312,2.982,
2026-10-03 03:26:51,3290.0,tail,,,,26.926,28.328,28.328,,25.25,3.078,
2026-10-03 03:26:52,3291.0,tail,,,,26.882,28.42,28.42,,25.25,3.17,
2026-10-03 03:26:53,3292.0,tail,,,,26.922,28.338,28.338,,25.25,3.088,
2026-10-03 03:26:54,3293.0,tail,,,,26.896,28.406,28.406,,25.25,3.156,
2026-10-03 03:26:55,3294.0,tail,,,,26.886,28.354,28.354,,25.25,3.104,
2026-10-03 03:26:56,3295.0,tail,,,,26.92,28.314,28.314,,25.312,3.002,
2026-10-03 03:26:57,3296.0,tail,,,,26.898,28.422,28.422,,25.312,3.11,
2026-10-03 03:26:58,3297.0,tail,,,,26.944,28.354,28.354,,25.25,3.104,
2026-10-03 03:26:59,3298.0,tail,,,,26.928,28.424,28.424,,25.25,3.174,
2026-10-03 03:27:00,3299.0,tail,,,,26.856,28.41,28.41,,25.25,3.16,
2026-10-03 03:27:01,3300.0,tail,,,,26.81,28.398,28.398,,25.25,3.148,
2026-10-03 03:27:02,3301.0,tail,,,,26.916,28.4,28.4,,25.312,3.088,
2026-10-03 03:27:03,3302.0,tail,,,,26.854,28.4,28.4,,25.312,3.088,
2026-10-03 03:27:04,3303.0,tail,,,,26.868,28.422,28.422,,25.25,3.172,
2026-10-03 03:27:05,3304.0,tail,,,,26.88,28.452,28.452,,25.25,3.202,
2026-10-03 03:27:06,3305.0,tail,,,,26.934,28.482,28.482,,25.25,3.232,
2026-10-03 03:27:07,3306.0,tail,,,,26.932,28.47,28.47,,25.25,3.22,
2026-10-03 03:27:08,3307.0,tail,,,,26.974,28.456,28.456,,25.25,3.206,
2026-10-03 03:27:09,3308.0,tail,,,,26.9,28.598,28.598,,25.25,3.348,
2026-10-03 03:27:10,3309.0,tail,,,,26.884,28.562,28.562,,25.25,3.312,
2026-10-03 03:27:11,3310.0,tail,,,,26.932,28.58,28.58,,25.25,3.33,
2026-10-03 03:27:12,3311.0,tail,,,,26.968,28.55,28.55,,25.25,3.3,
2026-10-03 03:27:13,3312.0,tail,,,,26.908,28.518,28.518,,25.25,3.268,
2026-10-03 03:27:14,3313.0,tail,,,,26.83,28.524,28.524,,25.25,3.274,
2026-10-03 03:27:15,3314.0,tail,,,,26.924,28.592,28.592,,25.25,3.342,
2026-10-03 03:27:16,3315.0,tail,,,,26.882,28.618,28.618,,25.25,3.368,
2026-10-03 03:27:17,3316.0,tail,,,,26.862,28.624,28.624,,25.25,3.374,
2026-10-03 03:27:18,3317.0,tail,,,,26.838,28.626,28.626,,25.25,3.376,
2026-10-03 03:27:19,3318.0,tail,,,,26.922,28.678,28.678,,25.25,3.428,
2026-10-03 03:27:20,3319.0,tail,,,,26.87,28.506,28.506,,25.25,3.256,
2026-10-03 03:27:21,3320.0,tail,,,,26.858,28.592,28.592,,25.25,3.342,
2026-10-03 03:27:22,3321.0,tail,,,,26.822,28.63,28.63,,25.25,3.38,
2026-10-03 03:27:23,3322.0,tail,,,,26.87,28.56,28.56,,25.25,3.31,
2026-10-03 03:27:24,3323.0,tail,,,,26.816,28.534,28.534,,25.25,3.284,
2026-10-03 03:27:25,3324.0,tail,,,,26.85,28.536,28.536,,25.25,3.286,
2026-10-03 03:27:26,3325.0,tail,,,,26.848,28.446,28.446,,25.25,3.196,
2026-10-03 03:27:27,3326.0,tail,,,,26.798,28.556,28.556,,25.25,3.306,
2026-10-03 03:27:28,3327.0,tail,,,,26.82,28.514,28.514,,25.25,3.264,
2026-10-03 03:27:29,3328.0,tail,,,,26.888,28.548,28.548,,25.25,3.298,
2026-10-03 03:27:30,3329.0,tail,,,,26.846,28.616,28.616,,25.25,3.366,
2026-10-03 03:27:31,3330.0,tail,,,,26.884,28.528,28.528,,25.25,3.278,
2026-10-03 03:27:32,3331.0,tail,,,,26.82,28.52,28.52,,25.25,3.27,
2026-10-03 03:27:33,3332.0,tail,,,,26.898,28.476,28.476,,25.25,3.226,
2026-10-03 03:27:34,3333.0,tail,,,,26.848,28.556,28.556,,25.25,3.306,
2026-10-03 03:27:35,3334.0,tail,,,,26.862,28.542,28.542,,25.25,3.292,
2026-10-03 03:27:36,3335.0,tail,,,,26.842,28.586,28.586,,25.25,3.336,
2026-10-03 03:27:37,3336.0,tail,,,,26.8,28.5,28.5,,25.25,3.25,
2026-10-03 03:27:38,3337.0,tail,,,,26.904,28.446,28.446,,25.25,3.196,
2026-10-03 03:27:39,3338.0,tail,,,,26.85,28.48,28.48,,25.25,3.23,
2026-10-03 03:27:40,3339.0,tail,,,,26.798,28.522,28.522,,25.25,3.272,
2026-10-03 03:27:41,3340.0,tail,,,,26.87,28.422,28.422,,25.25,3.172,
2026-10-03 03:27:42,3341.0,tail,,,,26.804,28.492,28.492,,25.25,3.242,
2026-10-03 03:27:43,3342.0,tail,,,,26.842,28.5,28.5,,25.25,3.25,
2026-10-03 03:27:44,3343.0,tail,,,,26.864,28.502,28.502,,25.25,3.252,
2026-10-03 03:27:45,3344.0,tail,,,,26.87,28.358,28.358,,25.25,3.108,
2026-10-03 03:27:46,3345.0,tail,,,,26.778,28.438,28.438,,25.25,3.188,
2026-10-03 03:27:47,3346.0,tail,,,,26.878,28.474,28.474,,25.25,3.224,
2026-10-03 03:27:48,3347.0,tail,,,,26.754,28.458,28.458,,25.25,3.208,
2026-10-03 03:27:49,3348.0,tail,,,,26.816,28.366,28.366,,25.25,3.116,
2026-10-03 03:27:50,3349.0,tail,,,,26.78,28.408,28.408,,25.25,3.158,
2026-10-03 03:27:51,3350.0,tail,,,,26.852,28.362,28.362,,25.25,3.112,
2026-10-03 03:27:52,3351.0,tail,,,,26.906,28.362,28.362,,25.25,3.112,
2026-10-03 03:27:53,3352.0,tail,,,,26.84,28.448,28.448,,25.25,3.198,
2026-10-03 03:27:54,3353.0,tail,,,,26.812,28.438,28.438,,25.25,3.188,
2026-10-03 03:27:55,3354.0,tail,,,,26.852,28.322,28.322,,25.25,3.072,
2026-10-03 03:27:56,3355.0,tail,,,,26.814,28.336,28.336,,25.25,3.086,
2026-10-03 03:27:57,3356.0,tail,,,,26.732,28.392,28.392,,25.25,3.142,
2026-10-03 03:27:58,3357.0,tail,,,,26.788,28.422,28.422,,25.25,3.172,
2026-10-03 03:27:59,3358.0,tail,,,,26.826,28.432,28.432,,25.25,3.182,
2026-10-03 03:28:00,3359.0,tail,,,,26.8,28.44,28.44,,25.25,3.19,
2026-10-03 03:28:01,3360.0,tail,,,,26.816,28.444,28.444,,25.25,3.194,
2026-10-03 03:28:02,3361.0,tail,,,,26.808,28.422,28.422,,25.25,3.172,
2026-10-03 03:28:03,3362.0,tail,,,,26.77,28.402,28.402,,25.25,3.152,
2026-10-03 03:28:04,3363.0,tail,,,,26.848,28.358,28.358,,25.25,3.108,
2026-10-03 03:28:05,3364.0,tail,,,,26.802,28.308,28.308,,25.25,3.058,
2026-10-03 03:28:06,3365.0,tail,,,,26.83,28.372,28.372,,25.187,3.185,
2026-10-03 03:28:07,3366.0,tail,,,,26.776,28.402,28.402,,25.187,3.215,
2026-10-03 03:28:08,3367.0,tail,,,,26.758,28.362,28.362,,25.187,3.175,
2026-10-03 03:28:09,3368.0,tail,,,,26.752,28.332,28.332,,25.187,3.145,
2026-10-03 03:28:10,3369.0,tail,,,,26.818,28.248,28.248,,25.25,2.998,
2026-10-03 03:28:11,3370.0,tail,,,,26.892,28.288,28.288,,25.25,3.038,
2026-10-03 03:28:12,3371.0,tail,,,,26.816,28.298,28.298,,25.187,3.111,
2026-10-03 03:28:13,3372.0,tail,,,,26.804,28.254,28.254,,25.187,3.067,
2026-10-03 03:28:14,3373.0,tail,,,,26.796,28.288,28.288,,25.187,3.101,
2026-10-03 03:28:15,3374.0,tail,,,,26.752,28.234,28.234,,25.187,3.047,
2026-10-03 03:28:16,3375.0,tail,,,,26.732,28.308,28.308,,25.187,3.121,
2026-10-03 03:28:17,3376.0,tail,,,,26.852,28.266,28.266,,25.187,3.079,
2026-10-03 03:28:18,3377.0,tail,,,,26.854,28.242,28.242,,25.187,3.055,
2026-10-03 03:28:19,3378.0,tail,,,,26.698,28.338,28.338,,25.187,3.151,
2026-10-03 03:28:20,3379.0,tail,,,,26.838,28.366,28.366,,25.187,3.179,
2026-10-03 03:28:21,3380.0,tail,,,,26.772,28.444,28.444,,25.187,3.257,
2026-10-03 03:28:22,3381.0,tail,,,,26.822,28.384,28.384,,25.187,3.197,
2026-10-03 03:28:23,3382.0,tail,,,,26.782,28.322,28.322,,25.187,3.135,
2026-10-03 03:28:24,3383.0,tail,,,,26.716,28.448,28.448,,25.187,3.261,
2026-10-03 03:28:25,3384.0,tail,,,,26.77,28.442,28.442,,25.187,3.255,
2026-10-03 03:28:26,3385.0,tail,,,,26.826,28.38,28.38,,25.187,3.193,
2026-10-03 03:28:27,3386.0,tail,,,,26.774,28.362,28.362,,25.187,3.175,
2026-10-03 03:28:28,3387.0,tail,,,,26.818,28.396,28.396,,25.187,3.209,
2026-10-03 03:28:29,3388.0,tail,,,,26.756,28.41,28.41,,25.187,3.223,
2026-10-03 03:28:30,3389.0,tail,,,,26.788,28.458,28.458,,25.187,3.271,
2026-10-03 03:28:31,3390.0,tail,,,,26.84,28.396,28.396,,25.187,3.209,
2026-10-03 03:28:32,3391.0,tail,,,,26.774,28.35,28.35,,25.187,3.163,
2026-10-03 03:28:33,3392.0,tail,,,,26.792,28.398,28.398,,25.187,3.211,
2026-10-03 03:28:34,3393.0,tail,,,,26.748,28.472,28.472,,25.187,3.285,
2026-10-03 03:28:35,3394.0,tail,,,,26.726,28.48,28.48,,25.187,3.293,
2026-10-03 03:28:36,3395.0,tail,,,,26.71,28.488,28.488,,25.187,3.301,
2026-10-03 03:28:37,3396.0,tail,,,,26.718,28.472,28.472,,25.187,3.285,
2026-10-03 03:28:38,3397.0,tail,,,,26.774,28.488,28.488,,25.187,3.301,
2026-10-03 03:28:39,3398.0,tail,,,,26.82,28.454,28.454,,25.187,3.267,
2026-10-03 03:28:40,3399.0,tail,,,,26.8,28.498,28.498,,25.187,3.311,
2026-10-03 03:28:41,3400.0,tail,,,,26.796,28.388,28.388,,25.187,3.201,
2026-10-03 03:28:42,3401.0,tail,,,,26.8,28.412,28.412,,25.187,3.225,
2026-10-03 03:28:43,3402.0,tail,,,,26.708,28.412,28.412,,25.187,3.225,
2026-10-03 03:28:44,3403.0,tail,,,,26.704,28.442,28.442,,25.187,3.255,
2026-10-03 03:28:45,3404.0,tail,,,,26.806,28.46,28.46,,25.187,3.273,
2026-10-03 03:28:46,3405.0,tail,,,,26.818,28.494,28.494,,25.187,3.307,
2026-10-03 03:28:47,3406.0,tail,,,,26.734,28.568,28.568,,25.187,3.381,
2026-10-03 03:28:48,3407.0,tail,,,,26.744,28.298,28.298,,25.187,3.111,
2026-10-03 03:28:49,3408.0,tail,,,,26.784,28.424,28.424,,25.187,3.237,
2026-10-03 03:28:50,3409.0,tail,,,,26.744,28.37,28.37,,25.187,3.183,
2026-10-03 03:28:51,3410.0,tail,,,,26.778,28.216,28.216,,25.187,3.029,
2026-10-03 03:28:52,3411.0,tail,,,,26.738,28.288,28.288,,25.187,3.101,
2026-10-03 03:28:53,3412.0,tail,,,,26.816,28.304,28.304,,25.187,3.117,
2026-10-03 03:28:54,3413.0,tail,,,,26.806,28.296,28.296,,25.187,3.109,
2026-10-03 03:28:55,3414.0,tail,,,,26.65,28.358,28.358,,25.187,3.171,
2026-10-03 03:28:56,3415.0,tail,,,,26.698,28.372,28.372,,25.187,3.185,
2026-10-03 03:28:57,3416.0,tail,,,,26.662,28.33,28.33,,25.187,3.143,
2026-10-03 03:28:58,3417.0,tail,,,,26.708,28.37,28.37,,25.187,3.183,
2026-10-03 03:28:59,3418.0,tail,,,,26.736,28.316,28.316,,25.187,3.129,
2026-10-03 03:29:00,3419.0,tail,,,,26.736,28.352,28.352,,25.187,3.165,
2026-10-03 03:29:01,3420.0,tail,,,,26.694,28.346,28.346,,25.187,3.159,
2026-10-03 03:29:02,3421.0,tail,,,,26.734,28.374,28.374,,25.187,3.187,
2026-10-03 03:29:03,3422.0,tail,,,,26.746,28.4,28.4,,25.187,3.213,
2026-10-03 03:29:04,3423.0,tail,,,,26.708,28.398,28.398,,25.187,3.211,
2026-10-03 03:29:05,3424.0,tail,,,,26.752,28.326,28.326,,25.187,3.139,
2026-10-03 03:29:06,3425.0,tail,,,,26.678,28.436,28.436,,25.187,3.249,
2026-10-03 03:29:07,3426.0,tail,,,,26.668,28.312,28.312,,25.187,3.125,
2026-10-03 03:29:08,3427.0,tail,,,,26.68,28.334,28.334,,25.187,3.147,
2026-10-03 03:29:09,3428.0,tail,,,,26.686,28.326,28.326,,25.187,3.139,
2026-10-03 03:29:10,3429.0,tail,,,,26.664,28.342,28.342,,25.187,3.155,
2026-10-03 03:29:11,3430.0,tail,,,,26.75,28.33,28.33,,25.187,3.143,
2026-10-03 03:29:12,3431.0,tail,,,,26.746,28.328,28.328,,25.187,3.141,
2026-10-03 03:29:13,3432.0,tail,,,,26.732,28.334,28.334,,25.187,3.147,
2026-10-03 03:29:14,3433.0,tail,,,,26.744,28.266,28.266,,25.187,3.079,
2026-10-03 03:29:15,3434.0,tail,,,,26.71,28.286,28.286,,25.187,3.099,
2026-10-03 03:29:16,3435.0,tail,,,,26.732,28.276,28.276,,25.187,3.089,
2026-10-03 03:29:17,3436.0,tail,,,,26.684,28.236,28.236,,25.187,3.049,
2026-10-03 03:29:18,3437.0,tail,,,,26.66,28.246,28.246,,25.187,3.059,
2026-10-03 03:29:19,3438.0,tail,,,,26.746,28.316,28.316,,25.187,3.129,
2026-10-03 03:29:20,3439.0,tail,,,,26.73,28.252,28.252,,25.187,3.065,
2026-10-03 03:29:21,3440.0,tail,,,,26.758,28.264,28.264,,25.187,3.077,
2026-10-03 03:29:22,3441.0,tail,,,,26.722,28.164,28.164,,25.187,2.977,
2026-10-03 03:29:23,3442.0,tail,,,,26.662,28.17,28.17,,25.187,2.983,
2026-10-03 03:29:24,3443.0,tail,,,,26.692,28.256,28.256,,25.187,3.069,
2026-10-03 03:29:25,3444.0,tail,,,,26.684,28.196,28.196,,25.187,3.009,
2026-10-03 03:29:26,3445.0,tail,,,,26.684,28.26,28.26,,25.187,3.073,
2026-10-03 03:29:27,3446.0,tail,,,,26.668,28.224,28.224,,25.187,3.037,
2026-10-03 03:29:28,3447.0,tail,,,,26.708,28.216,28.216,,25.187,3.029,
2026-10-03 03:29:29,3448.0,tail,,,,26.676,28.194,28.194,,25.187,3.007,
2026-10-03 03:29:30,3449.0,tail,,,,26.706,28.258,28.258,,25.187,3.071,
2026-10-03 03:29:31,3450.0,tail,,,,26.736,28.248,28.248,,25.187,3.061,
2026-10-03 03:29:32,3451.0,tail,,,,26.732,28.178,28.178,,25.187,2.991,
2026-10-03 03:29:33,3452.0,tail,,,,26.684,28.242,28.242,,25.187,3.055,
2026-10-03 03:29:34,3453.0,tail,,,,26.734,28.224,28.224,,25.187,3.037,
2026-10-03 03:29:35,3454.0,tail,,,,26.692,28.212,28.212,,25.187,3.025,
2026-10-03 03:29:36,3455.0,tail,,,,26.716,28.144,28.144,,25.187,2.957,
2026-10-03 03:29:37,3456.0,tail,,,,26.654,28.15,28.15,,25.187,2.963,
2026-10-03 03:29:38,3457.0,tail,,,,26.664,28.104,28.104,,25.187,2.917,
2026-10-03 03:29:39,3458.0,tail,,,,26.692,28.172,28.172,,25.187,2.985,
2026-10-03 03:29:40,3459.0,tail,,,,26.73,28.098,28.098,,25.187,2.911,
2026-10-03 03:29:41,3460.0,tail,,,,26.682,28.198,28.198,,25.125,3.073,
2026-10-03 03:29:42,3461.0,tail,,,,26.67,28.224,28.224,,25.125,3.099,
2026-10-03 03:29:43,3462.0,tail,,,,26.624,28.09,28.09,,25.125,2.965,
2026-10-03 03:29:44,3463.0,tail,,,,26.702,28.128,28.128,,25.125,3.003,
2026-10-03 03:29:45,3464.0,tail,,,,26.708,28.158,28.158,,25.125,3.033,
2026-10-03 03:29:46,3465.0,tail,,,,26.734,28.144,28.144,,25.125,3.019,
2026-10-03 03:29:47,3466.0,tail,,,,26.662,28.166,28.166,,25.125,3.041,
2026-10-03 03:29:48,3467.0,tail,,,,26.646,28.212,28.212,,25.125,3.087,
2026-10-03 03:29:49,3468.0,tail,,,,26.742,28.286,28.286,,25.125,3.161,
2026-10-03 03:29:50,3469.0,tail,,,,26.728,28.28,28.28,,25.125,3.155,
2026-10-03 03:29:51,3470.0,tail,,,,26.736,28.368,28.368,,25.125,3.243,
2026-10-03 03:29:52,3471.0,tail,,,,26.692,28.3,28.3,,25.125,3.175,
2026-10-03 03:29:53,3472.0,tail,,,,26.674,28.396,28.396,,25.125,3.271,
2026-10-03 03:29:54,3473.0,tail,,,,26.664,28.304,28.304,,25.125,3.179,
2026-10-03 03:29:55,3474.0,tail,,,,26.72,28.334,28.334,,25.125,3.209,
2026-10-03 03:29:56,3475.0,tail,,,,26.762,28.398,28.398,,25.125,3.273,
2026-10-03 03:29:57,3476.0,tail,,,,26.676,28.354,28.354,,25.125,3.229,
2026-10-03 03:29:58,3477.0,tail,,,,26.67,28.344,28.344,,25.125,3.219,
2026-10-03 03:29:59,3478.0,tail,,,,26.714,28.336,28.336,,25.125,3.211,
2026-10-03 03:30:00,3479.0,tail,,,,26.694,28.378,28.378,,25.125,3.253,
2026-10-03 03:30:01,3480.0,tail,,,,26.63,28.386,28.386,,25.125,3.261,
2026-10-03 03:30:02,3481.0,tail,,,,26.592,28.254,28.254,,25.125,3.129,
2026-10-03 03:30:03,3482.0,tail,,,,26.57,28.17,28.17,,25.125,3.045,
2026-10-03 03:30:04,3483.0,tail,,,,26.646,28.206,28.206,,25.125,3.081,
2026-10-03 03:30:05,3484.0,tail,,,,26.574,28.296,28.296,,25.125,3.171,
2026-10-03 03:30:06,3485.0,tail,,,,26.532,28.3,28.3,,25.125,3.175,
2026-10-03 03:30:07,3486.0,tail,,,,26.668,28.296,28.296,,25.125,3.171,
2026-10-03 03:30:08,3487.0,tail,,,,26.69,28.236,28.236,,25.125,3.111,
2026-10-03 03:30:09,3488.0,tail,,,,26.66,28.322,28.322,,25.125,3.197,
2026-10-03 03:30:10,3489.0,tail,,,,26.698,28.264,28.264,,25.125,3.139,
2026-10-03 03:30:11,3490.0,tail,,,,26.588,28.212,28.212,,25.125,3.087,
2026-10-03 03:30:12,3491.0,tail,,,,26.666,28.268,28.268,,25.125,3.143,
2026-10-03 03:30:13,3492.0,tail,,,,26.704,28.284,28.284,,25.125,3.159,
2026-10-03 03:30:14,3493.0,tail,,,,26.642,28.166,28.166,,25.125,3.041,
2026-10-03 03:30:15,3494.0,tail,,,,26.696,28.208,28.208,,25.125,3.083,
2026-10-03 03:30:16,3495.0,tail,,,,26.64,28.11,28.11,,25.125,2.985,
2026-10-03 03:30:17,3496.0,tail,,,,26.676,28.074,28.074,,25.125,2.949,
2026-10-03 03:30:18,3497.0,tail,,,,26.672,28.172,28.172,,25.125,3.047,
2026-10-03 03:30:19,3498.0,tail,,,,26.676,28.142,28.142,,25.125,3.017,
2026-10-03 03:30:20,3499.0,tail,,,,26.654,28.258,28.258,,25.125,3.133,
2026-10-03 03:30:21,3500.0,tail,,,,26.63,28.226,28.226,,25.125,3.101,
2026-10-03 03:30:22,3501.0,tail,,,,26.572,28.178,28.178,,25.125,3.053,
2026-10-03 03:30:23,3502.0,tail,,,,26.628,28.216,28.216,,25.125,3.091,
2026-10-03 03:30:24,3503.0,tail,,,,26.64,28.28,28.28,,25.125,3.155,
2026-10-03 03:30:25,3504.0,tail,,,,26.57,28.326,28.326,,25.125,3.201,
2026-10-03 03:30:26,3505.0,tail,,,,26.576,28.292,28.292,,25.125,3.167,
2026-10-03 03:30:27,3506.0,tail,,,,26.632,28.274,28.274,,25.125,3.149,
2026-10-03 03:30:28,3507.0,tail,,,,26.63,28.218,28.218,,25.125,3.093,
2026-10-03 03:30:29,3508.0,tail,,,,26.666,28.248,28.248,,25.125,3.123,
2026-10-03 03:30:30,3509.0,tail,,,,26.63,28.192,28.192,,25.125,3.067,
2026-10-03 03:30:31,3510.0,tail,,,,26.66,28.206,28.206,,25.125,3.081,
2026-10-03 03:30:32,3511.0,tail,,,,26.568,28.248,28.248,,25.125,3.123,
2026-10-03 03:30:33,3512.0,tail,,,,26.552,28.146,28.146,,25.125,3.021,
2026-10-03 03:30:34,3513.0,tail,,,,26.654,28.224,28.224,,25.125,3.099,
2026-10-03 03:30:35,3514.0,tail,,,,26.646,28.218,28.218,,25.125,3.093,
2026-10-03 03:30:36,3515.0,tail,,,,26.676,28.28,28.28,,25.125,3.155,
2026-10-03 03:30:37,3516.0,tail,,,,26.734,28.306,28.306,,25.125,3.181,
2026-10-03 03:30:38,3517.0,tail,,,,26.614,28.276,28.276,,25.125,3.151,
2026-10-03 03:30:39,3518.0,tail,,,,26.616,28.286,28.286,,25.125,3.161,
2026-10-03 03:30:40,3519.0,tail,,,,26.654,28.256,28.256,,25.125,3.131,
2026-10-03 03:30:41,3520.0,tail,,,,26.66,28.222,28.222,,25.125,3.097,
2026-10-03 03:30:42,3521.0,tail,,,,26.644,28.278,28.278,,25.125,3.153,
2026-10-03 03:30:43,3522.0,tail,,,,26.568,28.22,28.22,,25.125,3.095,
2026-10-03 03:30:44,3523.0,tail,,,,26.624,28.246,28.246,,25.125,3.121,
2026-10-03 03:30:45,3524.0,tail,,,,26.57,28.282,28.282,,25.125,3.157,
2026-10-03 03:30:46,3525.0,tail,,,,26.68,28.248,28.248,,25.125,3.123,
2026-10-03 03:30:47,3526.0,tail,,,,26.656,28.212,28.212,,25.125,3.087,
2026-10-03 03:30:48,3527.0,tail,,,,26.542,28.212,28.212,,25.125,3.087,
2026-10-03 03:30:49,3528.0,tail,,,,26.63,28.242,28.242,,25.125,3.117,
2026-10-03 03:30:50,3529.0,tail,,,,26.61,28.218,28.218,,25.125,3.093,
2026-10-03 03:30:51,3530.0,tail,,,,26.55,28.276,28.276,,25.125,3.151,
2026-10-03 03:30:52,3531.0,tail,,,,26.538,28.31,28.31,,25.125,3.185,
2026-10-03 03:30:53,3532.0,tail,,,,26.618,28.306,28.306,,25.125,3.181,
2026-10-03 03:30:54,3533.0,tail,,,,26.694,28.222,28.222,,25.125,3.097,
2026-10-03 03:30:55,3534.0,tail,,,,26.524,28.25,28.25,,25.125,3.125,
2026-10-03 03:30:56,3535.0,tail,,,,26.596,28.244,28.244,,25.125,3.119,
2026-10-03 03:30:57,3536.0,tail,,,,26.654,28.188,28.188,,25.125,3.063,
2026-10-03 03:30:58,3537.0,tail,,,,26.57,28.216,28.216,,25.125,3.091,
2026-10-03 03:30:59,3538.0,tail,,,,26.566,28.222,28.222,,25.125,3.097,
2026-10-03 03:31:00,3539.0,tail,,,,26.576,28.13,28.13,,25.125,3.005,
2026-10-03 03:31:01,3540.0,tail,,,,26.568,28.246,28.246,,25.125,3.121,
2026-10-03 03:31:02,3541.0,tail,,,,26.63,28.158,28.158,,25.125,3.033,
2026-10-03 03:31:03,3542.0,tail,,,,26.544,28.216,28.216,,25.125,3.091,
2026-10-03 03:31:04,3543.0,tail,,,,26.568,28.234,28.234,,25.125,3.109,
2026-10-03 03:31:05,3544.0,tail,,,,26.506,28.256,28.256,,25.125,3.131,
2026-10-03 03:31:06,3545.0,tail,,,,26.584,28.234,28.234,,25.125,3.109,
2026-10-03 03:31:07,3546.0,tail,,,,26.602,28.206,28.206,,25.125,3.081,
2026-10-03 03:31:08,3547.0,tail,,,,26.522,28.154,28.154,,25.125,3.029,
2026-10-03 03:31:09,3548.0,tail,,,,26.626,28.134,28.134,,25.125,3.009,
2026-10-03 03:31:10,3549.0,tail,,,,26.552,28.134,28.134,,25.125,3.009,
2026-10-03 03:31:11,3550.0,tail,,,,26.546,28.144,28.144,,25.125,3.019,
2026-10-03 03:31:12,3551.0,tail,,,,26.548,28.162,28.162,,25.125,3.037,
2026-10-03 03:31:13,3552.0,tail,,,,26.604,28.172,28.172,,25.125,3.047,
2026-10-03 03:31:14,3553.0,tail,,,,26.452,28.174,28.174,,25.125,3.049,
2026-10-03 03:31:15,3554.0,tail,,,,26.482,28.178,28.178,,25.125,3.053,
2026-10-03 03:31:16,3555.0,tail,,,,26.55,28.154,28.154,,25.125,3.029,
2026-10-03 03:31:17,3556.0,tail,,,,26.482,28.224,28.224,,25.125,3.099,
2026-10-03 03:31:18,3557.0,tail,,,,26.53,28.178,28.178,,25.125,3.053,
2026-10-03 03:31:19,3558.0,tail,,,,26.476,28.164,28.164,,25.125,3.039,
2026-10-03 03:31:20,3559.0,tail,,,,26.572,28.182,28.182,,25.125,3.057,
2026-10-03 03:31:21,3560.0,tail,,,,26.508,28.196,28.196,,25.125,3.071,
2026-10-03 03:31:22,3561.0,tail,,,,26.636,28.124,28.124,,25.125,2.999,
2026-10-03 03:31:23,3562.0,tail,,,,26.506,28.264,28.264,,25.125,3.139,
2026-10-03 03:31:24,3563.0,tail,,,,26.476,28.246,28.246,,25.125,3.121,
2026-10-03 03:31:25,3564.0,tail,,,,26.542,28.31,28.31,,25.125,3.185,
2026-10-03 03:31:26,3565.0,tail,,,,26.46,28.304,28.304,,25.125,3.179,
2026-10-03 03:31:27,3566.0,tail,,,,26.602,28.258,28.258,,25.125,3.133,
2026-10-03 03:31:28,3567.0,tail,,,,26.536,28.266,28.266,,25.125,3.141,
2026-10-03 03:31:29,3568.0,tail,,,,26.538,28.218,28.218,,25.125,3.093,
2026-10-03 03:31:30,3569.0,tail,,,,26.53,28.2,28.2,,25.125,3.075,
2026-10-03 03:31:31,3570.0,tail,,,,26.502,28.15,28.15,,25.125,3.025,
2026-10-03 03:31:32,3571.0,tail,,,,26.62,28.19,28.19,,25.125,3.065,
2026-10-03 03:31:33,3572.0,tail,,,,26.41,28.148,28.148,,25.125,3.023,
2026-10-03 03:31:34,3573.0,tail,,,,26.558,28.266,28.266,,25.125,3.141,
2026-10-03 03:31:35,3574.0,tail,,,,26.44,28.268,28.268,,25.125,3.143,
2026-10-03 03:31:36,3575.0,tail,,,,26.552,28.154,28.154,,25.125,3.029,
2026-10-03 03:31:37,3576.0,tail,,,,26.546,28.224,28.224,,25.125,3.099,
2026-10-03 03:31:38,3577.0,tail,,,,26.53,28.222,28.222,,25.125,3.097,
2026-10-03 03:31:39,3578.0,tail,,,,26.594,28.256,28.256,,25.125,3.131,
2026-10-03 03:31:40,3579.0,tail,,,,26.566,28.194,28.194,,25.125,3.069,
2026-10-03 03:31:41,3580.0,tail,,,,26.438,28.234,28.234,,25.125,3.109,
2026-10-03 03:31:42,3581.0,tail,,,,26.508,28.226,28.226,,25.125,3.101,
2026-10-03 03:31:43,3582.0,tail,,,,26.564,28.208,28.208,,25.125,3.083,
2026-10-03 03:31:44,3583.0,tail,,,,26.524,28.284,28.284,,25.125,3.159,
2026-10-03 03:31:45,3584.0,tail,,,,26.452,28.324,28.324,,25.125,3.199,
2026-10-03 03:31:46,3585.0,tail,,,,26.634,28.202,28.202,,25.125,3.077,
2026-10-03 03:31:47,3586.0,tail,,,,26.508,28.26,28.26,,25.125,3.135,
2026-10-03 03:31:48,3587.0,tail,,,,26.538,28.306,28.306,,25.125,3.181,
2026-10-03 03:31:49,3588.0,tail,,,,26.546,28.258,28.258,,25.125,3.133,
2026-10-03 03:31:50,3589.0,tail,,,,26.478,28.264,28.264,,25.125,3.139,
2026-10-03 03:31:51,3590.0,tail,,,,26.496,28.202,28.202,,25.125,3.077,
2026-10-03 03:31:52,3591.0,tail,,,,26.55,28.16,28.16,,25.062,3.098,
2026-10-03 03:31:53,3592.0,tail,,,,26.496,28.226,28.226,,25.062,3.164,
2026-10-03 03:31:54,3593.0,tail,,,,26.53,28.142,28.142,,25.125,3.017,
2026-10-03 03:31:55,3594.0,tail,,,,26.482,28.112,28.112,,25.125,2.987,
2026-10-03 03:31:56,3595.0,tail,,,,26.498,28.198,28.198,,25.125,3.073,
2026-10-03 03:31:57,3596.0,tail,,,,26.56,28.186,28.186,,25.125,3.061,
2026-10-03 03:31:58,3597.0,tail,,,,26.506,28.214,28.214,,25.125,3.089,
2026-10-03 03:31:59,3598.0,tail,,,,26.544,28.13,28.13,,25.125,3.005,
2026-10-03 03:32:00,3599.0,tail,,,,26.518,28.202,28.202,,25.125,3.077,
2026-10-03 03:32:01,3600.0,tail,,,,26.48,28.23,28.23,,25.062,3.168,
2026-10-03 03:32:02,3601.0,tail,,,,26.552,28.16,28.16,,25.062,3.098,
2026-10-03 03:32:03,3602.0,tail,,,,26.536,28.094,28.094,,25.125,2.969,
2026-10-03 03:32:04,3603.0,tail,,,,26.502,28.092,28.092,,25.125,2.967,
2026-10-03 03:32:05,3604.0,tail,,,,26.48,28.24,28.24,,25.125,3.115,
2026-10-03 03:32:06,3605.0,tail,,,,26.49,28.114,28.114,,25.125,2.989,
2026-10-03 03:32:07,3606.0,tail,,,,26.53,28.1,28.1,,25.125,2.975,
2026-10-03 03:32:08,3607.0,tail,,,,26.482,28.132,28.132,,25.125,3.007,
2026-10-03 03:32:09,3608.0,tail,,,,26.514,28.166,28.166,,25.125,3.041,
2026-10-03 03:32:10,3609.0,tail,,,,26.472,28.138,28.138,,25.125,3.013,
2026-10-03 03:32:11,3610.0,tail,,,,26.506,28.042,28.042,,25.125,2.917,
2026-10-03 03:32:12,3611.0,tail,,,,26.488,28.054,28.054,,25.125,2.929,
2026-10-03 03:32:13,3612.0,tail,,,,26.542,28.04,28.04,,25.125,2.915,
2026-10-03 03:32:14,3613.0,tail,,,,26.426,27.996,27.996,,25.125,2.871,
2026-10-03 03:32:15,3614.0,tail,,,,26.572,28.056,28.056,,25.062,2.994,
2026-10-03 03:32:16,3615.0,tail,,,,26.554,28.01,28.01,,25.062,2.948,
2026-10-03 03:32:17,3616.0,tail,,,,26.492,28.022,28.022,,25.125,2.897,
2026-10-03 03:32:18,3617.0,tail,,,,26.454,28.066,28.066,,25.125,2.941,
2026-10-03 03:32:19,3618.0,tail,,,,26.518,28.054,28.054,,25.062,2.992,
2026-10-03 03:32:20,3619.0,tail,,,,26.498,28.114,28.114,,25.062,3.052,
2026-10-03 03:32:21,3620.0,tail,,,,26.548,28.074,28.074,,25.125,2.949,
2026-10-03 03:32:22,3621.0,tail,,,,26.51,28.054,28.054,,25.125,2.929,
2026-10-03 03:32:23,3622.0,tail,,,,26.532,28.15,28.15,,25.062,3.088,
2026-10-03 03:32:24,3623.0,tail,,,,26.482,28.142,28.142,,25.062,3.08,
2026-10-03 03:32:25,3624.0,tail,,,,26.54,27.996,27.996,,25.062,2.934,
2026-10-03 03:32:26,3625.0,tail,,,,26.522,28.048,28.048,,25.062,2.986,
2026-10-03 03:32:27,3626.0,tail,,,,26.478,27.994,27.994,,25.062,2.932,
2026-10-03 03:32:28,3627.0,tail,,,,26.452,28.034,28.034,,25.125,2.909,
2026-10-03 03:32:29,3628.0,tail,,,,26.438,28.036,28.036,,25.125,2.911,
2026-10-03 03:32:30,3629.0,tail,,,,26.46,28.036,28.036,,25.062,2.974,
2026-10-03 03:32:31,3630.0,tail,,,,26.486,28.054,28.054,,25.062,2.992,
2026-10-03 03:32:32,3631.0,tail,,,,26.5,28.076,28.076,,25.062,3.014,
2026-10-03 03:32:33,3632.0,tail,,,,26.426,28.026,28.026,,25.062,2.964,
2026-10-03 03:32:34,3633.0,tail,,,,26.582,28.086,28.086,,25.062,3.024,
2026-10-03 03:32:35,3634.0,tail,,,,26.52,28.07,28.07,,25.062,3.008,
2026-10-03 03:32:36,3635.0,tail,,,,26.548,28.112,28.112,,25.062,3.05,
2026-10-03 03:32:37,3636.0,tail,,,,26.498,28.066,28.066,,25.062,3.004,
2026-10-03 03:32:38,3637.0,tail,,,,26.492,28.058,28.058,,25.062,2.996,
2026-10-03 03:32:39,3638.0,tail,,,,26.478,28.184,28.184,,25.062,3.122,
2026-10-03 03:32:40,3639.0,tail,,,,26.48,28.036,28.036,,25.062,2.974,
2026-10-03 03:32:41,3640.0,tail,,,,26.566,27.952,27.952,,25.062,2.89,
2026-10-03 03:32:42,3641.0,tail,,,,26.454,28.016,28.016,,25.062,2.954,
2026-10-03 03:32:43,3642.0,tail,,,,26.434,28.048,28.048,,25.062,2.986,
2026-10-03 03:32:44,3643.0,tail,,,,26.512,28.096,28.096,,25.062,3.034,
2026-10-03 03:32:45,3644.0,tail,,,,26.566,28.046,28.046,,25.062,2.984,
2026-10-03 03:32:46,3645.0,tail,,,,26.51,28.062,28.062,,25.062,3.0,
2026-10-03 03:32:47,3646.0,tail,,,,26.472,27.968,27.968,,25.062,2.906,
2026-10-03 03:32:48,3647.0,tail,,,,26.452,28.064,28.064,,25.062,3.002,
2026-10-03 03:32:49,3648.0,tail,,,,26.532,27.992,27.992,,25.062,2.93,
2026-10-03 03:32:50,3649.0,tail,,,,26.536,28.084,28.084,,25.062,3.022,
2026-10-03 03:32:51,3650.0,tail,,,,26.498,28.03,28.03,,25.062,2.968,
2026-10-03 03:32:52,3651.0,tail,,,,26.448,28.044,28.044,,25.062,2.982,
2026-10-03 03:32:53,3652.0,tail,,,,26.462,28.02,28.02,,25.062,2.958,
2026-10-03 03:32:54,3653.0,tail,,,,26.484,28.016,28.016,,25.062,2.954,
2026-10-03 03:32:55,3654.0,tail,,,,26.456,28.074,28.074,,25.062,3.012,
2026-10-03 03:32:56,3655.0,tail,,,,26.478,28.008,28.008,,25.062,2.946,
2026-10-03 03:32:57,3656.0,tail,,,,26.512,28.038,28.038,,25.062,2.976,
2026-10-03 03:32:58,3657.0,tail,,,,26.546,28.04,28.04,,25.062,2.978,
2026-10-03 03:32:59,3658.0,tail,,,,26.48,28.012,28.012,,25.062,2.95,
2026-10-03 03:33:00,3659.0,tail,,,,26.538,28.026,28.026,,25.062,2.964,
2026-10-03 03:33:01,3660.0,tail,,,,26.53,28.074,28.074,,25.062,3.012,
2026-10-03 03:33:02,3661.0,tail,,,,26.494,28.004,28.004,,25.062,2.942,
2026-10-03 03:33:03,3662.0,tail,,,,26.424,28.05,28.05,,25.062,2.988,
2026-10-03 03:33:04,3663.0,tail,,,,26.44,28.02,28.02,,25.062,2.958,
2026-10-03 03:33:05,3664.0,tail,,,,26.444,28.15,28.15,,25.062,3.088,
2026-10-03 03:33:06,3665.0,tail,,,,26.462,28.108,28.108,,25.062,3.046,
2026-10-03 03:33:07,3666.0,tail,,,,26.452,28.018,28.018,,25.062,2.956,
2026-10-03 03:33:08,3667.0,tail,,,,26.502,28.002,28.002,,25.062,2.94,
2026-10-03 03:33:09,3668.0,tail,,,,26.53,27.902,27.902,,25.062,2.84,
2026-10-03 03:33:10,3669.0,tail,,,,26.444,27.924,27.924,,25.062,2.862,
2026-10-03 03:33:11,3670.0,tail,,,,26.416,27.97,27.97,,25.062,2.908,
2026-10-03 03:33:12,3671.0,tail,,,,26.536,27.92,27.92,,25.062,2.858,
2026-10-03 03:33:13,3672.0,tail,,,,26.444,27.912,27.912,,25.062,2.85,
2026-10-03 03:33:14,3673.0,tail,,,,26.448,27.912,27.912,,25.062,2.85,
2026-10-03 03:33:15,3674.0,tail,,,,26.37,27.948,27.948,,25.062,2.886,
2026-10-03 03:33:16,3675.0,tail,,,,26.48,28.022,28.022,,25.062,2.96,
2026-10-03 03:33:17,3676.0,tail,,,,26.422,27.93,27.93,,25.062,2.868,
2026-10-03 03:33:18,3677.0,tail,,,,26.386,27.944,27.944,,25.062,2.882,
2026-10-03 03:33:19,3678.0,tail,,,,26.446,27.946,27.946,,25.062,2.884,
2026-10-03 03:33:20,3679.0,tail,,,,26.36,27.832,27.832,,25.062,2.77,
2026-10-03 03:33:21,3680.0,tail,,,,26.444,27.908,27.908,,25.062,2.846,
2026-10-03 03:33:22,3681.0,tail,,,,26.396,27.898,27.898,,25.062,2.836,
2026-10-03 03:33:23,3682.0,tail,,,,26.428,27.988,27.988,,25.062,2.926,
2026-10-03 03:33:24,3683.0,tail,,,,26.466,27.864,27.864,,25.062,2.802,
2026-10-03 03:33:25,3684.0,tail,,,,26.418,27.932,27.932,,25.062,2.87,
2026-10-03 03:33:26,3685.0,tail,,,,26.516,27.966,27.966,,25.062,2.904,
2026-10-03 03:33:27,3686.0,tail,,,,26.426,27.914,27.914,,25.062,2.852,
2026-10-03 03:33:28,3687.0,tail,,,,26.414,27.894,27.894,,25.062,2.832,
2026-10-03 03:33:29,3688.0,tail,,,,26.438,27.966,27.966,,25.062,2.904,
2026-10-03 03:33:30,3689.0,tail,,,,26.38,27.87,27.87,,25.062,2.808,
2026-10-03 03:33:31,3690.0,tail,,,,26.4,27.828,27.828,,25.062,2.766,
2026-10-03 03:33:32,3691.0,tail,,,,26.37,27.85,27.85,,25.062,2.788,
2026-10-03 03:33:33,3692.0,tail,,,,26.472,27.804,27.804,,25.062,2.742,
2026-10-03 03:33:34,3693.0,tail,,,,26.478,27.782,27.782,,25.062,2.72,
2026-10-03 03:33:35,3694.0,tail,,,,26.346,27.792,27.792,,25.062,2.73,
2026-10-03 03:33:36,3695.0,tail,,,,26.426,27.866,27.866,,25.062,2.804,
2026-10-03 03:33:37,3696.0,tail,,,,26.474,27.822,27.822,,25.062,2.76,
2026-10-03 03:33:38,3697.0,tail,,,,26.432,27.87,27.87,,25.062,2.808,
2026-10-03 03:33:39,3698.0,tail,,,,26.386,27.848,27.848,,25.062,2.786,
2026-10-03 03:33:40,3699.0,tail,,,,26.394,27.912,27.912,,25.062,2.85,
2026-10-03 03:33:41,3700.0,tail,,,,26.422,27.868,27.868,,25.062,2.806,
2026-10-03 03:33:42,3701.0,tail,,,,26.402,27.856,27.856,,25.062,2.794,
2026-10-03 03:33:43,3702.0,tail,,,,26.39,27.874,27.874,,25.062,2.812,
2026-10-03 03:33:44,3703.0,tail,,,,26.39,27.91,27.91,,25.062,2.848,
2026-10-03 03:33:45,3704.0,tail,,,,26.416,27.884,27.884,,25.062,2.822,
2026-10-03 03:33:46,3705.0,tail,,,,26.484,27.98,27.98,,25.062,2.918,
2026-10-03 03:33:47,3706.0,tail,,,,26.462,27.992,27.992,,25.062,2.93,
2026-10-03 03:33:48,3707.0,tail,,,,26.456,27.978,27.978,,25.062,2.916,
2026-10-03 03:33:49,3708.0,tail,,,,26.482,28.034,28.034,,25.062,2.972,
2026-10-03 03:33:50,3709.0,tail,,,,26.448,27.992,27.992,,25.062,2.93,
2026-10-03 03:33:51,3710.0,tail,,,,26.412,27.968,27.968,,25.062,2.906,
2026-10-03 03:33:52,3711.0,tail,,,,26.448,27.97,27.97,,25.062,2.908,
2026-10-03 03:33:53,3712.0,tail,,,,26.442,28.0,28.0,,25.062,2.938,
2026-10-03 03:33:54,3713.0,tail,,,,26.36,27.928,27.928,,25.062,2.866,
2026-10-03 03:33:55,3714.0,tail,,,,26.35,27.952,27.952,,25.062,2.89,
2026-10-03 03:33:56,3715.0,tail,,,,26.42,27.954,27.954,,25.062,2.892,
2026-10-03 03:33:57,3716.0,tail,,,,26.366,27.904,27.904,,25.062,2.842,
2026-10-03 03:33:58,3717.0,tail,,,,26.416,27.89,27.89,,25.062,2.828,
2026-10-03 03:33:59,3718.0,tail,,,,26.466,27.904,27.904,,25.062,2.842,
2026-10-03 03:34:00,3719.0,tail,,,,26.418,27.892,27.892,,25.062,2.83,
2026-10-03 03:34:01,3720.0,tail,,,,26.44,27.91,27.91,,25.062,2.848,
2026-10-03 03:34:02,3721.0,tail,,,,26.4,27.966,27.966,,25.062,2.904,
2026-10-03 03:34:03,3722.0,tail,,,,26.412,28.05,28.05,,25.062,2.988,
2026-10-03 03:34:04,3723.0,tail,,,,26.37,28.016,28.016,,25.062,2.954,
2026-10-03 03:34:05,3724.0,tail,,,,26.372,27.978,27.978,,25.062,2.916,
2026-10-03 03:34:06,3725.0,tail,,,,26.424,27.918,27.918,,25.062,2.856,
2026-10-03 03:34:07,3726.0,tail,,,,26.434,27.916,27.916,,25.062,2.854,
2026-10-03 03:34:08,3727.0,tail,,,,26.464,27.914,27.914,,25.062,2.852,
2026-10-03 03:34:09,3728.0,tail,,,,26.406,27.99,27.99,,25.062,2.928,
2026-10-03 03:34:10,3729.0,tail,,,,26.346,27.912,27.912,,25.062,2.85,
2026-10-03 03:34:11,3730.0,tail,,,,26.354,27.97,27.97,,25.062,2.908,
2026-10-03 03:34:12,3731.0,tail,,,,26.346,27.962,27.962,,25.062,2.9,
2026-10-03 03:34:13,3732.0,tail,,,,26.49,27.948,27.948,,25.062,2.886,
2026-10-03 03:34:14,3733.0,tail,,,,26.352,27.954,27.954,,25.062,2.892,
2026-10-03 03:34:15,3734.0,tail,,,,26.36,27.988,27.988,,25.062,2.926,
2026-10-03 03:34:16,3735.0,tail,,,,26.342,28.03,28.03,,25.062,2.968,
2026-10-03 03:34:17,3736.0,tail,,,,26.392,28.004,28.004,,25.062,2.942,
2026-10-03 03:34:18,3737.0,tail,,,,26.46,28.01,28.01,,25.062,2.948,
2026-10-03 03:34:19,3738.0,tail,,,,26.454,28.022,28.022,,25.062,2.96,
2026-10-03 03:34:20,3739.0,tail,,,,26.38,27.982,27.982,,25.062,2.92,
2026-10-03 03:34:21,3740.0,tail,,,,26.426,27.97,27.97,,25.062,2.908,
2026-10-03 03:34:22,3741.0,tail,,,,26.42,27.924,27.924,,25.062,2.862,
2026-10-03 03:34:23,3742.0,tail,,,,26.368,28.002,28.002,,25.062,2.94,
2026-10-03 03:34:24,3743.0,tail,,,,26.37,27.868,27.868,,25.062,2.806,
2026-10-03 03:34:25,3744.0,tail,,,,26.41,27.998,27.998,,25.062,2.936,
2026-10-03 03:34:26,3745.0,tail,,,,26.366,27.796,27.796,,25.062,2.734,
2026-10-03 03:34:27,3746.0,tail,,,,26.29,27.802,27.802,,25.062,2.74,
2026-10-03 03:34:28,3747.0,tail,,,,26.38,27.782,27.782,,25.062,2.72,
2026-10-03 03:34:29,3748.0,tail,,,,26.378,27.704,27.704,,25.062,2.642,
2026-10-03 03:34:30,3749.0,tail,,,,26.368,27.762,27.762,,25.062,2.7,
2026-10-03 03:34:31,3750.0,tail,,,,26.426,27.804,27.804,,25.062,2.742,
2026-10-03 03:34:32,3751.0,tail,,,,26.388,27.862,27.862,,25.062,2.8,
2026-10-03 03:34:33,3752.0,tail,,,,26.38,27.888,27.888,,25.062,2.826,
2026-10-03 03:34:34,3753.0,tail,,,,26.36,27.848,27.848,,25.062,2.786,
2026-10-03 03:34:35,3754.0,tail,,,,26.452,27.872,27.872,,25.062,2.81,
2026-10-03 03:34:36,3755.0,tail,,,,26.402,27.758,27.758,,25.062,2.696,
2026-10-03 03:34:37,3756.0,tail,,,,26.376,27.716,27.716,,25.062,2.654,
2026-10-03 03:34:38,3757.0,tail,,,,26.336,27.802,27.802,,25.062,2.74,
2026-10-03 03:34:39,3758.0,tail,,,,26.336,27.906,27.906,,25.062,2.844,
2026-10-03 03:34:40,3759.0,tail,,,,26.348,27.852,27.852,,25.062,2.79,
2026-10-03 03:34:41,3760.0,tail,,,,26.454,27.846,27.846,,25.062,2.784,
2026-10-03 03:34:42,3761.0,tail,,,,26.356,28.002,28.002,,25.062,2.94,
2026-10-03 03:34:43,3762.0,tail,,,,26.282,27.982,27.982,,25.062,2.92,
2026-10-03 03:34:44,3763.0,tail,,,,26.354,27.936,27.936,,25.062,2.874,
2026-10-03 03:34:45,3764.0,tail,,,,26.344,27.912,27.912,,25.062,2.85,
2026-10-03 03:34:46,3765.0,tail,,,,26.338,27.922,27.922,,25.062,2.86,
2026-10-03 03:34:47,3766.0,tail,,,,26.34,27.986,27.986,,25.062,2.924,
2026-10-03 03:34:48,3767.0,tail,,,,26.416,27.868,27.868,,25.062,2.806,
2026-10-03 03:34:49,3768.0,tail,,,,26.368,27.92,27.92,,25.062,2.858,
2026-10-03 03:34:50,3769.0,tail,,,,26.426,27.966,27.966,,25.062,2.904,
2026-10-03 03:34:51,3770.0,tail,,,,26.3,27.904,27.904,,25.062,2.842,
2026-10-03 03:34:52,3771.0,tail,,,,26.298,27.902,27.902,,25.062,2.84,
2026-10-03 03:34:53,3772.0,tail,,,,26.37,27.91,27.91,,25.062,2.848,
2026-10-03 03:34:54,3773.0,tail,,,,26.404,27.882,27.882,,25.062,2.82,
2026-10-03 03:34:55,3774.0,tail,,,,26.312,27.83,27.83,,25.062,2.768,
2026-10-03 03:34:56,3775.0,tail,,,,26.318,27.774,27.774,,25.062,2.712,
2026-10-03 03:34:57,3776.0,tail,,,,26.332,27.806,27.806,,25.062,2.744,
2026-10-03 03:34:58,3777.0,tail,,,,26.318,27.736,27.736,,25.062,2.674,
2026-10-03 03:34:59,3778.0,tail,,,,26.306,27.686,27.686,,25.062,2.624,
2026-10-03 03:35:00,3779.0,tail,,,,26.42,27.776,27.776,,25.062,2.714,
2026-10-03 03:35:01,3780.0,tail,,,,26.332,27.668,27.668,,25.062,2.606,
2026-10-03 03:35:02,3781.0,tail,,,,26.334,27.802,27.802,,25.062,2.74,
2026-10-03 03:35:03,3782.0,tail,,,,26.358,27.75,27.75,,25.062,2.688,
2026-10-03 03:35:04,3783.0,tail,,,,26.258,27.818,27.818,,25.062,2.756,
2026-10-03 03:35:05,3784.0,tail,,,,26.35,27.644,27.644,,25.062,2.582,
2026-10-03 03:35:06,3785.0,tail,,,,26.292,27.688,27.688,,25.062,2.626,
2026-10-03 03:35:07,3786.0,tail,,,,26.348,27.712,27.712,,25.062,2.65,
2026-10-03 03:35:08,3787.0,tail,,,,26.32,27.656,27.656,,25.062,2.594,
2026-10-03 03:35:09,3788.0,tail,,,,26.406,27.686,27.686,,25.062,2.624,
2026-10-03 03:35:10,3789.0,tail,,,,26.282,27.844,27.844,,25.062,2.782,
2026-10-03 03:35:11,3790.0,tail,,,,26.406,27.814,27.814,,25.062,2.752,
2026-10-03 03:35:12,3791.0,tail,,,,26.24,27.766,27.766,,25.062,2.704,
2026-10-03 03:35:13,3792.0,tail,,,,26.288,27.822,27.822,,25.062,2.76,
2026-10-03 03:35:14,3793.0,tail,,,,26.296,27.794,27.794,,25.062,2.732,
2026-10-03 03:35:15,3794.0,tail,,,,26.272,27.858,27.858,,25.062,2.796,
2026-10-03 03:35:16,3795.0,tail,,,,26.348,27.888,27.888,,25.062,2.826,
2026-10-03 03:35:17,3796.0,tail,,,,26.346,27.784,27.784,,25.062,2.722,
2026-10-03 03:35:18,3797.0,tail,,,,26.32,27.87,27.87,,25.062,2.808,
2026-10-03 03:35:19,3798.0,tail,,,,26.302,27.852,27.852,,25.062,2.79,
2026-10-03 03:35:20,3799.0,tail,,,,26.388,27.854,27.854,,25.062,2.792,
2026-10-03 03:35:21,3800.0,tail,,,,26.3,27.854,27.854,,25.062,2.792,
2026-10-03 03:35:22,3801.0,tail,,,,26.322,27.808,27.808,,25.062,2.746,
2026-10-03 03:35:23,3802.0,tail,,,,26.348,27.748,27.748,,25.062,2.686,
2026-10-03 03:35:24,3803.0,tail,,,,26.31,27.762,27.762,,25.062,2.7,
2026-10-03 03:35:25,3804.0,tail,,,,26.276,27.79,27.79,,25.062,2.728,
2026-10-03 03:35:26,3805.0,tail,,,,26.304,27.72,27.72,,25.062,2.658,
2026-10-03 03:35:27,3806.0,tail,,,,26.354,27.722,27.722,,25.062,2.66,
2026-10-03 03:35:28,3807.0,tail,,,,26.324,27.65,27.65,,25.062,2.588,
2026-10-03 03:35:29,3808.0,tail,,,,26.258,27.664,27.664,,25.062,2.602,
2026-10-03 03:35:30,3809.0,tail,,,,26.27,27.692,27.692,,25.062,2.63,
2026-10-03 03:35:31,3810.0,tail,,,,26.214,27.686,27.686,,25.062,2.624,
2026-10-03 03:35:32,3811.0,tail,,,,26.296,27.626,27.626,,25.062,2.564,
2026-10-03 03:35:33,3812.0,tail,,,,26.312,27.678,27.678,,25.062,2.616,
2026-10-03 03:35:34,3813.0,tail,,,,26.364,27.664,27.664,,25.062,2.602,
2026-10-03 03:35:35,3814.0,tail,,,,26.318,27.712,27.712,,25.062,2.65,
2026-10-03 03:35:36,3815.0,tail,,,,26.264,27.608,27.608,,25.062,2.546,
2026-10-03 03:35:37,3816.0,tail,,,,26.254,27.702,27.702,,25.062,2.64,
2026-10-03 03:35:38,3817.0,tail,,,,26.29,27.704,27.704,,25.062,2.642,
2026-10-03 03:35:39,3818.0,tail,,,,26.296,27.732,27.732,,25.062,2.67,
2026-10-03 03:35:40,3819.0,tail,,,,26.332,27.692,27.692,,25.062,2.63,
2026-10-03 03:35:41,3820.0,tail,,,,26.232,27.74,27.74,,25.062,2.678,
2026-10-03 03:35:42,3821.0,tail,,,,26.218,27.648,27.648,,25.062,2.586,
2026-10-03 03:35:43,3822.0,tail,,,,26.24,27.686,27.686,,25.062,2.624,
2026-10-03 03:35:44,3823.0,tail,,,,26.234,27.644,27.644,,25.062,2.582,
2026-10-03 03:35:45,3824.0,tail,,,,26.242,27.73,27.73,,25.062,2.668,
2026-10-03 03:35:46,3825.0,tail,,,,26.25,27.71,27.71,,25.062,2.648,
2026-10-03 03:35:47,3826.0,tail,,,,26.304,27.756,27.756,,25.062,2.694,
2026-10-03 03:35:48,3827.0,tail,,,,26.292,27.716,27.716,,25.062,2.654,
2026-10-03 03:35:49,3828.0,tail,,,,26.274,27.704,27.704,,25.062,2.642,
2026-10-03 03:35:50,3829.0,tail,,,,26.32,27.854,27.854,,25.062,2.792,
2026-10-03 03:35:51,3830.0,tail,,,,26.322,27.738,27.738,,25.062,2.676,
2026-10-03 03:35:52,3831.0,tail,,,,26.294,27.838,27.838,,25.062,2.776,
2026-10-03 03:35:53,3832.0,tail,,,,26.338,27.836,27.836,,25.062,2.774,
2026-10-03 03:35:54,3833.0,tail,,,,26.236,27.828,27.828,,25.062,2.766,
2026-10-03 03:35:55,3834.0,tail,,,,26.24,27.824,27.824,,25.062,2.762,
2026-10-03 03:35:56,3835.0,tail,,,,26.234,27.762,27.762,,25.062,2.7,
2026-10-03 03:35:57,3836.0,tail,,,,26.314,27.758,27.758,,25.062,2.696,
2026-10-03 03:35:58,3837.0,tail,,,,26.278,27.87,27.87,,25.062,2.808,
2026-10-03 03:35:59,3838.0,tail,,,,26.268,27.794,27.794,,25.062,2.732,
2026-10-03 03:36:00,3839.0,tail,,,,26.272,27.752,27.752,,25.062,2.69,
2026-10-03 03:36:01,3840.0,tail,,,,26.288,27.778,27.778,,25.062,2.716,
2026-10-03 03:36:02,3841.0,tail,,,,26.196,27.656,27.656,,25.062,2.594,
2026-10-03 03:36:03,3842.0,tail,,,,26.266,27.68,27.68,,25.062,2.618,
2026-10-03 03:36:04,3843.0,tail,,,,26.288,27.62,27.62,,25.062,2.558,
2026-10-03 03:36:05,3844.0,tail,,,,26.282,27.616,27.616,,25.062,2.554,
2026-10-03 03:36:06,3845.0,tail,,,,26.224,27.662,27.662,,25.062,2.6,
2026-10-03 03:36:07,3846.0,tail,,,,26.27,27.58,27.58,,25.062,2.518,
2026-10-03 03:36:08,3847.0,tail,,,,26.326,27.69,27.69,,25.062,2.628,
2026-10-03 03:36:09,3848.0,tail,,,,26.342,27.66,27.66,,25.062,2.598,
2026-10-03 03:36:10,3849.0,tail,,,,26.236,27.762,27.762,,25.062,2.7,
2026-10-03 03:36:11,3850.0,tail,,,,26.344,27.744,27.744,,25.062,2.682,
2026-10-03 03:36:12,3851.0,tail,,,,26.256,27.706,27.706,,25.062,2.644,
2026-10-03 03:36:13,3852.0,tail,,,,26.186,27.69,27.69,,25.062,2.628,
2026-10-03 03:36:14,3853.0,tail,,,,26.306,27.636,27.636,,25.062,2.574,
2026-10-03 03:36:15,3854.0,tail,,,,26.206,27.556,27.556,,25.062,2.494,
2026-10-03 03:36:16,3855.0,tail,,,,26.274,27.53,27.53,,25.062,2.468,
2026-10-03 03:36:17,3856.0,tail,,,,26.208,27.618,27.618,,25.062,2.556,
2026-10-03 03:36:18,3857.0,tail,,,,26.292,27.528,27.528,,25.062,2.466,
2026-10-03 03:36:19,3858.0,tail,,,,26.266,27.578,27.578,,25.062,2.516,
2026-10-03 03:36:20,3859.0,tail,,,,26.232,27.614,27.614,,25.062,2.552,
2026-10-03 03:36:21,3860.0,tail,,,,26.278,27.742,27.742,,25.062,2.68,
2026-10-03 03:36:22,3861.0,tail,,,,26.26,27.728,27.728,,25.062,2.666,
2026-10-03 03:36:23,3862.0,tail,,,,26.266,27.712,27.712,,25.062,2.65,
2026-10-03 03:36:24,3863.0,tail,,,,26.258,27.738,27.738,,25.062,2.676,
2026-10-03 03:36:25,3864.0,tail,,,,26.17,27.664,27.664,,25.062,2.602,
2026-10-03 03:36:26,3865.0,tail,,,,26.274,27.636,27.636,,25.0,2.636,
2026-10-03 03:36:27,3866.0,tail,,,,26.326,27.624,27.624,,25.0,2.624,
2026-10-03 03:36:28,3867.0,tail,,,,26.258,27.6,27.6,,25.062,2.538,
2026-10-03 03:36:29,3868.0,tail,,,,26.232,27.534,27.534,,25.062,2.472,
2026-10-03 03:36:30,3869.0,tail,,,,26.182,27.526,27.526,,25.062,2.464,
2026-10-03 03:36:31,3870.0,tail,,,,26.242,27.57,27.57,,25.062,2.508,
2026-10-03 03:36:32,3871.0,tail,,,,26.264,27.56,27.56,,25.062,2.498,
2026-10-03 03:36:33,3872.0,tail,,,,26.29,27.582,27.582,,25.062,2.52,
2026-10-03 03:36:34,3873.0,tail,,,,26.26,27.542,27.542,,25.062,2.48,
2026-10-03 03:36:35,3874.0,tail,,,,26.268,27.56,27.56,,25.062,2.498,
2026-10-03 03:36:36,3875.0,tail,,,,26.234,27.694,27.694,,25.062,2.632,
2026-10-03 03:36:37,3876.0,tail,,,,26.224,27.556,27.556,,25.062,2.494,
2026-10-03 03:36:38,3877.0,tail,,,,26.282,27.71,27.71,,25.062,2.648,
2026-10-03 03:36:39,3878.0,tail,,,,26.26,27.722,27.722,,25.0,2.722,
2026-10-03 03:36:40,3879.0,tail,,,,26.278,27.644,27.644,,25.0,2.644,
2026-10-03 03:36:41,3880.0,tail,,,,26.204,27.674,27.674,,25.062,2.612,
2026-10-03 03:36:42,3881.0,tail,,,,26.282,27.684,27.684,,25.062,2.622,
2026-10-03 03:36:43,3882.0,tail,,,,26.19,27.674,27.674,,25.062,2.612,
2026-10-03 03:36:44,3883.0,tail,,,,26.308,27.73,27.73,,25.062,2.668,
2026-10-03 03:36:45,3884.0,tail,,,,26.182,27.654,27.654,,25.062,2.592,
2026-10-03 03:36:46,3885.0,tail,,,,26.294,27.67,27.67,,25.0,2.67,
2026-10-03 03:36:47,3886.0,tail,,,,26.278,27.776,27.776,,25.0,2.776,
2026-10-03 03:36:48,3887.0,tail,,,,26.28,27.692,27.692,,25.062,2.63,
2026-10-03 03:36:49,3888.0,tail,,,,26.3,27.674,27.674,,25.062,2.612,
2026-10-03 03:36:50,3889.0,tail,,,,26.234,27.68,27.68,,25.0,2.68,
2026-10-03 03:36:51,3890.0,tail,,,,26.216,27.648,27.648,,25.0,2.648,
2026-10-03 03:36:52,3891.0,tail,,,,26.156,27.652,27.652,,25.0,2.652,
2026-10-03 03:36:53,3892.0,tail,,,,26.228,27.596,27.596,,25.0,2.596,
2026-10-03 03:36:54,3893.0,tail,,,,26.262,27.52,27.52,,25.0,2.52,
2026-10-03 03:36:55,3894.0,tail,,,,26.182,27.468,27.468,,25.0,2.468,
2026-10-03 03:36:56,3895.0,tail,,,,26.196,27.514,27.514,,25.0,2.514,
2026-10-03 03:36:57,3896.0,tail,,,,26.226,27.524,27.524,,25.0,2.524,
2026-10-03 03:36:58,3897.0,tail,,,,26.286,27.48,27.48,,25.0,2.48,
2026-10-03 03:36:59,3898.0,tail,,,,26.258,27.524,27.524,,25.0,2.524,
2026-10-03 03:37:00,3899.0,tail,,,,26.174,27.408,27.408,,25.0,2.408,
2026-10-03 03:37:01,3900.0,tail,,,,26.198,27.496,27.496,,25.0,2.496,
2026-10-03 03:37:02,3901.0,tail,,,,26.23,27.438,27.438,,25.0,2.438,
2026-10-03 03:37:03,3902.0,tail,,,,26.174,27.436,27.436,,25.0,2.436,
2026-10-03 03:37:04,3903.0,tail,,,,26.158,27.494,27.494,,25.0,2.494,
2026-10-03 03:37:05,3904.0,tail,,,,26.194,27.508,27.508,,25.0,2.508,
2026-10-03 03:37:06,3905.0,tail,,,,26.144,27.542,27.542,,25.0,2.542,
2026-10-03 03:37:07,3906.0,tail,,,,26.272,27.53,27.53,,25.0,2.53,
2026-10-03 03:37:08,3907.0,tail,,,,26.246,27.472,27.472,,25.0,2.472,
2026-10-03 03:37:09,3908.0,tail,,,,26.172,27.54,27.54,,25.0,2.54,
2026-10-03 03:37:10,3909.0,tail,,,,26.238,27.484,27.484,,25.0,2.484,
2026-10-03 03:37:11,3910.0,tail,,,,26.278,27.474,27.474,,25.0,2.474,
2026-10-03 03:37:12,3911.0,tail,,,,26.22,27.534,27.534,,25.0,2.534,
2026-10-03 03:37:13,3912.0,tail,,,,26.2,27.548,27.548,,25.0,2.548,
2026-10-03 03:37:14,3913.0,tail,,,,26.236,27.556,27.556,,25.0,2.556,
2026-10-03 03:37:15,3914.0,tail,,,,26.202,27.564,27.564,,25.0,2.564,
2026-10-03 03:37:16,3915.0,tail,,,,26.182,27.572,27.572,,25.0,2.572,
2026-10-03 03:37:17,3916.0,tail,,,,26.25,27.624,27.624,,25.0,2.624,
2026-10-03 03:37:18,3917.0,tail,,,,26.174,27.59,27.59,,25.0,2.59,
2026-10-03 03:37:19,3918.0,tail,,,,26.246,27.668,27.668,,25.0,2.668,
2026-10-03 03:37:20,3919.0,tail,,,,26.154,27.766,27.766,,25.0,2.766,
2026-10-03 03:37:21,3920.0,tail,,,,26.266,27.722,27.722,,25.0,2.722,
2026-10-03 03:37:22,3921.0,tail,,,,26.224,27.742,27.742,,25.0,2.742,
2026-10-03 03:37:23,3922.0,tail,,,,26.188,27.74,27.74,,25.0,2.74,
2026-10-03 03:37:24,3923.0,tail,,,,26.164,27.666,27.666,,25.0,2.666,
2026-10-03 03:37:25,3924.0,tail,,,,26.226,27.602,27.602,,25.0,2.602,
2026-10-03 03:37:26,3925.0,tail,,,,26.216,27.62,27.62,,25.0,2.62,
2026-10-03 03:37:27,3926.0,tail,,,,26.168,27.524,27.524,,25.0,2.524,
2026-10-03 03:37:28,3927.0,tail,,,,26.21,27.482,27.482,,25.0,2.482,
2026-10-03 03:37:29,3928.0,tail,,,,26.194,27.454,27.454,,25.0,2.454,
2026-10-03 03:37:30,3929.0,tail,,,,26.168,27.496,27.496,,25.0,2.496,
2026-10-03 03:37:31,3930.0,tail,,,,26.234,27.49,27.49,,25.0,2.49,
2026-10-03 03:37:32,3931.0,tail,,,,26.204,27.52,27.52,,25.0,2.52,
2026-10-03 03:37:33,3932.0,tail,,,,26.146,27.486,27.486,,25.062,2.424,
2026-10-03 03:37:34,3933.0,tail,,,,26.212,27.48,27.48,,25.062,2.418,
2026-10-03 03:37:35,3934.0,tail,,,,26.27,27.458,27.458,,25.0,2.458,
2026-10-03 03:37:36,3935.0,tail,,,,26.24,27.584,27.584,,25.0,2.584,
2026-10-03 03:37:37,3936.0,tail,,,,26.206,27.466,27.466,,25.0,2.466,
2026-10-03 03:37:38,3937.0,tail,,,,26.222,27.492,27.492,,25.0,2.492,
2026-10-03 03:37:39,3938.0,tail,,,,26.238,27.528,27.528,,25.0,2.528,
2026-10-03 03:37:40,3939.0,tail,,,,26.118,27.522,27.522,,25.0,2.522,
2026-10-03 03:37:41,3940.0,tail,,,,26.168,27.47,27.47,,25.0,2.47,
2026-10-03 03:37:42,3941.0,tail,,,,26.21,27.516,27.516,,25.0,2.516,
2026-10-03 03:37:43,3942.0,tail,,,,26.096,27.562,27.562,,25.0,2.562,
2026-10-03 03:37:44,3943.0,tail,,,,26.118,27.508,27.508,,25.0,2.508,
2026-10-03 03:37:45,3944.0,tail,,,,26.184,27.608,27.608,,25.0,2.608,
2026-10-03 03:37:46,3945.0,tail,,,,26.15,27.636,27.636,,25.0,2.636,
2026-10-03 03:37:47,3946.0,tail,,,,26.244,27.602,27.602,,25.0,2.602,
2026-10-03 03:37:48,3947.0,tail,,,,26.22,27.624,27.624,,25.0,2.624,
2026-10-03 03:37:49,3948.0,tail,,,,26.212,27.54,27.54,,25.0,2.54,
2026-10-03 03:37:50,3949.0,tail,,,,26.206,27.59,27.59,,25.0,2.59,
2026-10-03 03:37:51,3950.0,tail,,,,26.22,27.61,27.61,,25.0,2.61,
2026-10-03 03:37:52,3951.0,tail,,,,26.21,27.56,27.56,,25.0,2.56,
2026-10-03 03:37:53,3952.0,tail,,,,26.248,27.662,27.662,,25.062,2.6,
2026-10-03 03:37:54,3953.0,tail,,,,26.206,27.638,27.638,,25.0,2.638,
2026-10-03 03:37:55,3954.0,tail,,,,26.168,27.612,27.612,,25.0,2.612,
2026-10-03 03:37:56,3955.0,tail,,,,26.17,27.562,27.562,,25.0,2.562,
2026-10-03 03:37:57,3956.0,tail,,,,26.144,27.628,27.628,,25.0,2.628,
2026-10-03 03:37:58,3957.0,tail,,,,26.272,27.66,27.66,,25.0,2.66,
2026-10-03 03:37:59,3958.0,tail,,,,26.19,27.566,27.566,,25.0,2.566,
2026-10-03 03:38:00,3959.0,tail,,,,26.168,27.56,27.56,,25.0,2.56,
2026-10-03 03:38:01,3960.0,tail,,,,26.18,27.532,27.532,,25.0,2.532,
2026-10-03 03:38:02,3961.0,tail,,,,26.128,27.554,27.554,,25.0,2.554,
2026-10-03 03:38:03,3962.0,tail,,,,26.096,27.52,27.52,,25.0,2.52,
2026-10-03 03:38:04,3963.0,tail,,,,26.188,27.596,27.596,,25.0,2.596,
2026-10-03 03:38:05,3964.0,tail,,,,26.178,27.556,27.556,,25.0,2.556,
2026-10-03 03:38:06,3965.0,tail,,,,26.148,27.608,27.608,,25.0,2.608,
2026-10-03 03:38:07,3966.0,tail,,,,26.178,27.524,27.524,,25.0,2.524,
2026-10-03 03:38:08,3967.0,tail,,,,26.176,27.488,27.488,,25.0,2.488,
2026-10-03 03:38:09,3968.0,tail,,,,26.218,27.458,27.458,,25.0,2.458,
2026-10-03 03:38:10,3969.0,tail,,,,26.168,27.444,27.444,,25.0,2.444,
2026-10-03 03:38:11,3970.0,tail,,,,26.174,27.41,27.41,,25.0,2.41,
2026-10-03 03:38:12,3971.0,tail,,,,26.122,27.506,27.506,,25.0,2.506,
2026-10-03 03:38:13,3972.0,tail,,,,26.142,27.432,27.432,,25.0,2.432,
2026-10-03 03:38:14,3973.0,tail,,,,26.194,27.498,27.498,,25.0,2.498,
2026-10-03 03:38:15,3974.0,tail,,,,26.184,27.428,27.428,,25.0,2.428,
2026-10-03 03:38:16,3975.0,tail,,,,26.172,27.404,27.404,,25.0,2.404,
2026-10-03 03:38:17,3976.0,tail,,,,26.15,27.434,27.434,,25.0,2.434,
2026-10-03 03:38:18,3977.0,tail,,,,26.23,27.41,27.41,,25.0,2.41,
2026-10-03 03:38:19,3978.0,tail,,,,26.186,27.514,27.514,,25.0,2.514,
2026-10-03 03:38:20,3979.0,tail,,,,26.222,27.432,27.432,,25.0,2.432,
2026-10-03 03:38:21,3980.0,tail,,,,26.166,27.462,27.462,,25.0,2.462,
2026-10-03 03:38:22,3981.0,tail,,,,26.21,27.482,27.482,,25.0,2.482,
2026-10-03 03:38:23,3982.0,tail,,,,26.192,27.58,27.58,,25.0,2.58,
2026-10-03 03:38:24,3983.0,tail,,,,26.162,27.52,27.52,,25.0,2.52,
2026-10-03 03:38:25,3984.0,tail,,,,26.13,27.55,27.55,,25.0,2.55,
2026-10-03 03:38:26,3985.0,tail,,,,26.128,27.536,27.536,,25.0,2.536,
2026-10-03 03:38:27,3986.0,tail,,,,26.152,27.606,27.606,,25.0,2.606,
2026-10-03 03:38:28,3987.0,tail,,,,26.158,27.556,27.556,,25.0,2.556,
2026-10-03 03:38:29,3988.0,tail,,,,26.192,27.624,27.624,,25.0,2.624,
2026-10-03 03:38:30,3989.0,tail,,,,26.174,27.564,27.564,,25.0,2.564,
2026-10-03 03:38:31,3990.0,tail,,,,26.07,27.57,27.57,,25.0,2.57,
2026-10-03 03:38:32,3991.0,tail,,,,26.156,27.518,27.518,,25.0,2.518,
2026-10-03 03:38:33,3992.0,tail,,,,26.122,27.588,27.588,,25.0,2.588,
2026-10-03 03:38:34,3993.0,tail,,,,26.178,27.474,27.474,,25.0,2.474,
2026-10-03 03:38:35,3994.0,tail,,,,26.14,27.5,27.5,,25.0,2.5,
2026-10-03 03:38:36,3995.0,tail,,,,26.04,27.406,27.406,,25.0,2.406,
2026-10-03 03:38:37,3996.0,tail,,,,26.174,27.504,27.504,,25.0,2.504,
2026-10-03 03:38:38,3997.0,tail,,,,26.168,27.47,27.47,,25.0,2.47,
2026-10-03 03:38:39,3998.0,tail,,,,26.09,27.444,27.444,,25.062,2.382,
2026-10-03 03:38:40,3999.0,tail,,,,26.098,27.496,27.496,,25.062,2.434,
2026-10-03 03:38:41,4000.0,tail,,,,26.144,27.484,27.484,,25.0,2.484,
2026-10-03 03:38:42,4001.0,tail,,,,26.17,27.506,27.506,,25.0,2.506,
2026-10-03 03:38:43,4002.0,tail,,,,26.23,27.458,27.458,,25.0,2.458,
2026-10-03 03:38:44,4003.0,tail,,,,26.11,27.392,27.392,,25.0,2.392,
2026-10-03 03:38:45,4004.0,tail,,,,26.154,27.46,27.46,,25.0,2.46,
2026-10-03 03:38:46,4005.0,tail,,,,26.122,27.366,27.366,,25.0,2.366,
2026-10-03 03:38:47,4006.0,tail,,,,26.138,27.352,27.352,,25.0,2.352,
2026-10-03 03:38:48,4007.0,tail,,,,26.104,27.464,27.464,,25.0,2.464,
2026-10-03 03:38:49,4008.0,tail,,,,26.218,27.402,27.402,,25.0,2.402,
2026-10-03 03:38:50,4009.0,tail,,,,26.128,27.42,27.42,,25.0,2.42,
2026-10-03 03:38:51,4010.0,tail,,,,26.172,27.366,27.366,,25.0,2.366,
2026-10-03 03:38:52,4011.0,tail,,,,26.144,27.422,27.422,,25.0,2.422,
2026-10-03 03:38:53,4012.0,tail,,,,26.114,27.344,27.344,,25.0,2.344,
2026-10-03 03:38:54,4013.0,tail,,,,26.25,27.41,27.41,,25.0,2.41,
2026-10-03 03:38:55,4014.0,tail,,,,26.11,27.472,27.472,,25.0,2.472,
2026-10-03 03:38:56,4015.0,tail,,,,26.166,27.378,27.378,,25.0,2.378,
2026-10-03 03:38:57,4016.0,tail,,,,26.142,27.48,27.48,,25.0,2.48,
2026-10-03 03:38:58,4017.0,tail,,,,26.162,27.498,27.498,,25.0,2.498,
2026-10-03 03:38:59,4018.0,tail,,,,26.21,27.452,27.452,,25.0,2.452,
2026-10-03 03:39:00,4019.0,tail,,,,26.092,27.444,27.444,,25.0,2.444,
2026-10-03 03:39:01,4020.0,tail,,,,26.082,27.51,27.51,,25.0,2.51,
2026-10-03 03:39:02,4021.0,tail,,,,26.172,27.512,27.512,,25.0,2.512,
2026-10-03 03:39:03,4022.0,tail,,,,26.184,27.542,27.542,,25.0,2.542,
2026-10-03 03:39:04,4023.0,tail,,,,26.208,27.486,27.486,,25.0,2.486,
2026-10-03 03:39:05,4024.0,tail,,,,26.216,27.554,27.554,,25.0,2.554,
2026-10-03 03:39:06,4025.0,tail,,,,26.094,27.56,27.56,,25.0,2.56,
2026-10-03 03:39:07,4026.0,tail,,,,26.15,27.586,27.586,,25.0,2.586,
2026-10-03 03:39:08,4027.0,tail,,,,26.104,27.646,27.646,,25.0,2.646,
2026-10-03 03:39:09,4028.0,tail,,,,26.142,27.604,27.604,,25.0,2.604,
2026-10-03 03:39:10,4029.0,tail,,,,26.158,27.62,27.62,,25.0,2.62,
2026-10-03 03:39:11,4030.0,tail,,,,26.156,27.552,27.552,,25.0,2.552,
2026-10-03 03:39:12,4031.0,tail,,,,26.144,27.534,27.534,,25.0,2.534,
2026-10-03 03:39:13,4032.0,tail,,,,26.17,27.554,27.554,,25.0,2.554,
2026-10-03 03:39:14,4033.0,tail,,,,26.086,27.584,27.584,,25.0,2.584,
2026-10-03 03:39:15,4034.0,tail,,,,26.144,27.64,27.64,,25.0,2.64,
2026-10-03 03:39:16,4035.0,tail,,,,26.174,27.538,27.538,,25.0,2.538,
2026-10-03 03:39:17,4036.0,tail,,,,26.058,27.58,27.58,,25.0,2.58,
2026-10-03 03:39:18,4037.0,tail,,,,26.122,27.54,27.54,,25.0,2.54,
2026-10-03 03:39:19,4038.0,tail,,,,26.146,27.476,27.476,,25.0,2.476,
2026-10-03 03:39:20,4039.0,tail,,,,26.186,27.476,27.476,,25.0,2.476,
2026-10-03 03:39:21,4040.0,tail,,,,26.08,27.556,27.556,,25.0,2.556,
2026-10-03 03:39:22,4041.0,tail,,,,26.096,27.374,27.374,,25.0,2.374,
2026-10-03 03:39:23,4042.0,tail,,,,26.148,27.446,27.446,,25.0,2.446,
2026-10-03 03:39:24,4043.0,tail,,,,26.086,27.488,27.488,,25.0,2.488,
2026-10-03 03:39:25,4044.0,tail,,,,26.144,27.392,27.392,,25.0,2.392,
2026-10-03 03:39:26,4045.0,tail,,,,26.206,27.35,27.35,,25.0,2.35,
2026-10-03 03:39:27,4046.0,tail,,,,26.172,27.454,27.454,,25.0,2.454,
2026-10-03 03:39:28,4047.0,tail,,,,26.172,27.49,27.49,,25.0,2.49,
2026-10-03 03:39:29,4048.0,tail,,,,26.146,27.468,27.468,,25.0,2.468,
2026-10-03 03:39:30,4049.0,tail,,,,26.13,27.42,27.42,,25.0,2.42,
2026-10-03 03:39:31,4050.0,tail,,,,26.076,27.412,27.412,,25.0,2.412,
2026-10-03 03:39:32,4051.0,tail,,,,26.08,27.406,27.406,,25.0,2.406,
2026-10-03 03:39:33,4052.0,tail,,,,26.13,27.426,27.426,,25.0,2.426,
2026-10-03 03:39:34,4053.0,tail,,,,26.15,27.418,27.418,,25.0,2.418,
2026-10-03 03:39:35,4054.0,tail,,,,26.13,27.448,27.448,,25.0,2.448,
2026-10-03 03:39:36,4055.0,tail,,,,26.116,27.39,27.39,,25.0,2.39,
2026-10-03 03:39:37,4056.0,tail,,,,26.132,27.494,27.494,,25.0,2.494,
2026-10-03 03:39:38,4057.0,tail,,,,26.174,27.488,27.488,,25.0,2.488,
2026-10-03 03:39:39,4058.0,tail,,,,26.176,27.528,27.528,,25.0,2.528,
2026-10-03 03:39:40,4059.0,tail,,,,26.11,27.46,27.46,,25.0,2.46,
2026-10-03 03:39:41,4060.0,tail,,,,26.174,27.4,27.4,,25.0,2.4,
2026-10-03 03:39:42,4061.0,tail,,,,26.064,27.422,27.422,,25.0,2.422,
2026-10-03 03:39:43,4062.0,tail,,,,26.116,27.326,27.326,,25.0,2.326,
2026-10-03 03:39:44,4063.0,tail,,,,26.008,27.392,27.392,,25.0,2.392,
2026-10-03 03:39:45,4064.0,tail,,,,26.052,27.334,27.334,,25.0,2.334,
2026-10-03 03:39:46,4065.0,tail,,,,26.166,27.246,27.246,,25.0,2.246,
2026-10-03 03:39:47,4066.0,tail,,,,26.146,27.372,27.372,,25.0,2.372,
2026-10-03 03:39:48,4067.0,tail,,,,26.166,27.368,27.368,,25.0,2.368,
2026-10-03 03:39:49,4068.0,tail,,,,26.114,27.356,27.356,,25.0,2.356,
2026-10-03 03:39:50,4069.0,tail,,,,26.08,27.338,27.338,,25.0,2.338,
2026-10-03 03:39:51,4070.0,tail,,,,26.11,27.384,27.384,,25.0,2.384,
2026-10-03 03:39:52,4071.0,tail,,,,26.13,27.354,27.354,,25.0,2.354,
2026-10-03 03:39:53,4072.0,tail,,,,26.152,27.312,27.312,,25.0,2.312,
2026-10-03 03:39:54,4073.0,tail,,,,26.116,27.422,27.422,,25.0,2.422,
2026-10-03 03:39:55,4074.0,tail,,,,26.04,27.52,27.52,,25.0,2.52,
2026-10-03 03:39:56,4075.0,tail,,,,26.084,27.402,27.402,,25.0,2.402,
2026-10-03 03:39:57,4076.0,tail,,,,26.186,27.426,27.426,,25.0,2.426,
2026-10-03 03:39:58,4077.0,tail,,,,26.126,27.388,27.388,,25.0,2.388,
2026-10-03 03:39:59,4078.0,tail,,,,26.074,27.466,27.466,,25.0,2.466,
2026-10-03 03:40:00,4079.0,tail,,,,26.138,27.476,27.476,,25.0,2.476,
2026-10-03 03:40:01,4080.0,tail,,,,26.136,27.528,27.528,,25.0,2.528,
2026-10-03 03:40:02,4081.0,tail,,,,26.044,27.522,27.522,,25.0,2.522,
2026-10-03 03:40:03,4082.0,tail,,,,26.1,27.478,27.478,,25.0,2.478,
2026-10-03 03:40:04,4083.0,tail,,,,26.126,27.6,27.6,,25.0,2.6,
2026-10-03 03:40:05,4084.0,tail,,,,26.128,27.49,27.49,,25.0,2.49,
2026-10-03 03:40:06,4085.0,tail,,,,26.154,27.472,27.472,,25.0,2.472,
2026-10-03 03:40:07,4086.0,tail,,,,26.046,27.492,27.492,,25.0,2.492,
2026-10-03 03:40:08,4087.0,tail,,,,26.15,27.5067,27.5067,,25.0,2.5067,
2026-10-03 03:40:09,4088.0,tail,,,,,,,,25.0,,
2026-10-03 03:40:10,4089.0,tail,,,,,,,,25.0,,
